avalanche_sim	default	0x27EA	0x27EA	PASS
avalanche_sim	a16	0x27EA	0x27EA	PASS
avalanche_sim	a16xy16	0x27EA	0x27EA	PASS
boids_sim	default	0xA8AB	0xA8AB	PASS
boids_sim	a16	0xA8AB	0xA8AB	PASS
boids_sim	a16xy16	0xA8AB	0xA8AB	PASS
domcol_sim	default	0xF3FD	-	llc-fail
domcol_sim	a16	0xF3FD	0xF3FD	PASS
domcol_sim	a16xy16	0xF3FD	0xF3FD	PASS
fenwick_sim	default	0x3454	0x3454	PASS
fenwick_sim	a16	0x3454	0x3454	PASS
fenwick_sim	a16xy16	0x3454	0x3454	PASS
grid3d_sim	default	0xFCDE	0xFCDE	PASS
grid3d_sim	a16	0xFCDE	0xFCDE	PASS
grid3d_sim	a16xy16	0xFCDE	0xFCDE	PASS
jt256_sim	default	0xB8CC	0xB8CC	PASS
jt256_sim	a16	0xB8CC	0xB8CC	PASS
jt256_sim	a16xy16	0xB8CC	0xB8CC	PASS
nmitally_sim	default	0xBCE6	0xBCE6	PASS
nmitally_sim	a16	0xBCE6	0xBCE6	PASS
nmitally_sim	a16xy16	0xBCE6	0xBCE6	PASS
perlin_sim	default	0xA72D	-	llc-fail
perlin_sim	a16	0xA72D	-	llc-fail
perlin_sim	a16xy16	0xA72D	-	llc-fail
tea_sim	default	0xDF0E	0xDF0E	PASS
tea_sim	a16	0xDF0E	0xDF0E	PASS
tea_sim	a16xy16	0xDF0E	0xDF0E	PASS
