tests/add-sub.ll	mos6502	75	23facc093b5bdbd7	ce51e8b1d1f28131
tests/add-sub.ll	mosw65816	75	23facc093b5bdbd7	19766bd9bbd39cf4
tests/callee-saved-regs.ll	mos6502	26	cdcbbeb244d792b1	08d65e41a7864f42
tests/callee-saved-regs.ll	mosw65816	28	8db41f1ae01586bb	4916bec189f1300d
tests/char-stats-norecurse.ll	mos6502	117	3cd84cf1ca50f158	99f531d93dc0067a
tests/char-stats-norecurse.ll	mosw65816	95	70ccfe51722b5232	85ccea80a7a1e1d4
tests/char-stats.ll	mos6502	140	9926d0c0790b2fd2	e8d14db23b7e373f
tests/char-stats.ll	mosw65816	113	a2a8bed4f0031cd5	2defcd58293292d8
tests/cmp-select.ll	mos6502	12	a9650e80dae8da1f	f76e9cc2faa0acac
tests/cmp-select.ll	mosw65816	12	a9650e80dae8da1f	d77bf02afc2f9f27
tests/coalesce-remat.ll	mos6502	1074	4141e6e7f93d69d8	769a1ee4bb7b659f
tests/coalesce-remat.ll	mosw65816	1074	4141e6e7f93d69d8	128335cc41181a70
tests/dp-pointer-arg.ll	mos6502	13	bd1084c55a9d04ea	229844cf91ef98b5
tests/dp-pointer-arg.ll	mosw65816	10	017cffd510d49ae1	bd113298850d9ef4
tests/fcmp.ll	mos6502	535	971baa2b654123cf	e38137da728d2314
tests/fcmp.ll	mosw65816	508	5c99b243f92e5bbe	b634513c70a9d5ab
tests/getchar-regression.ll	mos6502	33	8603e49c06667dc5	f9a5603e6692e3ec
tests/getchar-regression.ll	mosw65816	29	a40f53d89a172ff2	a69f94254e10e230
tests/hello-world.ll	mos6502	34	25df4e7f99937e0d	07ce72a4e83faac2
tests/hello-world.ll	mosw65816	54	055c97dc357943a4	95bb36ca4b45a516
tests/immediate-remat.ll	mos6502	711	e37a8f98505de788	b09da5a9f9fed66c
tests/immediate-remat.ll	mosw65816	679	ee1e7b07c9646f20	c55cd1eb4b96b393
tests/inc-dec-6502x.ll	mos6502	137	f2e29a04d25baf4c	04a85e40cfb0eb87
tests/inc-dec-6502x.ll	mosw65816	125	9cb8b618b544084d	a6d4eebc2bc291d7
tests/inc-dec-65c02.ll	mos6502	62	53d001b357387678	375ace4951deb325
tests/inc-dec-65c02.ll	mosw65816	50	e5022014ac0139c5	7f0afb973ac397ff
tests/inc-dec-65ce02.ll	mos6502	274	a2f836a79fc38782	327178a23f89aff9
tests/inc-dec-65ce02.ll	mosw65816	258	49d7db6576b0635e	c8ad4e4e819389ca
tests/inc-dec.ll	mos6502	137	049043aac4ee4aea	d62dbaf46e76abdd
tests/inc-dec.ll	mosw65816	125	d55e74aec1c6f17f	e6d43070318719d8
tests/indexiv.ll	mos6502	16	9dbcf64e558a2305	b103258abb87c6bd
tests/indexiv.ll	mosw65816	16	e273deaad1673476	181f6c240bf05017
tests/indvar-simplify-20230930.ll	mos6502	211	11feb9cd708f14c7	b4200a2a9079e534
tests/indvar-simplify-20230930.ll	mosw65816	201	b54f954fa538a3e4	386744a94a31e0ec
tests/inline-asm-zp-csr.ll	mos6502	25	9a245175ed30f36d	4ba1fb571127b5b6
tests/inline-asm-zp-csr.ll	mosw65816	21	1a7e04b10336b738	a449ad9de07bba6e
tests/integer-compare.ll	mos6502	204	b7390a1bf833ad6f	595d27bf6664a57d
tests/integer-compare.ll	mosw65816	204	b7390a1bf833ad6f	8a6d8567d0a17cf7
tests/jump-table-limit.ll	mos6502	1822	1374a33190c4e460	29803420559e50dc
tests/jump-table-limit.ll	mosw65816	1822	1374a33190c4e460	8afc737df14a2e20
tests/leaf-20231021.ll	mos6502	13	7d17d7f8833299b4	e6ec21527d80e38b
tests/leaf-20231021.ll	mosw65816	13	7d17d7f8833299b4	e9cb825bcc736187
tests/light-spill.ll	mos6502	69	6b258ff8adc94577	3d310a462c0a0da9
tests/light-spill.ll	mosw65816	62	bc1e597509384061	dec4d93e2a0ed57b
tests/no-csr.ll	mos6502	44	067a43a44aef40ca	78d2f4876e68c0c2
tests/no-csr.ll	mosw65816	28	54f66831c8c9942d	60b91b8020bad104
tests/nonreentrant-nointerrupts.ll	mos6502	1	90ba7c0fe9dedba0	e1d780310ad83a6d
tests/nonreentrant-nointerrupts.ll	mosw65816	1	90ba7c0fe9dedba0	e6879558be7c8493
tests/nonreentrant.ll	mos6502	675	a5921492d46f5a1f	f8de1c5107fd9739
tests/nonreentrant.ll	mosw65816	729	a29c7c8227f51b69	48d9ca81f48f194e
tests/print-int.ll	mos6502	94	2829a50a5745d16e	64cf261d85e12d11
tests/print-int.ll	mosw65816	90	7cf60733809a7c5a	7af373b3eac7c37f
tests/ret-global-addr.ll	mos6502	6	62a1eaceb2abdcf4	4cf10ad58a046c61
tests/ret-global-addr.ll	mosw65816	6	62a1eaceb2abdcf4	c21b59f7bdb84296
tests/scmp-ucmp.ll	mos6502	573	c2be0aa5225f18ae	ef3b80d82c03e52a
tests/scmp-ucmp.ll	mosw65816	570	e3d3e25a36419bdb	52bbf8c58c3a2dc7
tests/shift-rotate.ll	mos6502	580	c5803139a6ae67ba	2093ea8a82360019
tests/shift-rotate.ll	mosw65816	573	3dffaa085ea351ea	7d304baa13c01b01
tests/static-stack.ll	mos6502	376	6b6cbaa7eb54dfb9	8888070375414e2b
tests/static-stack.ll	mosw65816	394	5cccfa8fce7d32f7	87cd1e238e3812f9
tests/store-zero.ll	mos6502	15	974ac5e644c506c1	2ab55785af2d6f7b
tests/store-zero.ll	mosw65816	11	54a9082486a96059	5e9b838a40c2bd1e
tests/trivial.ll	mos6502	4	ccb38f45644e7f70	c5914b4b45051519
tests/trivial.ll	mosw65816	4	ccb38f45644e7f70	44717a4a04e63cdb
tests/vector-scalarize.ll	mos6502	3458	d57cc00e03a85c11	b1c82bca506e40a3
tests/vector-scalarize.ll	mosw65816	3228	4b18b023252dbb90	f17a018aee6a37e8
tests/whole-program-zp.ll	mos6502	55	2684aa4eab733011	3dc6c69382d7a871
tests/whole-program-zp.ll	mosw65816	53	537f4c10196a623d	f4154a745b8de621
tests/zeropage.ll	mos6502	10	9c9f4ea076c9e3b4	aca693fba2671dd5
tests/zeropage.ll	mosw65816	6	1d73c3e18cad631e	585cb604b1ffa03f
tests/zp-alloc-deterministic.ll	mos6502	34	e9eb7fc00458e708	269dd8dba8c983fc
tests/zp-alloc-deterministic.ll	mosw65816	34	e9eb7fc00458e708	29010da3201ec98d
tests/zp-alloc-preexisting.ll	mos6502	139	b1ccdc1994cfe7ba	70ceeb878dd00063
tests/zp-alloc-preexisting.ll	mosw65816	131	5904d99873542053	9e136364f8e4ded1
tests/zp-alloc.ll	mos6502	478	36f98b375dd3fdd8	c43f88c0a1c0b8d5
tests/zp-alloc.ll	mosw65816	487	efd97aa38f22ce43	24f1f2d1f613f6dd
corpus/examples_65816_a16abs.c.default.ll	mos6502	fail	err	-
corpus/examples_65816_a16abs.c.default.ll	mosw65816	33	ce7c200ad2b6e6bb	fd895294df1818c0
corpus/examples_65816_a16call.c.default.ll	mos6502	fail	err	-
corpus/examples_65816_a16call.c.default.ll	mosw65816	74	e228b168a168e975	24657bcd29742ce2
corpus/examples_65816_a16copy.c.default.ll	mos6502	fail	err	-
corpus/examples_65816_a16copy.c.default.ll	mosw65816	58	e10ee750fc3bbca0	73d52d9444bc8c32
corpus/examples_65816_a16frameidx.c.default.ll	mos6502	fail	err	-
corpus/examples_65816_a16frameidx.c.default.ll	mosw65816	308	1003d18a4dc64a51	bb393281ddc74f90
corpus/examples_65816_a16loadcall.c.default.ll	mos6502	fail	err	-
corpus/examples_65816_a16loadcall.c.default.ll	mosw65816	289	16f7afad338a408c	7d5fb946702fca44
corpus/examples_65816_a16loopred.c.default.ll	mos6502	fail	err	-
corpus/examples_65816_a16loopred.c.default.ll	mosw65816	54	34fb44fc6c1be15d	efb4cabf24e1db64
corpus/examples_65816_a16scavnz.c.default.ll	mos6502	fail	err	-
corpus/examples_65816_a16scavnz.c.default.ll	mosw65816	434	ecb05bb4474fbaeb	f5c499a051707960
corpus/examples_65816_a16sunfold.c.default.ll	mos6502	fail	err	-
corpus/examples_65816_a16sunfold.c.default.ll	mosw65816	205	1432fcb11bc9fef6	9bfbfe024833b324
corpus/examples_65816_far_fnptr.c.default.ll	mos6502	fail	err	-
corpus/examples_65816_far_fnptr.c.default.ll	mosw65816	fail	err	-
corpus/examples_65816_farbank.c.default.ll	mos6502	fail	err	-
corpus/examples_65816_farbank.c.default.ll	mosw65816	fail	err	-
corpus/examples_65816_farptrcmp-natural.c.default.ll	mos6502	fail	err	-
corpus/examples_65816_farptrcmp-natural.c.default.ll	mosw65816	fail	err	-
corpus/examples_65816_k_bits.c.default.ll	mos6502	fail	err	-
corpus/examples_65816_k_bits.c.default.ll	mosw65816	192	820fa956f66196cc	a5b2f1b638cfe24c
corpus/examples_65816_k_mandel_far.c.default.ll	mos6502	fail	err	-
corpus/examples_65816_k_mandel_far.c.default.ll	mosw65816	fail	err	-
corpus/examples_65816_mixedwidth-probe.c.default.ll	mos6502	261	7afd2e64dd8a6955	6eaa5c0c4551546a
corpus/examples_65816_mixedwidth-probe.c.default.ll	mosw65816	230	5f231f464a0c7942	9008ef2f37dc67b4
corpus/examples_65816_xy16basic.c.default.ll	mos6502	fail	err	-
corpus/examples_65816_xy16basic.c.default.ll	mosw65816	35	789dbbebcb3c80e2	973ff47245009397
corpus/examples_snes_1d-ca.c.default.ll	mos6502	14927	825598264430d0e5	8bc857f37a0aa1c1
corpus/examples_snes_1d-ca.c.default.ll	mosw65816	14513	44be9879b508a51b	2d0410126966ce7f
corpus/examples_snes_bf-vm.c.default.ll	mos6502	19669	d22a1002c85490e8	984beb8d408a8ab7
corpus/examples_snes_bf-vm.c.default.ll	mosw65816	18757	22d297bdf8e98030	33f82366b5adce00
corpus/examples_snes_boids.c.default.ll	mos6502	19771	7297a30df718ffbc	2fdd482b53494a5a
corpus/examples_snes_boids.c.default.ll	mosw65816	19623	12c2b56d5cb5ee19	79b0492f01605e93
corpus/examples_snes_cardioid.c.default.ll	mos6502	17837	4f89d54eda03b5fd	9f3e69dd40ce50b8
corpus/examples_snes_cardioid.c.default.ll	mosw65816	17376	1d2d4bcd4239b68e	629f1c345fc4f7ee
corpus/examples_snes_corpus_avalanche_sim.c.default.ll	mos6502	fail	err	-
corpus/examples_snes_corpus_avalanche_sim.c.default.ll	mosw65816	1000	90600eed1b5b20cb	de7f67c93e97c8d4
corpus/examples_snes_corpus_boids_sim.c.default.ll	mos6502	fail	err	-
corpus/examples_snes_corpus_boids_sim.c.default.ll	mosw65816	3873	b2ddbed1bac66b62	a5ec4043d80ac3aa
corpus/examples_snes_corpus_cgrade_sim.c.default.ll	mos6502	fail	err	-
corpus/examples_snes_corpus_cgrade_sim.c.default.ll	mosw65816	828	235f96af0af50e19	c7374e8352d83063
corpus/examples_snes_corpus_critters_sim.c.default.ll	mos6502	fail	err	-
corpus/examples_snes_corpus_critters_sim.c.default.ll	mosw65816	724	85f516e71550ed86	f2960df2ea5616ba
corpus/examples_snes_corpus_domcol_sim.c.default.ll	mos6502	fail	err	-
corpus/examples_snes_corpus_domcol_sim.c.default.ll	mosw65816	fail	err	-
corpus/examples_snes_corpus_fenwick_sim.c.default.ll	mos6502	fail	err	-
corpus/examples_snes_corpus_fenwick_sim.c.default.ll	mosw65816	856	84e5ea48acbdba69	874540923fe573f2
corpus/examples_snes_corpus_grid3d_sim.c.default.ll	mos6502	fail	err	-
corpus/examples_snes_corpus_grid3d_sim.c.default.ll	mosw65816	1240	806f03e050d02211	4aa1cd8feff1352a
corpus/examples_snes_corpus_jt256_sim.c.default.ll	mos6502	fail	err	-
corpus/examples_snes_corpus_jt256_sim.c.default.ll	mosw65816	8091	2f9cba0ca949ced0	29daae83dbe911ca
corpus/examples_snes_corpus_lzdec_sim.c.default.ll	mos6502	fail	err	-
corpus/examples_snes_corpus_lzdec_sim.c.default.ll	mosw65816	537	b4221b68f943ef42	a602e89d5b4ee941
corpus/examples_snes_corpus_montorbit_sim.c.default.ll	mos6502	fail	err	-
corpus/examples_snes_corpus_montorbit_sim.c.default.ll	mosw65816	439	1a906b4d852ea62e	2e8a1631ad9c2166
corpus/examples_snes_corpus_nmitally_sim.c.default.ll	mos6502	fail	err	-
corpus/examples_snes_corpus_nmitally_sim.c.default.ll	mosw65816	798	0c0218f635a4652e	33a87e39e58fa79e
corpus/examples_snes_corpus_perlin_sim.c.default.ll	mos6502	fail	err	-
corpus/examples_snes_corpus_perlin_sim.c.default.ll	mosw65816	fail	err	-
corpus/examples_snes_corpus_rangecode_sim.c.default.ll	mos6502	fail	err	-
corpus/examples_snes_corpus_rangecode_sim.c.default.ll	mosw65816	749	444a871080b10376	c946b629e6e9cd84
corpus/examples_snes_corpus_satcast_sim.c.default.ll	mos6502	fail	err	-
corpus/examples_snes_corpus_satcast_sim.c.default.ll	mosw65816	fail	err	-
corpus/examples_snes_corpus_sodo_sim.c.default.ll	mos6502	fail	err	-
corpus/examples_snes_corpus_sodo_sim.c.default.ll	mosw65816	483	785e5d8204c5d80e	9a40cf4f66fb5965
corpus/examples_snes_corpus_tea_sim.c.default.ll	mos6502	fail	err	-
corpus/examples_snes_corpus_tea_sim.c.default.ll	mosw65816	945	a31c5cb5b869dd10	2b7a51e290447e21
corpus/examples_snes_corpus_ulam_sim.c.default.ll	mos6502	fail	err	-
corpus/examples_snes_corpus_ulam_sim.c.default.ll	mosw65816	370	bddc97838d41d5cb	6f2c40461fa08a17
corpus/examples_snes_crctex.c.default.ll	mos6502	16949	a05b5b36953a949a	54c28fdfd262a908
corpus/examples_snes_crctex.c.default.ll	mosw65816	16582	7373c2aa019852ea	6807acbcfdfb58ff
corpus/examples_snes_dither.c.default.ll	mos6502	17538	624d09a4b844bcf3	eb5137ee3e4e037d
corpus/examples_snes_dither.c.default.ll	mosw65816	17156	c463fcb20df37f5c	4f03a173ed9635ca
corpus/examples_snes_epicycles.c.default.ll	mos6502	21543	865d945afea6780d	662b1c8a67b9a0ac
corpus/examples_snes_epicycles.c.default.ll	mosw65816	21061	c0c552bb74c819f9	e7fd9dcb3a1866ec
corpus/examples_snes_funnelkal.c.default.ll	mos6502	17342	bb572a677defea50	dc1188c8163a83cc
corpus/examples_snes_funnelkal.c.default.ll	mosw65816	16854	2ee249d169f79ff3	ba8bb4e8f85c2b1f
corpus/examples_snes_huffman.c.default.ll	mos6502	16486	b145214c54d68e49	26d79c60cb6b5411
corpus/examples_snes_huffman.c.default.ll	mosw65816	16052	b1942183b098b989	5625ac476670e868
corpus/examples_snes_jtsparse.c.default.ll	mos6502	fail	err	-
corpus/examples_snes_jtsparse.c.default.ll	mosw65816	fail	err	-
corpus/examples_snes_lzss-gallery.c.default.ll	mos6502	fail	err	-
corpus/examples_snes_lzss-gallery.c.default.ll	mosw65816	fail	err	-
corpus/examples_snes_metaball.c.default.ll	mos6502	16508	27a263a1015efcf2	8bfc1ac8db4bb8f4
corpus/examples_snes_metaball.c.default.ll	mosw65816	16222	ebef61306c9493d8	caa881ba4b7b5933
corpus/examples_snes_mvscrl.c.default.ll	mos6502	17793	99478a0877059ef6	5fc3c0786def8f95
corpus/examples_snes_mvscrl.c.default.ll	mosw65816	17788	5880a459a1a3c431	defb481d254b38e3
corpus/examples_snes_packrec.c.default.ll	mos6502	18940	835376d9a7ab33da	23bde142ae439680
corpus/examples_snes_packrec.c.default.ll	mosw65816	18328	541d6a2ae435fcd1	9bdaf47ee27c7de0
corpus/examples_snes_qsortviz.c.default.ll	mos6502	17924	578c47946e6b3c5b	bf6692fec9f2a7f4
corpus/examples_snes_qsortviz.c.default.ll	mosw65816	17624	9a8944512f919b9a	e1f038885c1be966
corpus/examples_snes_rotozoom.c.default.ll	mos6502	fail	err	-
corpus/examples_snes_rotozoom.c.default.ll	mosw65816	fail	err	-
corpus/examples_snes_shift64seam.c.default.ll	mos6502	17705	89a30e70fb9d1ee7	4d300ade6c8202fe
corpus/examples_snes_shift64seam.c.default.ll	mosw65816	17038	1f7ef50be6905481	f2c73a96e9a18cb8
corpus/examples_snes_sodo.c.default.ll	mos6502	fail	err	-
corpus/examples_snes_sodo.c.default.ll	mosw65816	15604	81eaf3365d671840	2857150e8fd45281
corpus/examples_snes_trapguard.c.default.ll	mos6502	fail	err	-
corpus/examples_snes_trapguard.c.default.ll	mosw65816	fail	err	-
corpus/examples_snes_vaprintf.c.default.ll	mos6502	19223	1d1b61fae0e2fa42	c4b2c5a8b423b8ae
corpus/examples_snes_vaprintf.c.default.ll	mosw65816	18890	9faac67d9b7f6774	5f4ba84ff17dec74
