run_commit	final_commit	tree
510fe5ecbb3d327fad92efa4d6290978710268cc	ad7b2f4239a23d5fa4d399fad41ebd3866920fb4	e07d2e363d19f6ab6e7a8c9e16cda873aae0e916
23894404218e1fd1f9fdd55ebb28023a550e4ccd	f8a569b204c1d76325343436ab6958cbe5e710b6	5dca45df66ca870edb160eb03b3c2712aec1304a
7331fa31f3cccec5c735559710500d4b22c17aff	fcb88211d861634b121e089a1bfc18380cf1b306	60f12ac75927a8003474a178f9704f7b8d4d4891
b880f5dd2105b0da44059012d45267a3d19bdcf2	733b59e025ee80a1742f5c3258da6b70b14b39cc	f4ea09e9146e59fdaf8adbab9a03bb22ff606370
b21a81ba09fcfbec60f29eff131450b42ac468a8	dcb9d3227be9feb5504e3582c2c805c45265af54	332f129e85a22dd8dbafe2447562395ab69fad27
6de6b904be5de5e325e9c02f10dbd831c04b8bc2	cbbe9c70f520c9437520387688bd882cd5afca65	1672906e2dbda4254c3c439dc8edc75283b4588f
3ddbe6912fe12d2f9ad9d6a52649579fe60748f8	3046c5754503f93d80d735d19b598ef86793389a	811c932c6a78af5d2951bf242a641195216edbd8
39621b734544eb914ff6370f5b3e51077dd80174	8d9c0382db7cd5f5dc62cd6c89d771355adf73fa	56996cfc180652285aa51ce61cc4acd242c42297
2e2d91dd1534adf7faa07aa149dc2dbac2f1685c	d19b7155d3c60bfe2e647907aa42288169fa7ce7	11f4fcadc11a23a13f04379b35de767628387909
ca374949064d602e3acef285f5d911df1df737d0	8802a1b438df5d785f94851f9202a3ed847094bb	5e82ce0cccb24e22190793fceec608711a4bcc8c
579af44c15698eba0a7e93aaa48d5dd653c6df82	a252fae7ee3f58e2761ad428ad475b3c6f429ee7	f515ccec3d70f7531545f739abd24de668ae9c8e
0043fae2578073f6d5304e1e43dc87755b74fe11	e6b070e3f8dc0960df8718ed02c8d8b5211633b3	cccbd5c6b443d9d98df18a2693e1bcd122cffc0a
a125690ad954aec835fc3f4388c0f5324e193470	022959bb0841ab70337387eccce470a26f6ec74f	5533a4b197f97969822fb3c89f5d4428b1e97d75
856a9ea13823d8b1ab6aaafbab81c41d3c2f35da	8b2046d20bebb4ed5702fce5fd5f5159fcec68cc	daf29cf7e6779ab6dff5a21bff5eb35e4e1d45d7
c17c98c3acf9a03e03e21e0773d63716890dc997	f3a9620d4559764295b78768933b2791326973fe	b1743c6a60281ce34cf27079ca2f63191bef4a43
6f9b5a4301557baa65e3f3a8fe2d2cbd8cc70f95	5a8bdff0172e4a2a346cadcfa4a7bbf001c7b1c6	c14ee6f6576acd6edd188546ea78ce5d5377e9d9
d0d1882d1075342779e19fc202b5452032af88cd	19d982788eb25f08332a535372afaa935c87038e	1a7bb8266ffeacf25843e83fadfbe7faf8597bbb
bb5b1c84670cc21fd04f3c1c1285b98487214658	c275e191de52361a8c36a726630f3fa16e809bb6	3ca03f1da90c6b89a47190d22581707d3b28f7c7
