label	gated_commit	final_commit	tree	llc_sha256	mos_warnings	lit	default_mos6502_vs_parent	default_mosw65816_vs_parent
r2-320-1a1	510fe5ecbb3d327fad92efa4d6290978710268cc	ad7b2f4239a23d5fa4d399fad41ebd3866920fb4	e07d2e363d19f6ab6e7a8c9e16cda873aae0e916	fdf8ac89e8d19ffe0bc1cf19ed6e053bb1f695dc4e2b00cf5c3775d61480d40a	0	PASS=160 UNSUPPORTED=1	90 inputs (54 compile before), 89 identical, 1 asm differ, 0 object-only differ	90 inputs (79 compile before), 89 identical, 1 asm differ, 0 object-only differ
r2-320-1a2	23894404218e1fd1f9fdd55ebb28023a550e4ccd	f8a569b204c1d76325343436ab6958cbe5e710b6	5dca45df66ca870edb160eb03b3c2712aec1304a	7538162716d3665ebcd9100ff4d901782f11f9ff85c7e0f2410d5ff23ec49049	0	PASS=161 UNSUPPORTED=1	90 inputs (54 compile before), 90 identical, 0 asm differ, 0 object-only differ	90 inputs (79 compile before), 90 identical, 0 asm differ, 0 object-only differ
r2-320-1a3	7331fa31f3cccec5c735559710500d4b22c17aff	fcb88211d861634b121e089a1bfc18380cf1b306	60f12ac75927a8003474a178f9704f7b8d4d4891	9f8b456100f1b90336b1bf4d19fec2740d5d200c1b658c8e30ddbabcc33de5ce	0	PASS=166 UNSUPPORTED=1	90 inputs (54 compile before), 86 identical, 4 asm differ, 0 object-only differ	90 inputs (79 compile before), 86 identical, 4 asm differ, 0 object-only differ
r2-320-1b	b880f5dd2105b0da44059012d45267a3d19bdcf2	733b59e025ee80a1742f5c3258da6b70b14b39cc	f4ea09e9146e59fdaf8adbab9a03bb22ff606370	e4e2c1e171cabffd668a62c9fdf10bb6c97b4bf883d85f0f0985904e8fdec0de	0	PASS=167 UNSUPPORTED=1	90 inputs (53 compile before), 85 identical, 5 asm differ, 0 object-only differ	90 inputs (75 compile before), 85 identical, 5 asm differ, 0 object-only differ
r2-320-1c	b21a81ba09fcfbec60f29eff131450b42ac468a8	dcb9d3227be9feb5504e3582c2c805c45265af54	332f129e85a22dd8dbafe2447562395ab69fad27	f4c0da84e614deba6a728f7926639a1b5be6a2def2beb3dd625654cdf0e4a7e7	0	PASS=168 UNSUPPORTED=1	90 inputs (54 compile before), 89 identical, 1 asm differ, 0 object-only differ	90 inputs (79 compile before), 89 identical, 1 asm differ, 0 object-only differ
r2-320-1d	6de6b904be5de5e325e9c02f10dbd831c04b8bc2	cbbe9c70f520c9437520387688bd882cd5afca65	1672906e2dbda4254c3c439dc8edc75283b4588f	a5a166005f75950e2d96bf9348bd321b1630f9e44b961044b42c56aa78b08cb9	0	PASS=168 UNSUPPORTED=1	90 inputs (54 compile before), 89 identical, 1 asm differ, 0 object-only differ	90 inputs (79 compile before), 89 identical, 1 asm differ, 0 object-only differ
r2-320-2	3ddbe6912fe12d2f9ad9d6a52649579fe60748f8	3046c5754503f93d80d735d19b598ef86793389a	811c932c6a78af5d2951bf242a641195216edbd8	9f52795b3f2eb45c986213fc0e613872d51929e0cea0d07ef98ad1d06a17d22c	0	PASS=174 UNSUPPORTED=1	90 inputs (54 compile before), 84 identical, 6 asm differ, 0 object-only differ	90 inputs (79 compile before), 84 identical, 6 asm differ, 0 object-only differ
r2-320-3	39621b734544eb914ff6370f5b3e51077dd80174	8d9c0382db7cd5f5dc62cd6c89d771355adf73fa	56996cfc180652285aa51ce61cc4acd242c42297	d3a90acf52ac427e3c331e79256cac7e87ca79cf92cc5e51973de2e2d2cd3e26	0	PASS=176 UNSUPPORTED=1	90 inputs (54 compile before), 90 identical, 0 asm differ, 0 object-only differ	90 inputs (79 compile before), 90 identical, 0 asm differ, 0 object-only differ
r2-320-4	2e2d91dd1534adf7faa07aa149dc2dbac2f1685c	d19b7155d3c60bfe2e647907aa42288169fa7ce7	11f4fcadc11a23a13f04379b35de767628387909	70d96dbc4e78218c77cf687ce5383a1bcad72561bbf77986b97b1881d15af1b5	0	PASS=178 UNSUPPORTED=1	90 inputs (54 compile before), 90 identical, 0 asm differ, 0 object-only differ	90 inputs (79 compile before), 90 identical, 0 asm differ, 0 object-only differ
r2-fw-9	ca374949064d602e3acef285f5d911df1df737d0	8802a1b438df5d785f94851f9202a3ed847094bb	5e82ce0cccb24e22190793fceec608711a4bcc8c	cda3200958d98920a56af357527f5bd69c8f3e6c5e8961be61f5cd1dee8faf23	0	PASS=179 UNSUPPORTED=1	90 inputs (54 compile before), 89 identical, 1 asm differ, 0 object-only differ	90 inputs (79 compile before), 89 identical, 1 asm differ, 0 object-only differ
r2-fw-5	579af44c15698eba0a7e93aaa48d5dd653c6df82	a252fae7ee3f58e2761ad428ad475b3c6f429ee7	f515ccec3d70f7531545f739abd24de668ae9c8e	72341912b4cdd21030a0b8c69de92b0359ad4e8b75a2e96196a8f9efdd2fe9b9	0	PASS=180 UNSUPPORTED=1	-	-
r2-fw-6	0043fae2578073f6d5304e1e43dc87755b74fe11	e6b070e3f8dc0960df8718ed02c8d8b5211633b3	cccbd5c6b443d9d98df18a2693e1bcd122cffc0a	4eb8e7e98dc14a2cc2468c0a81454ab52d1d50f6f9a0e955460abdd061a2d313	0	PASS=181 UNSUPPORTED=1	-	-
r2-fw-7	a125690ad954aec835fc3f4388c0f5324e193470	022959bb0841ab70337387eccce470a26f6ec74f	5533a4b197f97969822fb3c89f5d4428b1e97d75	bb3a66be8ea667fd936a0fc59b8533d42d758d5cdcbb29971abe31afc205dbb6	0	PASS=182 UNSUPPORTED=1	-	-
r2-fw-8	856a9ea13823d8b1ab6aaafbab81c41d3c2f35da	8b2046d20bebb4ed5702fce5fd5f5159fcec68cc	daf29cf7e6779ab6dff5a21bff5eb35e4e1d45d7	4875761591998a53986921d008bf9e7dcfebd0be59b64b68e04f70078e9417cf	0	PASS=183 UNSUPPORTED=1	-	-
r2-fw-11	3abf6f227e5b6a9d160b477f7a6a116f39c965a9	f3a9620d4559764295b78768933b2791326973fe	b1743c6a60281ce34cf27079ca2f63191bef4a43	e34098a6f568ba546af0c86e71fef17ad68a8fc86423311cee844db7d4bd4f90	0	PASS=183 UNSUPPORTED=1	-	-
r2-fw-14	6306e48b493b140f22cb4d1e5c0bd4c9b07b142e	c275e191de52361a8c36a726630f3fa16e809bb6	3ca03f1da90c6b89a47190d22581707d3b28f7c7	c90f96487d2fe6d3fa49a8cfc01f9485affdbd4857e4594ee8b87f7bfefcbbcb	0	PASS=187 UNSUPPORTED=1	-	-
