input	mode	level	functions_with_far_call	callee_changes(old->new)	provable_kept_16bit
far-memop-length	a16	O0	12	cpy_65537:__memcpy_far->__memcpy_far32 cpy_var:__memcpy_far->__memcpy_far32 mov_70000:__memmove_far->__memmove_far32 set_65536:__memset_far->__memset_far32 set_65537:__memset_far->__memset_far32 set_70000:__memset_far->__memset_far32 set_scaled:__memset_far->__memset_far32 set_var:__memset_far->__memset_far32	mov_masked,set_65535,set_i16,set_zext
far-memop-length	a16	O1	12	cpy_65537:__memcpy_far->__memcpy_far32 cpy_var:__memcpy_far->__memcpy_far32 mov_70000:__memmove_far->__memmove_far32 set_65536:__memset_far->__memset_far32 set_65537:__memset_far->__memset_far32 set_70000:__memset_far->__memset_far32 set_scaled:__memset_far->__memset_far32 set_var:__memset_far->__memset_far32	mov_masked,set_65535,set_i16,set_zext
far-memop-length	a16	O2	12	cpy_65537:__memcpy_far->__memcpy_far32 cpy_var:__memcpy_far->__memcpy_far32 mov_70000:__memmove_far->__memmove_far32 set_65536:__memset_far->__memset_far32 set_65537:__memset_far->__memset_far32 set_70000:__memset_far->__memset_far32 set_scaled:__memset_far->__memset_far32 set_var:__memset_far->__memset_far32	mov_masked,set_65535,set_i16,set_zext
far-memop-length	a16	O3	12	cpy_65537:__memcpy_far->__memcpy_far32 cpy_var:__memcpy_far->__memcpy_far32 mov_70000:__memmove_far->__memmove_far32 set_65536:__memset_far->__memset_far32 set_65537:__memset_far->__memset_far32 set_70000:__memset_far->__memset_far32 set_scaled:__memset_far->__memset_far32 set_var:__memset_far->__memset_far32	mov_masked,set_65535,set_i16,set_zext
far-memop-length	a16	Os	12	cpy_65537:__memcpy_far->__memcpy_far32 cpy_var:__memcpy_far->__memcpy_far32 mov_70000:__memmove_far->__memmove_far32 set_65536:__memset_far->__memset_far32 set_65537:__memset_far->__memset_far32 set_70000:__memset_far->__memset_far32 set_scaled:__memset_far->__memset_far32 set_var:__memset_far->__memset_far32	mov_masked,set_65535,set_i16,set_zext
far-memop-length	a16	Oz	12	cpy_65537:__memcpy_far->__memcpy_far32 cpy_var:__memcpy_far->__memcpy_far32 mov_70000:__memmove_far->__memmove_far32 set_65536:__memset_far->__memset_far32 set_65537:__memset_far->__memset_far32 set_70000:__memset_far->__memset_far32 set_scaled:__memset_far->__memset_far32 set_var:__memset_far->__memset_far32	mov_masked,set_65535,set_i16,set_zext
far-memop-length	xy16	O0	12	cpy_65537:__memcpy_far->__memcpy_far32 cpy_var:__memcpy_far->__memcpy_far32 mov_70000:__memmove_far->__memmove_far32 set_65536:__memset_far->__memset_far32 set_65537:__memset_far->__memset_far32 set_70000:__memset_far->__memset_far32 set_scaled:__memset_far->__memset_far32 set_var:__memset_far->__memset_far32	mov_masked,set_65535,set_i16,set_zext
far-memop-length	xy16	O1	12	cpy_65537:__memcpy_far->__memcpy_far32 cpy_var:__memcpy_far->__memcpy_far32 mov_70000:__memmove_far->__memmove_far32 set_65536:__memset_far->__memset_far32 set_65537:__memset_far->__memset_far32 set_70000:__memset_far->__memset_far32 set_scaled:__memset_far->__memset_far32 set_var:__memset_far->__memset_far32	mov_masked,set_65535,set_i16,set_zext
far-memop-length	xy16	O2	12	cpy_65537:__memcpy_far->__memcpy_far32 cpy_var:__memcpy_far->__memcpy_far32 mov_70000:__memmove_far->__memmove_far32 set_65536:__memset_far->__memset_far32 set_65537:__memset_far->__memset_far32 set_70000:__memset_far->__memset_far32 set_scaled:__memset_far->__memset_far32 set_var:__memset_far->__memset_far32	mov_masked,set_65535,set_i16,set_zext
far-memop-length	xy16	O3	12	cpy_65537:__memcpy_far->__memcpy_far32 cpy_var:__memcpy_far->__memcpy_far32 mov_70000:__memmove_far->__memmove_far32 set_65536:__memset_far->__memset_far32 set_65537:__memset_far->__memset_far32 set_70000:__memset_far->__memset_far32 set_scaled:__memset_far->__memset_far32 set_var:__memset_far->__memset_far32	mov_masked,set_65535,set_i16,set_zext
far-memop-length	xy16	Os	12	cpy_65537:__memcpy_far->__memcpy_far32 cpy_var:__memcpy_far->__memcpy_far32 mov_70000:__memmove_far->__memmove_far32 set_65536:__memset_far->__memset_far32 set_65537:__memset_far->__memset_far32 set_70000:__memset_far->__memset_far32 set_scaled:__memset_far->__memset_far32 set_var:__memset_far->__memset_far32	mov_masked,set_65535,set_i16,set_zext
far-memop-length	xy16	Oz	12	cpy_65537:__memcpy_far->__memcpy_far32 cpy_var:__memcpy_far->__memcpy_far32 mov_70000:__memmove_far->__memmove_far32 set_65536:__memset_far->__memset_far32 set_65537:__memset_far->__memset_far32 set_70000:__memset_far->__memset_far32 set_scaled:__memset_far->__memset_far32 set_var:__memset_far->__memset_far32	mov_masked,set_65535,set_i16,set_zext
far-memset	a16	O0	2	-	far_constant_fill,far_variable_fill
far-memset	a16	O1	2	-	far_constant_fill,far_variable_fill
far-memset	a16	O2	2	-	far_constant_fill,far_variable_fill
far-memset	a16	O3	2	-	far_constant_fill,far_variable_fill
far-memset	a16	Os	2	-	far_constant_fill,far_variable_fill
far-memset	a16	Oz	2	-	far_constant_fill,far_variable_fill
far-memset	xy16	O0	2	-	far_constant_fill,far_variable_fill
far-memset	xy16	O1	2	-	far_constant_fill,far_variable_fill
far-memset	xy16	O2	2	-	far_constant_fill,far_variable_fill
far-memset	xy16	O3	2	-	far_constant_fill,far_variable_fill
far-memset	xy16	Os	2	-	far_constant_fill,far_variable_fill
far-memset	xy16	Oz	2	-	far_constant_fill,far_variable_fill
