sim	level	mode	variant	status	bytes	main_bytes	clocks	deterministic	obj_sha256	rom_sha256	reused
avalanche_sim	O2	a16	gate1	PASS	980	980	50551094	True	f1a6ed3225676fd7	3cc7813de69368b4	-
avalanche_sim	O2	a16	gate2	PASS	990	990	50583254	True	585817a2d8165588	4229226e16e0061f	-
avalanche_sim	O2	a16	head	PASS	981	981	50567974	True	ed8dae3ef6be797c	de46c4e9065a2fe9	-
avalanche_sim	O2	a16	memb1	PASS	990	990	50583254	True	585817a2d8165588	4229226e16e0061f	-
avalanche_sim	O2	a16	t4	PASS	980	980	50551094	True	f1a6ed3225676fd7	3cc7813de69368b4	-
avalanche_sim	O2	a16xy16	gate1	PASS	980	980	50551094	True	f1a6ed3225676fd7	3cc7813de69368b4	-
avalanche_sim	O2	a16xy16	gate2	PASS	990	990	50583254	True	585817a2d8165588	4229226e16e0061f	-
avalanche_sim	O2	a16xy16	head	PASS	981	981	50567974	True	ed8dae3ef6be797c	de46c4e9065a2fe9	-
avalanche_sim	O2	a16xy16	memb1	PASS	990	990	50583254	True	585817a2d8165588	4229226e16e0061f	-
avalanche_sim	O2	a16xy16	t4	PASS	980	980	50551094	True	f1a6ed3225676fd7	3cc7813de69368b4	-
avalanche_sim	O3	a16	gate1	PASS	980	980	50551094	True	f1a6ed3225676fd7	3cc7813de69368b4	-
avalanche_sim	O3	a16	gate2	PASS	990	990	50583254	True	585817a2d8165588	4229226e16e0061f	-
avalanche_sim	O3	a16	head	PASS	981	981	50567974	True	ed8dae3ef6be797c	de46c4e9065a2fe9	-
avalanche_sim	O3	a16	memb1	PASS	990	990	50583254	True	585817a2d8165588	4229226e16e0061f	-
avalanche_sim	O3	a16	t4	PASS	980	980	50551094	True	f1a6ed3225676fd7	3cc7813de69368b4	-
avalanche_sim	O3	a16xy16	gate1	PASS	980	980	50551094	True	f1a6ed3225676fd7	3cc7813de69368b4	-
avalanche_sim	O3	a16xy16	gate2	PASS	990	990	50583254	True	585817a2d8165588	4229226e16e0061f	-
avalanche_sim	O3	a16xy16	head	PASS	981	981	50567974	True	ed8dae3ef6be797c	de46c4e9065a2fe9	-
avalanche_sim	O3	a16xy16	memb1	PASS	990	990	50583254	True	585817a2d8165588	4229226e16e0061f	-
avalanche_sim	O3	a16xy16	t4	PASS	980	980	50551094	True	f1a6ed3225676fd7	3cc7813de69368b4	-
avalanche_sim	Os	a16	gate1	PASS	1060	1060	50635032	True	44e43db786d4e1af	223ad12f5a714082	-
avalanche_sim	Os	a16	gate2	PASS	1031	1031	50498472	True	c78051b37c852018	516e335cefa8cd5d	-
avalanche_sim	Os	a16	head	PASS	1058	1058	50602326	True	eb764eead37381e0	ff3775d1edb72bf8	-
avalanche_sim	Os	a16	memb1	PASS	1060	1060	50635032	True	44e43db786d4e1af	223ad12f5a714082	-
avalanche_sim	Os	a16	t4	PASS	1031	1031	50498472	True	c78051b37c852018	516e335cefa8cd5d	-
avalanche_sim	Os	a16xy16	gate1	PASS	1060	1060	50635032	True	44e43db786d4e1af	223ad12f5a714082	-
avalanche_sim	Os	a16xy16	gate2	PASS	1031	1031	50498472	True	c78051b37c852018	516e335cefa8cd5d	-
avalanche_sim	Os	a16xy16	head	PASS	1058	1058	50602326	True	eb764eead37381e0	ff3775d1edb72bf8	-
avalanche_sim	Os	a16xy16	memb1	PASS	1060	1060	50635032	True	44e43db786d4e1af	223ad12f5a714082	-
avalanche_sim	Os	a16xy16	t4	PASS	1031	1031	50498472	True	c78051b37c852018	516e335cefa8cd5d	-
avalanche_sim	Oz	a16	gate1	PASS	1112	1112	50652906	True	be94409c514a356b	f80189852dcec6e2	-
avalanche_sim	Oz	a16	gate2	PASS	1118	1118	50689342	True	508cffd9cd759665	96f199a92c1d9045	-
avalanche_sim	Oz	a16	head	PASS	1118	1118	50689342	True	3030bad08e98c851	8b66857bfe7f3d74	-
avalanche_sim	Oz	a16	memb1	PASS	1112	1112	50652906	True	be94409c514a356b	f80189852dcec6e2	-
avalanche_sim	Oz	a16	t4	PASS	1118	1118	50689342	True	508cffd9cd759665	96f199a92c1d9045	-
avalanche_sim	Oz	a16xy16	gate1	PASS	1112	1112	50652906	True	be94409c514a356b	f80189852dcec6e2	-
avalanche_sim	Oz	a16xy16	gate2	PASS	1118	1118	50689342	True	508cffd9cd759665	96f199a92c1d9045	-
avalanche_sim	Oz	a16xy16	head	PASS	1118	1118	50689342	True	3030bad08e98c851	8b66857bfe7f3d74	-
avalanche_sim	Oz	a16xy16	memb1	PASS	1112	1112	50652906	True	be94409c514a356b	f80189852dcec6e2	-
avalanche_sim	Oz	a16xy16	t4	PASS	1118	1118	50689342	True	508cffd9cd759665	96f199a92c1d9045	-
boids_sim	O2	a16	gate1	PASS	4440	1303	87634898	True	4423612d7699270d	085cadcea23d8723	True
boids_sim	O2	a16	gate2	PASS	4419	1303	87513962	True	e536d6223725781c	e9d9ae2a306b69ee	-
boids_sim	O2	a16	head	PASS	4440	1303	87634898	True	4423612d7699270d	085cadcea23d8723	-
boids_sim	O2	a16	memb1	PASS	4419	1303	87513962	True	e536d6223725781c	e9d9ae2a306b69ee	-
boids_sim	O2	a16	t4	PASS	4440	1303	87634898	True	4423612d7699270d	085cadcea23d8723	True
boids_sim	O2	a16xy16	gate1	PASS	4396	1303	87559492	True	427d15214c3d4564	366a9317181c68a8	True
boids_sim	O2	a16xy16	gate2	PASS	4375	1303	87438556	True	caf26b78fc571256	8a9bf19df7db3e79	-
boids_sim	O2	a16xy16	head	PASS	4396	1303	87559492	True	427d15214c3d4564	366a9317181c68a8	-
boids_sim	O2	a16xy16	memb1	PASS	4375	1303	87438556	True	caf26b78fc571256	8a9bf19df7db3e79	-
boids_sim	O2	a16xy16	t4	PASS	4396	1303	87559492	True	427d15214c3d4564	366a9317181c68a8	True
boids_sim	O3	a16	gate1	PASS	12807	1303	86621482	True	e050be4862247d43	33fd51f0cdff9182	-
boids_sim	O3	a16	gate2	PASS	12807	1303	86621482	True	e050be4862247d43	33fd51f0cdff9182	-
boids_sim	O3	a16	head	PASS	12805	1303	86621458	True	34d4d4be0f4ffeb1	4412a0d943230ecb	-
boids_sim	O3	a16	memb1	PASS	12807	1303	86621482	True	e050be4862247d43	33fd51f0cdff9182	-
boids_sim	O3	a16	t4	PASS	12807	1303	86621482	True	e050be4862247d43	33fd51f0cdff9182	-
boids_sim	O3	a16xy16	gate1	PASS	12767	1303	86550420	True	9989c80bba39bd59	77f7f687e0300da7	-
boids_sim	O3	a16xy16	gate2	PASS	12767	1303	86550420	True	9989c80bba39bd59	77f7f687e0300da7	-
boids_sim	O3	a16xy16	head	PASS	12765	1303	86550396	True	0806f5b1f6940417	9dc92df8b67bf0cc	-
boids_sim	O3	a16xy16	memb1	PASS	12767	1303	86550420	True	9989c80bba39bd59	77f7f687e0300da7	-
boids_sim	O3	a16xy16	t4	PASS	12767	1303	86550420	True	9989c80bba39bd59	77f7f687e0300da7	-
boids_sim	Os	a16	gate1	PASS	4010	925	87581546	True	9b6454a91a0dec61	0a6984cd7f39ae0c	-
boids_sim	Os	a16	gate2	PASS	4031	925	87702482	True	d734e1f9a10c3474	99c08e7ef9ff27ba	True
boids_sim	Os	a16	head	PASS	4031	925	87702482	True	d734e1f9a10c3474	99c08e7ef9ff27ba	-
boids_sim	Os	a16	memb1	PASS	4010	925	87581546	True	9b6454a91a0dec61	0a6984cd7f39ae0c	-
boids_sim	Os	a16	t4	PASS	4031	925	87702482	True	d734e1f9a10c3474	99c08e7ef9ff27ba	True
boids_sim	Os	a16xy16	gate1	PASS	3966	925	87506140	True	2c980ea855574006	e0b888d2b955f7bb	-
boids_sim	Os	a16xy16	gate2	PASS	3987	925	87627036	True	2ffdd7cf974eb90a	6c387f503dcb4259	True
boids_sim	Os	a16xy16	head	PASS	3987	925	87627036	True	2ffdd7cf974eb90a	6c387f503dcb4259	-
boids_sim	Os	a16xy16	memb1	PASS	3966	925	87506140	True	2c980ea855574006	e0b888d2b955f7bb	-
boids_sim	Os	a16xy16	t4	PASS	3987	925	87627036	True	2ffdd7cf974eb90a	6c387f503dcb4259	True
boids_sim	Oz	a16	gate1	PASS	4027	902	87879076	True	814609873dca0d3b	ffa7c318d29e0953	-
boids_sim	Oz	a16	gate2	PASS	4025	902	87877628	True	6b9b9287b38e10f6	ba783b588627fee1	True
boids_sim	Oz	a16	head	PASS	4025	902	87877628	True	6b9b9287b38e10f6	ba783b588627fee1	-
boids_sim	Oz	a16	memb1	PASS	4027	902	87879076	True	814609873dca0d3b	ffa7c318d29e0953	-
boids_sim	Oz	a16	t4	PASS	4025	902	87877628	True	6b9b9287b38e10f6	ba783b588627fee1	True
boids_sim	Oz	a16xy16	gate1	PASS	3977	902	87802746	True	15900963fb314f35	015400d63c1e9f34	-
boids_sim	Oz	a16xy16	gate2	PASS	3975	902	87801298	True	2baf985e19158c55	98c7d986af5ce492	True
boids_sim	Oz	a16xy16	head	PASS	3975	902	87801298	True	2baf985e19158c55	98c7d986af5ce492	-
boids_sim	Oz	a16xy16	memb1	PASS	3977	902	87802746	True	15900963fb314f35	015400d63c1e9f34	-
boids_sim	Oz	a16xy16	t4	PASS	3975	902	87801298	True	2baf985e19158c55	98c7d986af5ce492	True
cgrade_sim	O2	a16	gate1	PASS	937	342	2805208	True	47efcedc84e2c636	92e0b05a30101abe	True
cgrade_sim	O2	a16	gate2	PASS	933	361	2804204	True	8350b4da1ef3e9d3	186979aace8c96ed	-
cgrade_sim	O2	a16	head	PASS	937	342	2805208	True	47efcedc84e2c636	92e0b05a30101abe	-
cgrade_sim	O2	a16	memb1	PASS	933	361	2804204	True	8350b4da1ef3e9d3	186979aace8c96ed	-
cgrade_sim	O2	a16	t4	PASS	937	342	2805208	True	47efcedc84e2c636	92e0b05a30101abe	True
cgrade_sim	O2	a16xy16	gate1	PASS	937	342	2805208	True	47efcedc84e2c636	92e0b05a30101abe	True
cgrade_sim	O2	a16xy16	gate2	PASS	933	361	2804204	True	8350b4da1ef3e9d3	186979aace8c96ed	-
cgrade_sim	O2	a16xy16	head	PASS	937	342	2805208	True	47efcedc84e2c636	92e0b05a30101abe	-
cgrade_sim	O2	a16xy16	memb1	PASS	933	361	2804204	True	8350b4da1ef3e9d3	186979aace8c96ed	-
cgrade_sim	O2	a16xy16	t4	PASS	937	342	2805208	True	47efcedc84e2c636	92e0b05a30101abe	True
cgrade_sim	O3	a16	gate1	PASS	965	342	2810714	True	bac681683d435cf2	ba22590373477c2c	True
cgrade_sim	O3	a16	gate2	PASS	933	361	2804204	True	8350b4da1ef3e9d3	186979aace8c96ed	-
cgrade_sim	O3	a16	head	PASS	965	342	2810714	True	bac681683d435cf2	ba22590373477c2c	-
cgrade_sim	O3	a16	memb1	PASS	933	361	2804204	True	8350b4da1ef3e9d3	186979aace8c96ed	-
cgrade_sim	O3	a16	t4	PASS	965	342	2810714	True	bac681683d435cf2	ba22590373477c2c	True
cgrade_sim	O3	a16xy16	gate1	PASS	965	342	2810714	True	bac681683d435cf2	ba22590373477c2c	True
cgrade_sim	O3	a16xy16	gate2	PASS	933	361	2804204	True	8350b4da1ef3e9d3	186979aace8c96ed	-
cgrade_sim	O3	a16xy16	head	PASS	965	342	2810714	True	bac681683d435cf2	ba22590373477c2c	-
cgrade_sim	O3	a16xy16	memb1	PASS	933	361	2804204	True	8350b4da1ef3e9d3	186979aace8c96ed	-
cgrade_sim	O3	a16xy16	t4	PASS	965	342	2810714	True	bac681683d435cf2	ba22590373477c2c	True
cgrade_sim	Os	a16	gate1	PASS	924	352	2804144	True	3386f77c354d6922	505002212ae7db1a	-
cgrade_sim	Os	a16	gate2	PASS	928	333	2805148	True	befa5f0cf721d15d	1a013030139a7eac	True
cgrade_sim	Os	a16	head	PASS	928	333	2805148	True	befa5f0cf721d15d	1a013030139a7eac	-
cgrade_sim	Os	a16	memb1	PASS	924	352	2804144	True	3386f77c354d6922	505002212ae7db1a	-
cgrade_sim	Os	a16	t4	PASS	928	333	2805148	True	befa5f0cf721d15d	1a013030139a7eac	True
cgrade_sim	Os	a16xy16	gate1	PASS	924	352	2804144	True	3386f77c354d6922	505002212ae7db1a	-
cgrade_sim	Os	a16xy16	gate2	PASS	928	333	2805148	True	befa5f0cf721d15d	1a013030139a7eac	True
cgrade_sim	Os	a16xy16	head	PASS	928	333	2805148	True	befa5f0cf721d15d	1a013030139a7eac	-
cgrade_sim	Os	a16xy16	memb1	PASS	924	352	2804144	True	3386f77c354d6922	505002212ae7db1a	-
cgrade_sim	Os	a16xy16	t4	PASS	928	333	2805148	True	befa5f0cf721d15d	1a013030139a7eac	True
cgrade_sim	Oz	a16	gate1	PASS	949	377	2914930	True	6170b00f49da6aad	6eda871b30daa3df	-
cgrade_sim	Oz	a16	gate2	PASS	977	382	2940854	True	8d56268c6617a006	a3db016984675c05	True
cgrade_sim	Oz	a16	head	PASS	977	382	2940854	True	8d56268c6617a006	a3db016984675c05	-
cgrade_sim	Oz	a16	memb1	PASS	949	377	2914930	True	6170b00f49da6aad	6eda871b30daa3df	-
cgrade_sim	Oz	a16	t4	PASS	977	382	2940854	True	8d56268c6617a006	a3db016984675c05	True
cgrade_sim	Oz	a16xy16	gate1	PASS	949	377	2914930	True	6170b00f49da6aad	6eda871b30daa3df	-
cgrade_sim	Oz	a16xy16	gate2	PASS	977	382	2940854	True	8d56268c6617a006	a3db016984675c05	True
cgrade_sim	Oz	a16xy16	head	PASS	977	382	2940854	True	8d56268c6617a006	a3db016984675c05	-
cgrade_sim	Oz	a16xy16	memb1	PASS	949	377	2914930	True	6170b00f49da6aad	6eda871b30daa3df	-
cgrade_sim	Oz	a16xy16	t4	PASS	977	382	2940854	True	8d56268c6617a006	a3db016984675c05	True
critters_sim	O2	a16	gate1	PASS	658	473	9226808	True	85fb207d35c38e94	36ffb54887b6701b	True
critters_sim	O2	a16	gate2	PASS	656	475	9097440	True	58177386e15b600a	a5cf68c674bf8181	-
critters_sim	O2	a16	head	PASS	658	473	9226808	True	85fb207d35c38e94	36ffb54887b6701b	-
critters_sim	O2	a16	memb1	PASS	656	475	9097440	True	58177386e15b600a	a5cf68c674bf8181	-
critters_sim	O2	a16	t4	PASS	658	473	9226808	True	85fb207d35c38e94	36ffb54887b6701b	True
critters_sim	O2	a16xy16	gate1	PASS	651	473	8782392	True	8987864b2bc6a3f3	90f2cbb07fd75fa5	True
critters_sim	O2	a16xy16	gate2	PASS	651	475	8718304	True	0bd1ac51c0055c29	dc6e336e9d8c70fc	-
critters_sim	O2	a16xy16	head	PASS	651	473	8782392	True	8987864b2bc6a3f3	90f2cbb07fd75fa5	-
critters_sim	O2	a16xy16	memb1	PASS	651	475	8718304	True	0bd1ac51c0055c29	dc6e336e9d8c70fc	-
critters_sim	O2	a16xy16	t4	PASS	651	473	8782392	True	8987864b2bc6a3f3	90f2cbb07fd75fa5	True
critters_sim	O3	a16	gate1	PASS	658	473	9226808	True	85fb207d35c38e94	36ffb54887b6701b	True
critters_sim	O3	a16	gate2	PASS	656	475	9097440	True	58177386e15b600a	a5cf68c674bf8181	-
critters_sim	O3	a16	head	PASS	658	473	9226808	True	85fb207d35c38e94	36ffb54887b6701b	-
critters_sim	O3	a16	memb1	PASS	656	475	9097440	True	58177386e15b600a	a5cf68c674bf8181	-
critters_sim	O3	a16	t4	PASS	658	473	9226808	True	85fb207d35c38e94	36ffb54887b6701b	True
critters_sim	O3	a16xy16	gate1	PASS	651	473	8782392	True	8987864b2bc6a3f3	90f2cbb07fd75fa5	True
critters_sim	O3	a16xy16	gate2	PASS	651	475	8718304	True	0bd1ac51c0055c29	dc6e336e9d8c70fc	-
critters_sim	O3	a16xy16	head	PASS	651	473	8782392	True	8987864b2bc6a3f3	90f2cbb07fd75fa5	-
critters_sim	O3	a16xy16	memb1	PASS	651	475	8718304	True	0bd1ac51c0055c29	dc6e336e9d8c70fc	-
critters_sim	O3	a16xy16	t4	PASS	651	473	8782392	True	8987864b2bc6a3f3	90f2cbb07fd75fa5	True
critters_sim	Os	a16	gate1	PASS	639	458	9090786	True	1905a0a7aea4218e	2f3d9afd3c1aa488	-
critters_sim	Os	a16	gate2	PASS	641	456	9220154	True	10e5e50de01a6de1	45ab9183942cb140	True
critters_sim	Os	a16	head	PASS	641	456	9220154	True	10e5e50de01a6de1	45ab9183942cb140	-
critters_sim	Os	a16	memb1	PASS	639	458	9090786	True	1905a0a7aea4218e	2f3d9afd3c1aa488	-
critters_sim	Os	a16	t4	PASS	641	456	9220154	True	10e5e50de01a6de1	45ab9183942cb140	True
critters_sim	Os	a16xy16	gate1	PASS	629	458	8741570	True	666bd583bcccb96c	9f233d2a53f9ce00	-
critters_sim	Os	a16xy16	gate2	PASS	629	456	8805658	True	ef2f2851ef099605	f891f52058afb104	True
critters_sim	Os	a16xy16	head	PASS	629	456	8805658	True	ef2f2851ef099605	f891f52058afb104	-
critters_sim	Os	a16xy16	memb1	PASS	629	458	8741570	True	666bd583bcccb96c	9f233d2a53f9ce00	-
critters_sim	Os	a16xy16	t4	PASS	629	456	8805658	True	ef2f2851ef099605	f891f52058afb104	True
critters_sim	Oz	a16	gate1	PASS	602	421	8099828	True	eb36126805992788	bd3d58453601cdda	-
critters_sim	Oz	a16	gate2	PASS	605	420	8229772	True	33694d0911f08920	f93faa77a499a732	True
critters_sim	Oz	a16	head	PASS	605	420	8229772	True	33694d0911f08920	f93faa77a499a732	-
critters_sim	Oz	a16	memb1	PASS	602	421	8099828	True	eb36126805992788	bd3d58453601cdda	-
critters_sim	Oz	a16	t4	PASS	605	420	8229772	True	33694d0911f08920	f93faa77a499a732	True
critters_sim	Oz	a16xy16	gate1	PASS	592	421	7750612	True	31a8939f48499d6e	22211e8bbecf3060	-
critters_sim	Oz	a16xy16	gate2	PASS	593	420	7815276	True	2590b1cf0e5de097	1ecb35fb4d5ee84d	True
critters_sim	Oz	a16xy16	head	PASS	593	420	7815276	True	2590b1cf0e5de097	1ecb35fb4d5ee84d	-
critters_sim	Oz	a16xy16	memb1	PASS	592	421	7750612	True	31a8939f48499d6e	22211e8bbecf3060	-
critters_sim	Oz	a16xy16	t4	PASS	593	420	7815276	True	2590b1cf0e5de097	1ecb35fb4d5ee84d	True
domcol_sim	O2	a16	gate1	PASS	1822	1822	23747476	True	af7cf9b45d8d2dd9	64cd0e36336661c4	True
domcol_sim	O2	a16	gate2	PASS	1822	1822	23747476	True	af7cf9b45d8d2dd9	64cd0e36336661c4	True
domcol_sim	O2	a16	head	PASS	1822	1822	23747476	True	af7cf9b45d8d2dd9	64cd0e36336661c4	-
domcol_sim	O2	a16	memb1	PASS	1822	1822	23747476	True	af7cf9b45d8d2dd9	64cd0e36336661c4	True
domcol_sim	O2	a16	t4	PASS	1822	1822	23747476	True	af7cf9b45d8d2dd9	64cd0e36336661c4	True
domcol_sim	O2	a16xy16	gate1	PASS	1822	1822	23747476	True	af7cf9b45d8d2dd9	64cd0e36336661c4	True
domcol_sim	O2	a16xy16	gate2	PASS	1822	1822	23747476	True	af7cf9b45d8d2dd9	64cd0e36336661c4	True
domcol_sim	O2	a16xy16	head	PASS	1822	1822	23747476	True	af7cf9b45d8d2dd9	64cd0e36336661c4	-
domcol_sim	O2	a16xy16	memb1	PASS	1822	1822	23747476	True	af7cf9b45d8d2dd9	64cd0e36336661c4	True
domcol_sim	O2	a16xy16	t4	PASS	1822	1822	23747476	True	af7cf9b45d8d2dd9	64cd0e36336661c4	True
domcol_sim	O3	a16	gate1	PASS	1828	1828	23747444	True	159ebac9edb6ea55	24e147de13eef43a	True
domcol_sim	O3	a16	gate2	PASS	1828	1828	23747444	True	159ebac9edb6ea55	24e147de13eef43a	True
domcol_sim	O3	a16	head	PASS	1828	1828	23747444	True	159ebac9edb6ea55	24e147de13eef43a	-
domcol_sim	O3	a16	memb1	PASS	1828	1828	23747444	True	159ebac9edb6ea55	24e147de13eef43a	True
domcol_sim	O3	a16	t4	PASS	1828	1828	23747444	True	159ebac9edb6ea55	24e147de13eef43a	True
domcol_sim	O3	a16xy16	gate1	PASS	1828	1828	23747444	True	159ebac9edb6ea55	24e147de13eef43a	True
domcol_sim	O3	a16xy16	gate2	PASS	1828	1828	23747444	True	159ebac9edb6ea55	24e147de13eef43a	True
domcol_sim	O3	a16xy16	head	PASS	1828	1828	23747444	True	159ebac9edb6ea55	24e147de13eef43a	-
domcol_sim	O3	a16xy16	memb1	PASS	1828	1828	23747444	True	159ebac9edb6ea55	24e147de13eef43a	True
domcol_sim	O3	a16xy16	t4	PASS	1828	1828	23747444	True	159ebac9edb6ea55	24e147de13eef43a	True
domcol_sim	Os	a16	gate1	PASS	1808	1808	23746842	True	a6ea33d33b623def	847c74dfe7419ea5	True
domcol_sim	Os	a16	gate2	PASS	1808	1808	23746842	True	a6ea33d33b623def	847c74dfe7419ea5	True
domcol_sim	Os	a16	head	PASS	1808	1808	23746842	True	a6ea33d33b623def	847c74dfe7419ea5	-
domcol_sim	Os	a16	memb1	PASS	1808	1808	23746842	True	a6ea33d33b623def	847c74dfe7419ea5	True
domcol_sim	Os	a16	t4	PASS	1808	1808	23746842	True	a6ea33d33b623def	847c74dfe7419ea5	True
domcol_sim	Os	a16xy16	gate1	PASS	1808	1808	23746842	True	a6ea33d33b623def	847c74dfe7419ea5	True
domcol_sim	Os	a16xy16	gate2	PASS	1808	1808	23746842	True	a6ea33d33b623def	847c74dfe7419ea5	True
domcol_sim	Os	a16xy16	head	PASS	1808	1808	23746842	True	a6ea33d33b623def	847c74dfe7419ea5	-
domcol_sim	Os	a16xy16	memb1	PASS	1808	1808	23746842	True	a6ea33d33b623def	847c74dfe7419ea5	True
domcol_sim	Os	a16xy16	t4	PASS	1808	1808	23746842	True	a6ea33d33b623def	847c74dfe7419ea5	True
domcol_sim	Oz	a16	gate1	llc-fail rc=-6	-	-	-	-	-	-	-
domcol_sim	Oz	a16	gate2	llc-fail rc=-6	-	-	-	-	-	-	-
domcol_sim	Oz	a16	head	llc-fail rc=-6	-	-	-	-	-	-	-
domcol_sim	Oz	a16	memb1	llc-fail rc=-6	-	-	-	-	-	-	-
domcol_sim	Oz	a16	t4	llc-fail rc=-6	-	-	-	-	-	-	-
domcol_sim	Oz	a16xy16	gate1	llc-fail rc=-6	-	-	-	-	-	-	-
domcol_sim	Oz	a16xy16	gate2	llc-fail rc=-6	-	-	-	-	-	-	-
domcol_sim	Oz	a16xy16	head	llc-fail rc=-6	-	-	-	-	-	-	-
domcol_sim	Oz	a16xy16	memb1	llc-fail rc=-6	-	-	-	-	-	-	-
domcol_sim	Oz	a16xy16	t4	llc-fail rc=-6	-	-	-	-	-	-	-
fenwick_sim	O2	a16	gate1	PASS	676	676	14332966	True	62b3fd2625f6a6a6	b193519ee3bf9f46	True
fenwick_sim	O2	a16	gate2	PASS	676	676	14332966	True	62b3fd2625f6a6a6	b193519ee3bf9f46	True
fenwick_sim	O2	a16	head	PASS	676	676	14332966	True	62b3fd2625f6a6a6	b193519ee3bf9f46	-
fenwick_sim	O2	a16	memb1	PASS	676	676	14332966	True	62b3fd2625f6a6a6	b193519ee3bf9f46	True
fenwick_sim	O2	a16	t4	PASS	676	676	14332966	True	62b3fd2625f6a6a6	b193519ee3bf9f46	True
fenwick_sim	O2	a16xy16	gate1	PASS	647	647	13294246	True	3cf84be9d739ad8c	12a7b1801e89394d	True
fenwick_sim	O2	a16xy16	gate2	PASS	647	647	13294246	True	3cf84be9d739ad8c	12a7b1801e89394d	True
fenwick_sim	O2	a16xy16	head	PASS	647	647	13294246	True	3cf84be9d739ad8c	12a7b1801e89394d	-
fenwick_sim	O2	a16xy16	memb1	PASS	647	647	13294246	True	3cf84be9d739ad8c	12a7b1801e89394d	True
fenwick_sim	O2	a16xy16	t4	PASS	647	647	13294246	True	3cf84be9d739ad8c	12a7b1801e89394d	True
fenwick_sim	O3	a16	gate1	PASS	773	773	10476780	True	52dd1ebb9f0aef65	f0c8248a24b62b64	True
fenwick_sim	O3	a16	gate2	PASS	773	773	10476780	True	52dd1ebb9f0aef65	f0c8248a24b62b64	True
fenwick_sim	O3	a16	head	PASS	773	773	10476780	True	52dd1ebb9f0aef65	f0c8248a24b62b64	-
fenwick_sim	O3	a16	memb1	PASS	773	773	10476780	True	52dd1ebb9f0aef65	f0c8248a24b62b64	True
fenwick_sim	O3	a16	t4	PASS	773	773	10476780	True	52dd1ebb9f0aef65	f0c8248a24b62b64	True
fenwick_sim	O3	a16xy16	gate1	PASS	762	762	9709300	True	3d477fea985869ec	2b4756a62c9e2de1	True
fenwick_sim	O3	a16xy16	gate2	PASS	762	762	9709300	True	3d477fea985869ec	2b4756a62c9e2de1	True
fenwick_sim	O3	a16xy16	head	PASS	762	762	9709300	True	3d477fea985869ec	2b4756a62c9e2de1	-
fenwick_sim	O3	a16xy16	memb1	PASS	762	762	9709300	True	3d477fea985869ec	2b4756a62c9e2de1	True
fenwick_sim	O3	a16xy16	t4	PASS	762	762	9709300	True	3d477fea985869ec	2b4756a62c9e2de1	True
fenwick_sim	Os	a16	gate1	PASS	666	666	14323508	True	8ecbd32487c7a0dc	459201bd2d26af9f	True
fenwick_sim	Os	a16	gate2	PASS	666	666	14323508	True	8ecbd32487c7a0dc	459201bd2d26af9f	True
fenwick_sim	Os	a16	head	PASS	666	666	14323508	True	8ecbd32487c7a0dc	459201bd2d26af9f	-
fenwick_sim	Os	a16	memb1	PASS	666	666	14323508	True	8ecbd32487c7a0dc	459201bd2d26af9f	True
fenwick_sim	Os	a16	t4	PASS	666	666	14323508	True	8ecbd32487c7a0dc	459201bd2d26af9f	True
fenwick_sim	Os	a16xy16	gate1	PASS	637	637	13284788	True	366ef0c349e99945	0184de5a156dd206	True
fenwick_sim	Os	a16xy16	gate2	PASS	637	637	13284788	True	366ef0c349e99945	0184de5a156dd206	True
fenwick_sim	Os	a16xy16	head	PASS	637	637	13284788	True	366ef0c349e99945	0184de5a156dd206	-
fenwick_sim	Os	a16xy16	memb1	PASS	637	637	13284788	True	366ef0c349e99945	0184de5a156dd206	True
fenwick_sim	Os	a16xy16	t4	PASS	637	637	13284788	True	366ef0c349e99945	0184de5a156dd206	True
fenwick_sim	Oz	a16	gate1	PASS	697	630	14682612	True	7f0c1815a82df251	8798cc15560a6bec	True
fenwick_sim	Oz	a16	gate2	PASS	697	630	14682612	True	7f0c1815a82df251	8798cc15560a6bec	True
fenwick_sim	Oz	a16	head	PASS	697	630	14682612	True	7f0c1815a82df251	8798cc15560a6bec	-
fenwick_sim	Oz	a16	memb1	PASS	697	630	14682612	True	7f0c1815a82df251	8798cc15560a6bec	True
fenwick_sim	Oz	a16	t4	PASS	697	630	14682612	True	7f0c1815a82df251	8798cc15560a6bec	True
fenwick_sim	Oz	a16xy16	gate1	PASS	693	639	14663572	True	f041d9b5e2a8c180	e0bcdd1e7265c8aa	True
fenwick_sim	Oz	a16xy16	gate2	PASS	693	639	14663572	True	f041d9b5e2a8c180	e0bcdd1e7265c8aa	True
fenwick_sim	Oz	a16xy16	head	PASS	693	639	14663572	True	f041d9b5e2a8c180	e0bcdd1e7265c8aa	-
fenwick_sim	Oz	a16xy16	memb1	PASS	693	639	14663572	True	f041d9b5e2a8c180	e0bcdd1e7265c8aa	True
fenwick_sim	Oz	a16xy16	t4	PASS	693	639	14663572	True	f041d9b5e2a8c180	e0bcdd1e7265c8aa	True
grid3d_sim	O2	a16	gate1	PASS	2829	2829	24596746	True	5809dfcb7484c3a2	701e52e2dc47ac7f	True
grid3d_sim	O2	a16	gate2	PASS	2860	2860	24630764	True	8c75da1a4cd9932c	476e0f39c4a6f792	-
grid3d_sim	O2	a16	head	PASS	2829	2829	24596746	True	5809dfcb7484c3a2	701e52e2dc47ac7f	-
grid3d_sim	O2	a16	memb1	PASS	2860	2860	24630764	True	8c75da1a4cd9932c	476e0f39c4a6f792	-
grid3d_sim	O2	a16	t4	PASS	2829	2829	24596746	True	5809dfcb7484c3a2	701e52e2dc47ac7f	True
grid3d_sim	O2	a16xy16	gate1	PASS	2802	2802	23769238	True	c8575e1b155f777d	af4de7d5133bb857	True
grid3d_sim	O2	a16xy16	gate2	PASS	2843	2843	23820512	True	1b611f30775a2eaf	ea1fcc2cc99f05ad	-
grid3d_sim	O2	a16xy16	head	PASS	2802	2802	23769238	True	c8575e1b155f777d	af4de7d5133bb857	-
grid3d_sim	O2	a16xy16	memb1	PASS	2843	2843	23820512	True	1b611f30775a2eaf	ea1fcc2cc99f05ad	-
grid3d_sim	O2	a16xy16	t4	PASS	2802	2802	23769238	True	c8575e1b155f777d	af4de7d5133bb857	True
grid3d_sim	O3	a16	gate1	llc-fail rc=-6	-	-	-	-	-	-	-
grid3d_sim	O3	a16	gate2	PASS	8378	8378	20013270	True	0c72bd89e1b01058	5862b64baaafcd1f	-
grid3d_sim	O3	a16	head	llc-fail rc=-6	-	-	-	-	-	-	-
grid3d_sim	O3	a16	memb1	PASS	8378	8378	20013270	True	0c72bd89e1b01058	5862b64baaafcd1f	-
grid3d_sim	O3	a16	t4	llc-fail rc=-6	-	-	-	-	-	-	-
grid3d_sim	O3	a16xy16	gate1	llc-fail rc=-6	-	-	-	-	-	-	-
grid3d_sim	O3	a16xy16	gate2	PASS	8345	8345	19737998	True	9032237e10c96e50	2cedbac85445ef7a	-
grid3d_sim	O3	a16xy16	head	llc-fail rc=-6	-	-	-	-	-	-	-
grid3d_sim	O3	a16xy16	memb1	PASS	8345	8345	19737998	True	9032237e10c96e50	2cedbac85445ef7a	-
grid3d_sim	O3	a16xy16	t4	llc-fail rc=-6	-	-	-	-	-	-	-
grid3d_sim	Os	a16	gate1	PASS	1360	1360	45093370	True	99612d553134d641	e8804b09972ccbc0	-
grid3d_sim	Os	a16	gate2	PASS	1335	1335	44988338	True	ad1cc5299e19db8d	58ca782c56aa7108	True
grid3d_sim	Os	a16	head	PASS	1335	1335	44988338	True	ad1cc5299e19db8d	58ca782c56aa7108	-
grid3d_sim	Os	a16	memb1	PASS	1360	1360	45093370	True	99612d553134d641	e8804b09972ccbc0	-
grid3d_sim	Os	a16	t4	PASS	1335	1335	44988338	True	ad1cc5299e19db8d	58ca782c56aa7108	True
grid3d_sim	Os	a16xy16	gate1	PASS	1360	1360	45093370	True	99612d553134d641	e8804b09972ccbc0	-
grid3d_sim	Os	a16xy16	gate2	PASS	1335	1335	44988338	True	ad1cc5299e19db8d	58ca782c56aa7108	True
grid3d_sim	Os	a16xy16	head	PASS	1335	1335	44988338	True	ad1cc5299e19db8d	58ca782c56aa7108	-
grid3d_sim	Os	a16xy16	memb1	PASS	1360	1360	45093370	True	99612d553134d641	e8804b09972ccbc0	-
grid3d_sim	Os	a16xy16	t4	PASS	1335	1335	44988338	True	ad1cc5299e19db8d	58ca782c56aa7108	True
grid3d_sim	Oz	a16	gate1	PASS	1401	1401	44483982	True	467b3a21515cbe44	00f0cbdfd48b4bab	-
grid3d_sim	Oz	a16	gate2	PASS	1386	1386	44464662	True	4612117c5751a3c5	9092f9ccd24a6acb	True
grid3d_sim	Oz	a16	head	PASS	1386	1386	44464662	True	4612117c5751a3c5	9092f9ccd24a6acb	-
grid3d_sim	Oz	a16	memb1	PASS	1401	1401	44483982	True	467b3a21515cbe44	00f0cbdfd48b4bab	-
grid3d_sim	Oz	a16	t4	PASS	1386	1386	44464662	True	4612117c5751a3c5	9092f9ccd24a6acb	True
grid3d_sim	Oz	a16xy16	gate1	PASS	1401	1401	44483982	True	467b3a21515cbe44	00f0cbdfd48b4bab	-
grid3d_sim	Oz	a16xy16	gate2	PASS	1386	1386	44464662	True	4612117c5751a3c5	9092f9ccd24a6acb	True
grid3d_sim	Oz	a16xy16	head	PASS	1386	1386	44464662	True	4612117c5751a3c5	9092f9ccd24a6acb	-
grid3d_sim	Oz	a16xy16	memb1	PASS	1401	1401	44483982	True	467b3a21515cbe44	00f0cbdfd48b4bab	-
grid3d_sim	Oz	a16xy16	t4	PASS	1386	1386	44464662	True	4612117c5751a3c5	9092f9ccd24a6acb	True
jt256_sim	O2	a16	gate1	PASS	7064	959	7042182	True	d1aa28d8015f25b8	9598152df4323818	True
jt256_sim	O2	a16	gate2	PASS	7066	961	7056982	True	a11317290ad82a87	357442323d805908	-
jt256_sim	O2	a16	head	PASS	7064	959	7042182	True	d1aa28d8015f25b8	9598152df4323818	-
jt256_sim	O2	a16	memb1	PASS	7066	961	7056982	True	a11317290ad82a87	357442323d805908	-
jt256_sim	O2	a16	t4	PASS	7064	959	7042182	True	d1aa28d8015f25b8	9598152df4323818	True
jt256_sim	O2	a16xy16	gate1	PASS	7110	919	6809030	True	3d25d78e925311c0	5eca4419b2efeb5c	True
jt256_sim	O2	a16xy16	gate2	PASS	7110	919	6809030	True	3d25d78e925311c0	5eca4419b2efeb5c	True
jt256_sim	O2	a16xy16	head	PASS	7110	919	6809030	True	3d25d78e925311c0	5eca4419b2efeb5c	-
jt256_sim	O2	a16xy16	memb1	PASS	7110	919	6809030	True	3d25d78e925311c0	5eca4419b2efeb5c	True
jt256_sim	O2	a16xy16	t4	PASS	7110	919	6809030	True	3d25d78e925311c0	5eca4419b2efeb5c	True
jt256_sim	O3	a16	gate1	PASS	9355	2444	7072944	True	44f14693b558c5a4	525a8d1556af6d13	True
jt256_sim	O3	a16	gate2	PASS	9357	2446	7087744	True	636e00fc690a875f	92c4dadea37787ec	-
jt256_sim	O3	a16	head	PASS	9355	2444	7072944	True	44f14693b558c5a4	525a8d1556af6d13	-
jt256_sim	O3	a16	memb1	PASS	9357	2446	7087744	True	636e00fc690a875f	92c4dadea37787ec	-
jt256_sim	O3	a16	t4	PASS	9355	2444	7072944	True	44f14693b558c5a4	525a8d1556af6d13	True
jt256_sim	O3	a16xy16	gate1	PASS	9322	2404	6826984	True	56a6385ec6bee0a1	e47643f187de8a03	True
jt256_sim	O3	a16xy16	gate2	PASS	9322	2404	6826984	True	56a6385ec6bee0a1	e47643f187de8a03	True
jt256_sim	O3	a16xy16	head	PASS	9322	2404	6826984	True	56a6385ec6bee0a1	e47643f187de8a03	-
jt256_sim	O3	a16xy16	memb1	PASS	9322	2404	6826984	True	56a6385ec6bee0a1	e47643f187de8a03	True
jt256_sim	O3	a16xy16	t4	PASS	9322	2404	6826984	True	56a6385ec6bee0a1	e47643f187de8a03	True
jt256_sim	Os	a16	gate1	PASS	6964	880	7045974	True	ce945ef37ad0cb21	69a28cbc2002ddc2	-
jt256_sim	Os	a16	gate2	PASS	6962	878	7031174	True	798d8701dd4690e5	484bef8d1f0e9e8e	True
jt256_sim	Os	a16	head	PASS	6962	878	7031174	True	798d8701dd4690e5	484bef8d1f0e9e8e	-
jt256_sim	Os	a16	memb1	PASS	6964	880	7045974	True	ce945ef37ad0cb21	69a28cbc2002ddc2	-
jt256_sim	Os	a16	t4	PASS	6962	878	7031174	True	798d8701dd4690e5	484bef8d1f0e9e8e	True
jt256_sim	Os	a16xy16	gate1	PASS	6983	838	6798102	True	915f624b45b24cfd	756fb873d1cf3eb3	True
jt256_sim	Os	a16xy16	gate2	PASS	6983	838	6798102	True	915f624b45b24cfd	756fb873d1cf3eb3	True
jt256_sim	Os	a16xy16	head	PASS	6983	838	6798102	True	915f624b45b24cfd	756fb873d1cf3eb3	-
jt256_sim	Os	a16xy16	memb1	PASS	6983	838	6798102	True	915f624b45b24cfd	756fb873d1cf3eb3	True
jt256_sim	Os	a16xy16	t4	PASS	6983	838	6798102	True	915f624b45b24cfd	756fb873d1cf3eb3	True
jt256_sim	Oz	a16	gate1	PASS	6654	911	7101210	True	61b55af8756a1317	75ad4bd64da4ed1d	-
jt256_sim	Oz	a16	gate2	PASS	6646	903	7067346	True	ebc2e0b3c8b2b609	fe507f0b9f640f1b	True
jt256_sim	Oz	a16	head	PASS	6646	903	7067346	True	ebc2e0b3c8b2b609	fe507f0b9f640f1b	-
jt256_sim	Oz	a16	memb1	PASS	6654	911	7101210	True	61b55af8756a1317	75ad4bd64da4ed1d	-
jt256_sim	Oz	a16	t4	PASS	6646	903	7067346	True	ebc2e0b3c8b2b609	fe507f0b9f640f1b	True
jt256_sim	Oz	a16xy16	gate1	PASS	6665	867	6870106	True	5248e4a34b743ce0	3c1c717d8d156554	-
jt256_sim	Oz	a16xy16	gate2	PASS	6659	861	6851042	True	8725b3204e9b0ca3	3f85cd5734e0c053	True
jt256_sim	Oz	a16xy16	head	PASS	6659	861	6851042	True	8725b3204e9b0ca3	3f85cd5734e0c053	-
jt256_sim	Oz	a16xy16	memb1	PASS	6665	867	6870106	True	5248e4a34b743ce0	3c1c717d8d156554	-
jt256_sim	Oz	a16xy16	t4	PASS	6659	861	6851042	True	8725b3204e9b0ca3	3f85cd5734e0c053	True
lzdec_sim	O2	a16	gate1	PASS	741	685	479884	True	521ebd354f13a3ac	fa2d9f10756589ee	True
lzdec_sim	O2	a16	gate2	PASS	733	677	477912	True	b0c70555ec00f0ca	7f78a579997cecf5	-
lzdec_sim	O2	a16	head	PASS	741	685	479884	True	521ebd354f13a3ac	fa2d9f10756589ee	-
lzdec_sim	O2	a16	memb1	PASS	733	677	477912	True	cd54cac64c0afcf2	c65f8e4222e9e107	-
lzdec_sim	O2	a16	t4	PASS	741	685	479884	True	521ebd354f13a3ac	fa2d9f10756589ee	True
lzdec_sim	O2	a16xy16	gate1	PASS	646	590	460806	True	c4ade69c02417f9e	6d192562b229da68	True
lzdec_sim	O2	a16xy16	gate2	PASS	646	590	460806	True	c4ade69c02417f9e	6d192562b229da68	True
lzdec_sim	O2	a16xy16	head	PASS	646	590	460806	True	c4ade69c02417f9e	6d192562b229da68	-
lzdec_sim	O2	a16xy16	memb1	PASS	646	590	460806	True	c4ade69c02417f9e	6d192562b229da68	True
lzdec_sim	O2	a16xy16	t4	PASS	646	590	460806	True	c4ade69c02417f9e	6d192562b229da68	True
lzdec_sim	O3	a16	gate1	PASS	768	712	479984	True	0b0b9376392451d0	948446b00abbba73	True
lzdec_sim	O3	a16	gate2	PASS	760	704	478012	True	ccb2e090864c71f1	2629108177446b2c	-
lzdec_sim	O3	a16	head	PASS	768	712	479984	True	0b0b9376392451d0	948446b00abbba73	-
lzdec_sim	O3	a16	memb1	PASS	760	704	478012	True	b2674c09d3a0e9d8	3e501d70d8640ebc	-
lzdec_sim	O3	a16	t4	PASS	768	712	479984	True	0b0b9376392451d0	948446b00abbba73	True
lzdec_sim	O3	a16xy16	gate1	PASS	671	615	460906	True	3e5a53be5a10c9b1	46bedca0efcf4ce5	True
lzdec_sim	O3	a16xy16	gate2	PASS	671	615	460906	True	3e5a53be5a10c9b1	46bedca0efcf4ce5	True
lzdec_sim	O3	a16xy16	head	PASS	671	615	460906	True	3e5a53be5a10c9b1	46bedca0efcf4ce5	-
lzdec_sim	O3	a16xy16	memb1	PASS	671	615	460906	True	3e5a53be5a10c9b1	46bedca0efcf4ce5	True
lzdec_sim	O3	a16xy16	t4	PASS	671	615	460906	True	3e5a53be5a10c9b1	46bedca0efcf4ce5	True
lzdec_sim	Os	a16	gate1	PASS	716	660	478456	True	1de890cf3628656b	b891385e9727880d	-
lzdec_sim	Os	a16	gate2	PASS	724	668	480428	True	1aa50a28f32c26f6	0f7fcf8e2fd444fb	True
lzdec_sim	Os	a16	head	PASS	724	668	480428	True	1aa50a28f32c26f6	0f7fcf8e2fd444fb	-
lzdec_sim	Os	a16	memb1	PASS	716	660	478456	True	9a4a8705a2c3a236	a3a09b05a528307b	-
lzdec_sim	Os	a16	t4	PASS	724	668	480428	True	1aa50a28f32c26f6	0f7fcf8e2fd444fb	True
lzdec_sim	Os	a16xy16	gate1	PASS	629	573	461350	True	5e8f288e2b73323a	47e80c0187601992	True
lzdec_sim	Os	a16xy16	gate2	PASS	629	573	461350	True	5e8f288e2b73323a	47e80c0187601992	True
lzdec_sim	Os	a16xy16	head	PASS	629	573	461350	True	5e8f288e2b73323a	47e80c0187601992	-
lzdec_sim	Os	a16xy16	memb1	PASS	629	573	461350	True	5e8f288e2b73323a	47e80c0187601992	True
lzdec_sim	Os	a16xy16	t4	PASS	629	573	461350	True	5e8f288e2b73323a	47e80c0187601992	True
lzdec_sim	Oz	a16	gate1	PASS	745	689	532640	True	4f27b4a6e3ffa90b	19a5628140aa45d9	-
lzdec_sim	Oz	a16	gate2	PASS	745	689	531980	True	3a78521728b7dfd1	eab9da76d345e41e	True
lzdec_sim	Oz	a16	head	PASS	745	689	531980	True	3a78521728b7dfd1	eab9da76d345e41e	-
lzdec_sim	Oz	a16	memb1	PASS	745	689	532640	True	4f27b4a6e3ffa90b	19a5628140aa45d9	-
lzdec_sim	Oz	a16	t4	PASS	745	689	531980	True	3a78521728b7dfd1	eab9da76d345e41e	True
lzdec_sim	Oz	a16xy16	gate1	PASS	657	601	516718	True	497b9d958359b911	2a81d2156cb98284	-
lzdec_sim	Oz	a16xy16	gate2	PASS	659	603	516686	True	94da06de6539d6ae	c5be0c3fea5f1aad	True
lzdec_sim	Oz	a16xy16	head	PASS	659	603	516686	True	94da06de6539d6ae	c5be0c3fea5f1aad	-
lzdec_sim	Oz	a16xy16	memb1	PASS	657	601	516718	True	497b9d958359b911	2a81d2156cb98284	-
lzdec_sim	Oz	a16xy16	t4	PASS	659	603	516686	True	94da06de6539d6ae	c5be0c3fea5f1aad	True
montorbit_sim	O2	a16	gate1	PASS	400	400	2736608	True	b4507cfe14bade7f	afb7b61c7ff2e146	True
montorbit_sim	O2	a16	gate2	PASS	372	372	2721064	True	8d326c4c5fe998d1	c7bf14693347607c	-
montorbit_sim	O2	a16	head	PASS	400	400	2736608	True	b4507cfe14bade7f	afb7b61c7ff2e146	-
montorbit_sim	O2	a16	memb1	PASS	372	372	2721064	True	8d326c4c5fe998d1	c7bf14693347607c	-
montorbit_sim	O2	a16	t4	PASS	400	400	2736608	True	b4507cfe14bade7f	afb7b61c7ff2e146	True
montorbit_sim	O2	a16xy16	gate1	PASS	400	400	2736608	True	b4507cfe14bade7f	afb7b61c7ff2e146	True
montorbit_sim	O2	a16xy16	gate2	PASS	372	372	2721064	True	8d326c4c5fe998d1	c7bf14693347607c	-
montorbit_sim	O2	a16xy16	head	PASS	400	400	2736608	True	b4507cfe14bade7f	afb7b61c7ff2e146	-
montorbit_sim	O2	a16xy16	memb1	PASS	372	372	2721064	True	8d326c4c5fe998d1	c7bf14693347607c	-
montorbit_sim	O2	a16xy16	t4	PASS	400	400	2736608	True	b4507cfe14bade7f	afb7b61c7ff2e146	True
montorbit_sim	O3	a16	gate1	PASS	400	400	2736608	True	b4507cfe14bade7f	afb7b61c7ff2e146	True
montorbit_sim	O3	a16	gate2	PASS	372	372	2721064	True	8d326c4c5fe998d1	c7bf14693347607c	-
montorbit_sim	O3	a16	head	PASS	400	400	2736608	True	b4507cfe14bade7f	afb7b61c7ff2e146	-
montorbit_sim	O3	a16	memb1	PASS	372	372	2721064	True	8d326c4c5fe998d1	c7bf14693347607c	-
montorbit_sim	O3	a16	t4	PASS	400	400	2736608	True	b4507cfe14bade7f	afb7b61c7ff2e146	True
montorbit_sim	O3	a16xy16	gate1	PASS	400	400	2736608	True	b4507cfe14bade7f	afb7b61c7ff2e146	True
montorbit_sim	O3	a16xy16	gate2	PASS	372	372	2721064	True	8d326c4c5fe998d1	c7bf14693347607c	-
montorbit_sim	O3	a16xy16	head	PASS	400	400	2736608	True	b4507cfe14bade7f	afb7b61c7ff2e146	-
montorbit_sim	O3	a16xy16	memb1	PASS	372	372	2721064	True	8d326c4c5fe998d1	c7bf14693347607c	-
montorbit_sim	O3	a16xy16	t4	PASS	400	400	2736608	True	b4507cfe14bade7f	afb7b61c7ff2e146	True
montorbit_sim	Os	a16	gate1	PASS	364	364	2720814	True	62d8df97ea31d79f	bbf191afbe6e8483	-
montorbit_sim	Os	a16	gate2	PASS	392	392	2736358	True	128b8026315967a9	184f4d1d5c280ed7	True
montorbit_sim	Os	a16	head	PASS	392	392	2736358	True	128b8026315967a9	184f4d1d5c280ed7	-
montorbit_sim	Os	a16	memb1	PASS	364	364	2720814	True	62d8df97ea31d79f	bbf191afbe6e8483	-
montorbit_sim	Os	a16	t4	PASS	392	392	2736358	True	128b8026315967a9	184f4d1d5c280ed7	True
montorbit_sim	Os	a16xy16	gate1	PASS	364	364	2720814	True	62d8df97ea31d79f	bbf191afbe6e8483	-
montorbit_sim	Os	a16xy16	gate2	PASS	392	392	2736358	True	128b8026315967a9	184f4d1d5c280ed7	True
montorbit_sim	Os	a16xy16	head	PASS	392	392	2736358	True	128b8026315967a9	184f4d1d5c280ed7	-
montorbit_sim	Os	a16xy16	memb1	PASS	364	364	2720814	True	62d8df97ea31d79f	bbf191afbe6e8483	-
montorbit_sim	Os	a16xy16	t4	PASS	392	392	2736358	True	128b8026315967a9	184f4d1d5c280ed7	True
montorbit_sim	Oz	a16	gate1	PASS	321	204	2799334	True	28150749e5017b43	777e0725e5836b65	True
montorbit_sim	Oz	a16	gate2	PASS	321	204	2799334	True	28150749e5017b43	777e0725e5836b65	True
montorbit_sim	Oz	a16	head	PASS	321	204	2799334	True	28150749e5017b43	777e0725e5836b65	-
montorbit_sim	Oz	a16	memb1	PASS	321	204	2799334	True	28150749e5017b43	777e0725e5836b65	True
montorbit_sim	Oz	a16	t4	PASS	321	204	2799334	True	28150749e5017b43	777e0725e5836b65	True
montorbit_sim	Oz	a16xy16	gate1	PASS	321	204	2799334	True	28150749e5017b43	777e0725e5836b65	True
montorbit_sim	Oz	a16xy16	gate2	PASS	321	204	2799334	True	28150749e5017b43	777e0725e5836b65	True
montorbit_sim	Oz	a16xy16	head	PASS	321	204	2799334	True	28150749e5017b43	777e0725e5836b65	-
montorbit_sim	Oz	a16xy16	memb1	PASS	321	204	2799334	True	28150749e5017b43	777e0725e5836b65	True
montorbit_sim	Oz	a16xy16	t4	PASS	321	204	2799334	True	28150749e5017b43	777e0725e5836b65	True
nmitally_sim	O2	a16	gate1	PASS	824	824	6330266	True	43dc3c7f2cc97e3f	d48e467e773e16c6	-
nmitally_sim	O2	a16	gate2	PASS	650	650	5914130	True	053f40a469b7631f	c43372d6b64b4656	-
nmitally_sim	O2	a16	head	PASS	827	827	6278140	True	55e3e5ec2622bff2	7e32af5fc7f05571	-
nmitally_sim	O2	a16	memb1	PASS	650	650	5914130	True	053f40a469b7631f	c43372d6b64b4656	-
nmitally_sim	O2	a16	t4	PASS	824	824	6330266	True	43dc3c7f2cc97e3f	d48e467e773e16c6	-
nmitally_sim	O2	a16xy16	gate1	PASS	824	824	6330266	True	43dc3c7f2cc97e3f	d48e467e773e16c6	-
nmitally_sim	O2	a16xy16	gate2	PASS	650	650	5914130	True	053f40a469b7631f	c43372d6b64b4656	-
nmitally_sim	O2	a16xy16	head	PASS	827	827	6278140	True	55e3e5ec2622bff2	7e32af5fc7f05571	-
nmitally_sim	O2	a16xy16	memb1	PASS	650	650	5914130	True	053f40a469b7631f	c43372d6b64b4656	-
nmitally_sim	O2	a16xy16	t4	PASS	824	824	6330266	True	43dc3c7f2cc97e3f	d48e467e773e16c6	-
nmitally_sim	O3	a16	gate1	PASS	866	866	6346094	True	164ed3f97cb144a6	007e6058b3aadf34	-
nmitally_sim	O3	a16	gate2	PASS	650	650	5914130	True	053f40a469b7631f	c43372d6b64b4656	-
nmitally_sim	O3	a16	head	PASS	856	856	6287582	True	360cca845e84efd0	0c3cf49cd8b34b78	-
nmitally_sim	O3	a16	memb1	PASS	650	650	5914130	True	053f40a469b7631f	c43372d6b64b4656	-
nmitally_sim	O3	a16	t4	PASS	866	866	6346094	True	164ed3f97cb144a6	007e6058b3aadf34	-
nmitally_sim	O3	a16xy16	gate1	PASS	866	866	6346094	True	164ed3f97cb144a6	007e6058b3aadf34	-
nmitally_sim	O3	a16xy16	gate2	PASS	650	650	5914130	True	053f40a469b7631f	c43372d6b64b4656	-
nmitally_sim	O3	a16xy16	head	PASS	856	856	6287582	True	360cca845e84efd0	0c3cf49cd8b34b78	-
nmitally_sim	O3	a16xy16	memb1	PASS	650	650	5914130	True	053f40a469b7631f	c43372d6b64b4656	-
nmitally_sim	O3	a16xy16	t4	PASS	866	866	6346094	True	164ed3f97cb144a6	007e6058b3aadf34	-
nmitally_sim	Os	a16	gate1	PASS	650	650	5914130	True	053f40a469b7631f	c43372d6b64b4656	-
nmitally_sim	Os	a16	gate2	PASS	815	815	6327246	True	8c46575d6cfdeb6f	4bbb99b1ebec735a	-
nmitally_sim	Os	a16	head	PASS	818	818	6275120	True	d4ce1de4d6d30ca2	7fa8c536e59adb29	-
nmitally_sim	Os	a16	memb1	PASS	650	650	5914130	True	053f40a469b7631f	c43372d6b64b4656	-
nmitally_sim	Os	a16	t4	PASS	815	815	6327246	True	8c46575d6cfdeb6f	4bbb99b1ebec735a	-
nmitally_sim	Os	a16xy16	gate1	PASS	650	650	5914130	True	053f40a469b7631f	c43372d6b64b4656	-
nmitally_sim	Os	a16xy16	gate2	PASS	815	815	6327246	True	8c46575d6cfdeb6f	4bbb99b1ebec735a	-
nmitally_sim	Os	a16xy16	head	PASS	818	818	6275120	True	d4ce1de4d6d30ca2	7fa8c536e59adb29	-
nmitally_sim	Os	a16xy16	memb1	PASS	650	650	5914130	True	053f40a469b7631f	c43372d6b64b4656	-
nmitally_sim	Os	a16xy16	t4	PASS	815	815	6327246	True	8c46575d6cfdeb6f	4bbb99b1ebec735a	-
nmitally_sim	Oz	a16	gate1	PASS	705	705	6078954	True	8d5204cf1f4da000	adcc82727eb0826b	-
nmitally_sim	Oz	a16	gate2	PASS	666	666	5956268	True	cc8f5380fbe705af	42a427fa1b7f7d0a	-
nmitally_sim	Oz	a16	head	PASS	810	810	6217658	True	bb7d5dd925e1fdb8	4f28f900ecd276f8	-
nmitally_sim	Oz	a16	memb1	PASS	705	705	6078954	True	8d5204cf1f4da000	adcc82727eb0826b	-
nmitally_sim	Oz	a16	t4	PASS	666	666	5956268	True	cc8f5380fbe705af	42a427fa1b7f7d0a	-
nmitally_sim	Oz	a16xy16	gate1	PASS	705	705	6078954	True	8d5204cf1f4da000	adcc82727eb0826b	-
nmitally_sim	Oz	a16xy16	gate2	PASS	666	666	5956268	True	cc8f5380fbe705af	42a427fa1b7f7d0a	-
nmitally_sim	Oz	a16xy16	head	PASS	810	810	6217658	True	bb7d5dd925e1fdb8	4f28f900ecd276f8	-
nmitally_sim	Oz	a16xy16	memb1	PASS	705	705	6078954	True	8d5204cf1f4da000	adcc82727eb0826b	-
nmitally_sim	Oz	a16xy16	t4	PASS	666	666	5956268	True	cc8f5380fbe705af	42a427fa1b7f7d0a	-
perlin_sim	O2	a16	gate1	llc-fail rc=-6	-	-	-	-	-	-	-
perlin_sim	O2	a16	gate2	llc-fail rc=-6	-	-	-	-	-	-	-
perlin_sim	O2	a16	head	llc-fail rc=-6	-	-	-	-	-	-	-
perlin_sim	O2	a16	memb1	llc-fail rc=-6	-	-	-	-	-	-	-
perlin_sim	O2	a16	t4	llc-fail rc=-6	-	-	-	-	-	-	-
perlin_sim	O2	a16xy16	gate1	llc-fail rc=-6	-	-	-	-	-	-	-
perlin_sim	O2	a16xy16	gate2	llc-fail rc=-6	-	-	-	-	-	-	-
perlin_sim	O2	a16xy16	head	llc-fail rc=-6	-	-	-	-	-	-	-
perlin_sim	O2	a16xy16	memb1	llc-fail rc=-6	-	-	-	-	-	-	-
perlin_sim	O2	a16xy16	t4	llc-fail rc=-6	-	-	-	-	-	-	-
perlin_sim	O3	a16	gate1	llc-fail rc=-6	-	-	-	-	-	-	-
perlin_sim	O3	a16	gate2	llc-fail rc=-6	-	-	-	-	-	-	-
perlin_sim	O3	a16	head	llc-fail rc=-6	-	-	-	-	-	-	-
perlin_sim	O3	a16	memb1	llc-fail rc=-6	-	-	-	-	-	-	-
perlin_sim	O3	a16	t4	llc-fail rc=-6	-	-	-	-	-	-	-
perlin_sim	O3	a16xy16	gate1	llc-fail rc=-6	-	-	-	-	-	-	-
perlin_sim	O3	a16xy16	gate2	llc-fail rc=-6	-	-	-	-	-	-	-
perlin_sim	O3	a16xy16	head	llc-fail rc=-6	-	-	-	-	-	-	-
perlin_sim	O3	a16xy16	memb1	llc-fail rc=-6	-	-	-	-	-	-	-
perlin_sim	O3	a16xy16	t4	llc-fail rc=-6	-	-	-	-	-	-	-
perlin_sim	Os	a16	gate1	llc-fail rc=-6	-	-	-	-	-	-	-
perlin_sim	Os	a16	gate2	llc-fail rc=-6	-	-	-	-	-	-	-
perlin_sim	Os	a16	head	llc-fail rc=-6	-	-	-	-	-	-	-
perlin_sim	Os	a16	memb1	llc-fail rc=-6	-	-	-	-	-	-	-
perlin_sim	Os	a16	t4	llc-fail rc=-6	-	-	-	-	-	-	-
perlin_sim	Os	a16xy16	gate1	llc-fail rc=-6	-	-	-	-	-	-	-
perlin_sim	Os	a16xy16	gate2	llc-fail rc=-6	-	-	-	-	-	-	-
perlin_sim	Os	a16xy16	head	llc-fail rc=-6	-	-	-	-	-	-	-
perlin_sim	Os	a16xy16	memb1	llc-fail rc=-6	-	-	-	-	-	-	-
perlin_sim	Os	a16xy16	t4	llc-fail rc=-6	-	-	-	-	-	-	-
perlin_sim	Oz	a16	gate1	PASS	1645	1150	15503002	True	f7fc16c5c837ca82	cf71b9ee1f8b5871	-
perlin_sim	Oz	a16	gate2	PASS	1649	1154	15518022	True	a2e10df2dd7c7163	1b7c38d7f21e4d54	True
perlin_sim	Oz	a16	head	PASS	1649	1154	15518022	True	a2e10df2dd7c7163	1b7c38d7f21e4d54	-
perlin_sim	Oz	a16	memb1	PASS	1645	1150	15503002	True	23faba3d7402c9ae	4c98c5cb506a3d16	-
perlin_sim	Oz	a16	t4	PASS	1649	1154	15518022	True	a2e10df2dd7c7163	1b7c38d7f21e4d54	True
perlin_sim	Oz	a16xy16	gate1	PASS	1614	1119	15426692	True	a00101adb88466b7	62a2c41ec718f843	-
perlin_sim	Oz	a16xy16	gate2	PASS	1614	1119	15430132	True	4183ba11373d80a8	efab662eca503db4	True
perlin_sim	Oz	a16xy16	head	PASS	1614	1119	15430132	True	4183ba11373d80a8	efab662eca503db4	-
perlin_sim	Oz	a16xy16	memb1	PASS	1614	1119	15426692	True	446d7c66eedc4635	a451659e9e9a7ece	-
perlin_sim	Oz	a16xy16	t4	PASS	1614	1119	15430132	True	4183ba11373d80a8	efab662eca503db4	True
rangecode_sim	O2	a16	gate1	PASS	877	877	2905660	True	5c9e0923eb374775	04d8d38a02356a5f	True
rangecode_sim	O2	a16	gate2	PASS	862	862	2890916	True	06712de61a4d8908	7e4469f9d394d26a	-
rangecode_sim	O2	a16	head	PASS	877	877	2905660	True	5c9e0923eb374775	04d8d38a02356a5f	-
rangecode_sim	O2	a16	memb1	PASS	862	862	2890916	True	06712de61a4d8908	7e4469f9d394d26a	-
rangecode_sim	O2	a16	t4	PASS	877	877	2905660	True	5c9e0923eb374775	04d8d38a02356a5f	True
rangecode_sim	O2	a16xy16	gate1	PASS	877	877	2905660	True	5c9e0923eb374775	04d8d38a02356a5f	True
rangecode_sim	O2	a16xy16	gate2	PASS	862	862	2890916	True	06712de61a4d8908	7e4469f9d394d26a	-
rangecode_sim	O2	a16xy16	head	PASS	877	877	2905660	True	5c9e0923eb374775	04d8d38a02356a5f	-
rangecode_sim	O2	a16xy16	memb1	PASS	862	862	2890916	True	06712de61a4d8908	7e4469f9d394d26a	-
rangecode_sim	O2	a16xy16	t4	PASS	877	877	2905660	True	5c9e0923eb374775	04d8d38a02356a5f	True
rangecode_sim	O3	a16	gate1	PASS	892	892	2905500	True	257ae1808dcab675	502c367d9120a7ef	True
rangecode_sim	O3	a16	gate2	PASS	902	902	2890072	True	7f8529f54bf60df1	708cd04c077eae13	-
rangecode_sim	O3	a16	head	PASS	892	892	2905500	True	257ae1808dcab675	502c367d9120a7ef	-
rangecode_sim	O3	a16	memb1	PASS	902	902	2890072	True	7f8529f54bf60df1	708cd04c077eae13	-
rangecode_sim	O3	a16	t4	PASS	892	892	2905500	True	257ae1808dcab675	502c367d9120a7ef	True
rangecode_sim	O3	a16xy16	gate1	PASS	892	892	2905500	True	257ae1808dcab675	502c367d9120a7ef	True
rangecode_sim	O3	a16xy16	gate2	PASS	902	902	2890072	True	7f8529f54bf60df1	708cd04c077eae13	-
rangecode_sim	O3	a16xy16	head	PASS	892	892	2905500	True	257ae1808dcab675	502c367d9120a7ef	-
rangecode_sim	O3	a16xy16	memb1	PASS	902	902	2890072	True	7f8529f54bf60df1	708cd04c077eae13	-
rangecode_sim	O3	a16xy16	t4	PASS	892	892	2905500	True	257ae1808dcab675	502c367d9120a7ef	True
rangecode_sim	Os	a16	gate1	PASS	801	801	2895378	True	d8bcd0582e76f7fe	37d283901d736aec	-
rangecode_sim	Os	a16	gate2	PASS	772	772	2876188	True	cc004b27da7c3af6	620e91e8b006f50c	True
rangecode_sim	Os	a16	head	PASS	772	772	2876188	True	cc004b27da7c3af6	620e91e8b006f50c	-
rangecode_sim	Os	a16	memb1	PASS	801	801	2895378	True	d8bcd0582e76f7fe	37d283901d736aec	-
rangecode_sim	Os	a16	t4	PASS	772	772	2876188	True	cc004b27da7c3af6	620e91e8b006f50c	True
rangecode_sim	Os	a16xy16	gate1	PASS	801	801	2895378	True	d8bcd0582e76f7fe	37d283901d736aec	-
rangecode_sim	Os	a16xy16	gate2	PASS	772	772	2876188	True	cc004b27da7c3af6	620e91e8b006f50c	True
rangecode_sim	Os	a16xy16	head	PASS	772	772	2876188	True	cc004b27da7c3af6	620e91e8b006f50c	-
rangecode_sim	Os	a16xy16	memb1	PASS	801	801	2895378	True	d8bcd0582e76f7fe	37d283901d736aec	-
rangecode_sim	Os	a16xy16	t4	PASS	772	772	2876188	True	cc004b27da7c3af6	620e91e8b006f50c	True
rangecode_sim	Oz	a16	gate1	PASS	751	751	3084416	True	cdcb83de0dc7af39	5a66dbe04179c39b	-
rangecode_sim	Oz	a16	gate2	PASS	764	764	3080534	True	80f1cbff3b8bcbc9	fdc91406e7a3c48e	True
rangecode_sim	Oz	a16	head	PASS	764	764	3080534	True	80f1cbff3b8bcbc9	fdc91406e7a3c48e	-
rangecode_sim	Oz	a16	memb1	PASS	751	751	3084416	True	cdcb83de0dc7af39	5a66dbe04179c39b	-
rangecode_sim	Oz	a16	t4	PASS	764	764	3080534	True	80f1cbff3b8bcbc9	fdc91406e7a3c48e	True
rangecode_sim	Oz	a16xy16	gate1	PASS	751	751	3084416	True	cdcb83de0dc7af39	5a66dbe04179c39b	-
rangecode_sim	Oz	a16xy16	gate2	PASS	764	764	3080534	True	80f1cbff3b8bcbc9	fdc91406e7a3c48e	True
rangecode_sim	Oz	a16xy16	head	PASS	764	764	3080534	True	80f1cbff3b8bcbc9	fdc91406e7a3c48e	-
rangecode_sim	Oz	a16xy16	memb1	PASS	751	751	3084416	True	cdcb83de0dc7af39	5a66dbe04179c39b	-
rangecode_sim	Oz	a16xy16	t4	PASS	764	764	3080534	True	80f1cbff3b8bcbc9	fdc91406e7a3c48e	True
satcast_sim	O2	a16	gate1	llc-fail rc=-6	-	-	-	-	-	-	-
satcast_sim	O2	a16	gate2	llc-fail rc=-6	-	-	-	-	-	-	-
satcast_sim	O2	a16	head	llc-fail rc=-6	-	-	-	-	-	-	-
satcast_sim	O2	a16	memb1	llc-fail rc=-6	-	-	-	-	-	-	-
satcast_sim	O2	a16	t4	llc-fail rc=-6	-	-	-	-	-	-	-
satcast_sim	O2	a16xy16	gate1	llc-fail rc=-6	-	-	-	-	-	-	-
satcast_sim	O2	a16xy16	gate2	llc-fail rc=-6	-	-	-	-	-	-	-
satcast_sim	O2	a16xy16	head	llc-fail rc=-6	-	-	-	-	-	-	-
satcast_sim	O2	a16xy16	memb1	llc-fail rc=-6	-	-	-	-	-	-	-
satcast_sim	O2	a16xy16	t4	llc-fail rc=-6	-	-	-	-	-	-	-
satcast_sim	O3	a16	gate1	llc-fail rc=-6	-	-	-	-	-	-	-
satcast_sim	O3	a16	gate2	llc-fail rc=-6	-	-	-	-	-	-	-
satcast_sim	O3	a16	head	llc-fail rc=-6	-	-	-	-	-	-	-
satcast_sim	O3	a16	memb1	llc-fail rc=-6	-	-	-	-	-	-	-
satcast_sim	O3	a16	t4	llc-fail rc=-6	-	-	-	-	-	-	-
satcast_sim	O3	a16xy16	gate1	llc-fail rc=-6	-	-	-	-	-	-	-
satcast_sim	O3	a16xy16	gate2	llc-fail rc=-6	-	-	-	-	-	-	-
satcast_sim	O3	a16xy16	head	llc-fail rc=-6	-	-	-	-	-	-	-
satcast_sim	O3	a16xy16	memb1	llc-fail rc=-6	-	-	-	-	-	-	-
satcast_sim	O3	a16xy16	t4	llc-fail rc=-6	-	-	-	-	-	-	-
satcast_sim	Os	a16	gate1	llc-fail rc=-6	-	-	-	-	-	-	-
satcast_sim	Os	a16	gate2	llc-fail rc=-6	-	-	-	-	-	-	-
satcast_sim	Os	a16	head	llc-fail rc=-6	-	-	-	-	-	-	-
satcast_sim	Os	a16	memb1	llc-fail rc=-6	-	-	-	-	-	-	-
satcast_sim	Os	a16	t4	llc-fail rc=-6	-	-	-	-	-	-	-
satcast_sim	Os	a16xy16	gate1	llc-fail rc=-6	-	-	-	-	-	-	-
satcast_sim	Os	a16xy16	gate2	llc-fail rc=-6	-	-	-	-	-	-	-
satcast_sim	Os	a16xy16	head	llc-fail rc=-6	-	-	-	-	-	-	-
satcast_sim	Os	a16xy16	memb1	llc-fail rc=-6	-	-	-	-	-	-	-
satcast_sim	Os	a16xy16	t4	llc-fail rc=-6	-	-	-	-	-	-	-
satcast_sim	Oz	a16	gate1	llc-fail rc=-6	-	-	-	-	-	-	-
satcast_sim	Oz	a16	gate2	llc-fail rc=-6	-	-	-	-	-	-	-
satcast_sim	Oz	a16	head	llc-fail rc=-6	-	-	-	-	-	-	-
satcast_sim	Oz	a16	memb1	llc-fail rc=-6	-	-	-	-	-	-	-
satcast_sim	Oz	a16	t4	llc-fail rc=-6	-	-	-	-	-	-	-
satcast_sim	Oz	a16xy16	gate1	llc-fail rc=-6	-	-	-	-	-	-	-
satcast_sim	Oz	a16xy16	gate2	llc-fail rc=-6	-	-	-	-	-	-	-
satcast_sim	Oz	a16xy16	head	llc-fail rc=-6	-	-	-	-	-	-	-
satcast_sim	Oz	a16xy16	memb1	llc-fail rc=-6	-	-	-	-	-	-	-
satcast_sim	Oz	a16xy16	t4	llc-fail rc=-6	-	-	-	-	-	-	-
sodo_sim	O2	a16	gate1	PASS	1140	1140	68745004	True	d693235613701421	42867ecf45f69e85	True
sodo_sim	O2	a16	gate2	PASS	1140	1140	68745004	True	d693235613701421	42867ecf45f69e85	True
sodo_sim	O2	a16	head	PASS	1140	1140	68745004	True	d693235613701421	42867ecf45f69e85	-
sodo_sim	O2	a16	memb1	PASS	1140	1140	68745004	True	d693235613701421	42867ecf45f69e85	True
sodo_sim	O2	a16	t4	PASS	1140	1140	68745004	True	d693235613701421	42867ecf45f69e85	True
sodo_sim	O2	a16xy16	gate1	PASS	1140	1140	68745004	True	d693235613701421	42867ecf45f69e85	True
sodo_sim	O2	a16xy16	gate2	PASS	1140	1140	68745004	True	d693235613701421	42867ecf45f69e85	True
sodo_sim	O2	a16xy16	head	PASS	1140	1140	68745004	True	d693235613701421	42867ecf45f69e85	-
sodo_sim	O2	a16xy16	memb1	PASS	1140	1140	68745004	True	d693235613701421	42867ecf45f69e85	True
sodo_sim	O2	a16xy16	t4	PASS	1140	1140	68745004	True	d693235613701421	42867ecf45f69e85	True
sodo_sim	O3	a16	gate1	PASS	1140	1140	68745004	True	d693235613701421	42867ecf45f69e85	True
sodo_sim	O3	a16	gate2	PASS	1140	1140	68745004	True	d693235613701421	42867ecf45f69e85	True
sodo_sim	O3	a16	head	PASS	1140	1140	68745004	True	d693235613701421	42867ecf45f69e85	-
sodo_sim	O3	a16	memb1	PASS	1140	1140	68745004	True	d693235613701421	42867ecf45f69e85	True
sodo_sim	O3	a16	t4	PASS	1140	1140	68745004	True	d693235613701421	42867ecf45f69e85	True
sodo_sim	O3	a16xy16	gate1	PASS	1140	1140	68745004	True	d693235613701421	42867ecf45f69e85	True
sodo_sim	O3	a16xy16	gate2	PASS	1140	1140	68745004	True	d693235613701421	42867ecf45f69e85	True
sodo_sim	O3	a16xy16	head	PASS	1140	1140	68745004	True	d693235613701421	42867ecf45f69e85	-
sodo_sim	O3	a16xy16	memb1	PASS	1140	1140	68745004	True	d693235613701421	42867ecf45f69e85	True
sodo_sim	O3	a16xy16	t4	PASS	1140	1140	68745004	True	d693235613701421	42867ecf45f69e85	True
sodo_sim	Os	a16	gate1	PASS	422	422	69255694	True	20dc8d0a38f4b821	e8f1ce6177f746b7	True
sodo_sim	Os	a16	gate2	PASS	422	422	69255694	True	20dc8d0a38f4b821	e8f1ce6177f746b7	True
sodo_sim	Os	a16	head	PASS	422	422	69255694	True	20dc8d0a38f4b821	e8f1ce6177f746b7	-
sodo_sim	Os	a16	memb1	PASS	422	422	69255694	True	20dc8d0a38f4b821	e8f1ce6177f746b7	True
sodo_sim	Os	a16	t4	PASS	422	422	69255694	True	20dc8d0a38f4b821	e8f1ce6177f746b7	True
sodo_sim	Os	a16xy16	gate1	PASS	422	422	69255694	True	20dc8d0a38f4b821	e8f1ce6177f746b7	True
sodo_sim	Os	a16xy16	gate2	PASS	422	422	69255694	True	20dc8d0a38f4b821	e8f1ce6177f746b7	True
sodo_sim	Os	a16xy16	head	PASS	422	422	69255694	True	20dc8d0a38f4b821	e8f1ce6177f746b7	-
sodo_sim	Os	a16xy16	memb1	PASS	422	422	69255694	True	20dc8d0a38f4b821	e8f1ce6177f746b7	True
sodo_sim	Os	a16xy16	t4	PASS	422	422	69255694	True	20dc8d0a38f4b821	e8f1ce6177f746b7	True
sodo_sim	Oz	a16	gate1	PASS	412	412	69137218	True	bb001316601715d9	632c8e82b964ab7d	True
sodo_sim	Oz	a16	gate2	PASS	412	412	69137218	True	bb001316601715d9	632c8e82b964ab7d	True
sodo_sim	Oz	a16	head	PASS	412	412	69137218	True	bb001316601715d9	632c8e82b964ab7d	-
sodo_sim	Oz	a16	memb1	PASS	412	412	69137218	True	bb001316601715d9	632c8e82b964ab7d	True
sodo_sim	Oz	a16	t4	PASS	412	412	69137218	True	bb001316601715d9	632c8e82b964ab7d	True
sodo_sim	Oz	a16xy16	gate1	PASS	412	412	69137218	True	bb001316601715d9	632c8e82b964ab7d	True
sodo_sim	Oz	a16xy16	gate2	PASS	412	412	69137218	True	bb001316601715d9	632c8e82b964ab7d	True
sodo_sim	Oz	a16xy16	head	PASS	412	412	69137218	True	bb001316601715d9	632c8e82b964ab7d	-
sodo_sim	Oz	a16xy16	memb1	PASS	412	412	69137218	True	bb001316601715d9	632c8e82b964ab7d	True
sodo_sim	Oz	a16xy16	t4	PASS	412	412	69137218	True	bb001316601715d9	632c8e82b964ab7d	True
tea_sim	O2	a16	gate1	PASS	800	800	1957044	True	435b3b8beb650f41	b73b064cec0d57b9	-
tea_sim	O2	a16	gate2	PASS	799	799	1909788	True	4f1516d3c82cee17	2d3c00bc589f3b14	-
tea_sim	O2	a16	head	PASS	1089	1089	2446958	True	ba82c2e958e71c57	b1f70e744331e75d	-
tea_sim	O2	a16	memb1	PASS	799	799	1909788	True	4f1516d3c82cee17	2d3c00bc589f3b14	-
tea_sim	O2	a16	t4	PASS	800	800	1957044	True	435b3b8beb650f41	b73b064cec0d57b9	-
tea_sim	O2	a16xy16	gate1	PASS	800	800	1957044	True	435b3b8beb650f41	b73b064cec0d57b9	-
tea_sim	O2	a16xy16	gate2	PASS	799	799	1909788	True	4f1516d3c82cee17	2d3c00bc589f3b14	-
tea_sim	O2	a16xy16	head	PASS	1089	1089	2446958	True	ba82c2e958e71c57	b1f70e744331e75d	-
tea_sim	O2	a16xy16	memb1	PASS	799	799	1909788	True	4f1516d3c82cee17	2d3c00bc589f3b14	-
tea_sim	O2	a16xy16	t4	PASS	800	800	1957044	True	435b3b8beb650f41	b73b064cec0d57b9	-
tea_sim	O3	a16	gate1	PASS	13	13	96	True	8e1eda3999c3b996	5851e84b1efa3f75	True
tea_sim	O3	a16	gate2	PASS	13	13	96	True	8e1eda3999c3b996	5851e84b1efa3f75	True
tea_sim	O3	a16	head	PASS	13	13	96	True	8e1eda3999c3b996	5851e84b1efa3f75	-
tea_sim	O3	a16	memb1	PASS	13	13	96	True	8e1eda3999c3b996	5851e84b1efa3f75	True
tea_sim	O3	a16	t4	PASS	13	13	96	True	8e1eda3999c3b996	5851e84b1efa3f75	True
tea_sim	O3	a16xy16	gate1	PASS	13	13	96	True	8e1eda3999c3b996	5851e84b1efa3f75	True
tea_sim	O3	a16xy16	gate2	PASS	13	13	96	True	8e1eda3999c3b996	5851e84b1efa3f75	True
tea_sim	O3	a16xy16	head	PASS	13	13	96	True	8e1eda3999c3b996	5851e84b1efa3f75	-
tea_sim	O3	a16xy16	memb1	PASS	13	13	96	True	8e1eda3999c3b996	5851e84b1efa3f75	True
tea_sim	O3	a16xy16	t4	PASS	13	13	96	True	8e1eda3999c3b996	5851e84b1efa3f75	True
tea_sim	Os	a16	gate1	PASS	787	787	1907564	True	9c6e596e02eb0afd	49962e346fae3941	-
tea_sim	Os	a16	gate2	PASS	788	788	1954132	True	32cd0567aba3b9e2	f0fe799ccb4fd16e	-
tea_sim	Os	a16	head	PASS	1077	1077	2444046	True	d24da249dade5860	ea51498a84d3b81c	-
tea_sim	Os	a16	memb1	PASS	787	787	1907564	True	9c6e596e02eb0afd	49962e346fae3941	-
tea_sim	Os	a16	t4	PASS	788	788	1954132	True	32cd0567aba3b9e2	f0fe799ccb4fd16e	-
tea_sim	Os	a16xy16	gate1	PASS	787	787	1907564	True	9c6e596e02eb0afd	49962e346fae3941	-
tea_sim	Os	a16xy16	gate2	PASS	788	788	1954132	True	32cd0567aba3b9e2	f0fe799ccb4fd16e	-
tea_sim	Os	a16xy16	head	PASS	1077	1077	2444046	True	d24da249dade5860	ea51498a84d3b81c	-
tea_sim	Os	a16xy16	memb1	PASS	787	787	1907564	True	9c6e596e02eb0afd	49962e346fae3941	-
tea_sim	Os	a16xy16	t4	PASS	788	788	1954132	True	32cd0567aba3b9e2	f0fe799ccb4fd16e	-
tea_sim	Oz	a16	gate1	PASS	733	733	1870330	True	7653e6fca9e0e80a	df130a568d9dcc7a	-
tea_sim	Oz	a16	gate2	PASS	833	833	2065402	True	7180d8b128db3c9e	00ca15007609dd7a	-
tea_sim	Oz	a16	head	PASS	1051	1051	2444438	True	4cdca27893067622	2b134380c005ffe2	-
tea_sim	Oz	a16	memb1	PASS	733	733	1870330	True	7653e6fca9e0e80a	df130a568d9dcc7a	-
tea_sim	Oz	a16	t4	PASS	833	833	2065402	True	7180d8b128db3c9e	00ca15007609dd7a	-
tea_sim	Oz	a16xy16	gate1	PASS	733	733	1870330	True	7653e6fca9e0e80a	df130a568d9dcc7a	-
tea_sim	Oz	a16xy16	gate2	PASS	833	833	2065402	True	7180d8b128db3c9e	00ca15007609dd7a	-
tea_sim	Oz	a16xy16	head	PASS	1051	1051	2444438	True	4cdca27893067622	2b134380c005ffe2	-
tea_sim	Oz	a16xy16	memb1	PASS	733	733	1870330	True	7653e6fca9e0e80a	df130a568d9dcc7a	-
tea_sim	Oz	a16xy16	t4	PASS	833	833	2065402	True	7180d8b128db3c9e	00ca15007609dd7a	-
ulam_sim	O2	a16	gate1	PASS	424	424	7652912	True	99936ab36d18d55b	34e8b1987eaa3204	True
ulam_sim	O2	a16	gate2	PASS	424	424	7652912	True	99936ab36d18d55b	34e8b1987eaa3204	True
ulam_sim	O2	a16	head	PASS	424	424	7652912	True	99936ab36d18d55b	34e8b1987eaa3204	-
ulam_sim	O2	a16	memb1	PASS	424	424	7652912	True	99936ab36d18d55b	34e8b1987eaa3204	True
ulam_sim	O2	a16	t4	PASS	424	424	7652912	True	99936ab36d18d55b	34e8b1987eaa3204	True
ulam_sim	O2	a16xy16	gate1	PASS	376	376	7162844	True	646e569647294401	6295eff147c46a2d	True
ulam_sim	O2	a16xy16	gate2	PASS	376	376	7162844	True	646e569647294401	6295eff147c46a2d	True
ulam_sim	O2	a16xy16	head	PASS	376	376	7162844	True	646e569647294401	6295eff147c46a2d	-
ulam_sim	O2	a16xy16	memb1	PASS	376	376	7162844	True	646e569647294401	6295eff147c46a2d	True
ulam_sim	O2	a16xy16	t4	PASS	376	376	7162844	True	646e569647294401	6295eff147c46a2d	True
ulam_sim	O3	a16	gate1	PASS	424	424	7652912	True	99936ab36d18d55b	34e8b1987eaa3204	True
ulam_sim	O3	a16	gate2	PASS	424	424	7652912	True	99936ab36d18d55b	34e8b1987eaa3204	True
ulam_sim	O3	a16	head	PASS	424	424	7652912	True	99936ab36d18d55b	34e8b1987eaa3204	-
ulam_sim	O3	a16	memb1	PASS	424	424	7652912	True	99936ab36d18d55b	34e8b1987eaa3204	True
ulam_sim	O3	a16	t4	PASS	424	424	7652912	True	99936ab36d18d55b	34e8b1987eaa3204	True
ulam_sim	O3	a16xy16	gate1	PASS	376	376	7162844	True	646e569647294401	6295eff147c46a2d	True
ulam_sim	O3	a16xy16	gate2	PASS	376	376	7162844	True	646e569647294401	6295eff147c46a2d	True
ulam_sim	O3	a16xy16	head	PASS	376	376	7162844	True	646e569647294401	6295eff147c46a2d	-
ulam_sim	O3	a16xy16	memb1	PASS	376	376	7162844	True	646e569647294401	6295eff147c46a2d	True
ulam_sim	O3	a16xy16	t4	PASS	376	376	7162844	True	646e569647294401	6295eff147c46a2d	True
ulam_sim	Os	a16	gate1	PASS	410	410	7644328	True	95519ffbcb814128	1fe429ba6c47fb56	True
ulam_sim	Os	a16	gate2	PASS	410	410	7644328	True	95519ffbcb814128	1fe429ba6c47fb56	True
ulam_sim	Os	a16	head	PASS	410	410	7644328	True	95519ffbcb814128	1fe429ba6c47fb56	-
ulam_sim	Os	a16	memb1	PASS	410	410	7644328	True	95519ffbcb814128	1fe429ba6c47fb56	True
ulam_sim	Os	a16	t4	PASS	410	410	7644328	True	95519ffbcb814128	1fe429ba6c47fb56	True
ulam_sim	Os	a16xy16	gate1	PASS	365	365	7160576	True	744c6512e4ee369f	4103b104e25317bc	True
ulam_sim	Os	a16xy16	gate2	PASS	365	365	7160576	True	744c6512e4ee369f	4103b104e25317bc	True
ulam_sim	Os	a16xy16	head	PASS	365	365	7160576	True	744c6512e4ee369f	4103b104e25317bc	-
ulam_sim	Os	a16xy16	memb1	PASS	365	365	7160576	True	744c6512e4ee369f	4103b104e25317bc	True
ulam_sim	Os	a16xy16	t4	PASS	365	365	7160576	True	744c6512e4ee369f	4103b104e25317bc	True
ulam_sim	Oz	a16	gate1	PASS	441	441	7736858	True	f9c6ca6a71184390	eef121b3ebde9bf2	True
ulam_sim	Oz	a16	gate2	PASS	441	441	7736858	True	f9c6ca6a71184390	eef121b3ebde9bf2	True
ulam_sim	Oz	a16	head	PASS	441	441	7736858	True	f9c6ca6a71184390	eef121b3ebde9bf2	-
ulam_sim	Oz	a16	memb1	PASS	441	441	7736858	True	f9c6ca6a71184390	eef121b3ebde9bf2	True
ulam_sim	Oz	a16	t4	PASS	441	441	7736858	True	f9c6ca6a71184390	eef121b3ebde9bf2	True
ulam_sim	Oz	a16xy16	gate1	PASS	396	396	7186156	True	2bd67bbabca5b3f1	5343d70fe36bf187	True
ulam_sim	Oz	a16xy16	gate2	PASS	396	396	7186156	True	2bd67bbabca5b3f1	5343d70fe36bf187	True
ulam_sim	Oz	a16xy16	head	PASS	396	396	7186156	True	2bd67bbabca5b3f1	5343d70fe36bf187	-
ulam_sim	Oz	a16xy16	memb1	PASS	396	396	7186156	True	2bd67bbabca5b3f1	5343d70fe36bf187	True
ulam_sim	Oz	a16xy16	t4	PASS	396	396	7186156	True	2bd67bbabca5b3f1	5343d70fe36bf187	True
