tests/add-sub.ll	mos6502	0	23facc093b5bdbd7	0	ce51e8b1d1f28131
tests/add-sub.ll	mosw65816	0	23facc093b5bdbd7	0	19766bd9bbd39cf4
tests/callee-saved-regs.ll	mos6502	0	cdcbbeb244d792b1	0	08d65e41a7864f42
tests/callee-saved-regs.ll	mosw65816	0	8db41f1ae01586bb	0	4916bec189f1300d
tests/char-stats-norecurse.ll	mos6502	0	f13f2020d010377e	0	fa7ee344eba7b4f8
tests/char-stats-norecurse.ll	mosw65816	0	f851f45f395ad646	0	b3df2d5dbddf031c
tests/char-stats.ll	mos6502	0	9926d0c0790b2fd2	0	e8d14db23b7e373f
tests/char-stats.ll	mosw65816	0	a2a8bed4f0031cd5	0	2defcd58293292d8
tests/cmp-select.ll	mos6502	0	a9650e80dae8da1f	0	f76e9cc2faa0acac
tests/cmp-select.ll	mosw65816	0	a9650e80dae8da1f	0	d77bf02afc2f9f27
tests/coalesce-remat.ll	mos6502	0	26f7ca63404e2794	0	a3cd7d7b90e9ce47
tests/coalesce-remat.ll	mosw65816	0	26f7ca63404e2794	0	f7436b7b9240c716
tests/dp-pointer-arg.ll	mos6502	0	bd1084c55a9d04ea	0	229844cf91ef98b5
tests/dp-pointer-arg.ll	mosw65816	0	017cffd510d49ae1	0	bd113298850d9ef4
tests/fcmp.ll	mos6502	0	971baa2b654123cf	0	e38137da728d2314
tests/fcmp.ll	mosw65816	0	5c99b243f92e5bbe	0	b634513c70a9d5ab
tests/getchar-regression.ll	mos6502	0	8603e49c06667dc5	0	f9a5603e6692e3ec
tests/getchar-regression.ll	mosw65816	0	a40f53d89a172ff2	0	a69f94254e10e230
tests/hello-world.ll	mos6502	0	25df4e7f99937e0d	0	07ce72a4e83faac2
tests/hello-world.ll	mosw65816	0	19fc06c146ce94b6	0	635e7107e9294b46
tests/immediate-remat.ll	mos6502	0	e37a8f98505de788	0	b09da5a9f9fed66c
tests/immediate-remat.ll	mosw65816	0	ee1e7b07c9646f20	0	c55cd1eb4b96b393
tests/inc-dec-6502x.ll	mos6502	0	f2e29a04d25baf4c	0	04a85e40cfb0eb87
tests/inc-dec-6502x.ll	mosw65816	0	9cb8b618b544084d	0	a6d4eebc2bc291d7
tests/inc-dec-65c02.ll	mos6502	0	53d001b357387678	0	375ace4951deb325
tests/inc-dec-65c02.ll	mosw65816	0	e5022014ac0139c5	0	7f0afb973ac397ff
tests/inc-dec-65ce02.ll	mos6502	0	a2f836a79fc38782	0	327178a23f89aff9
tests/inc-dec-65ce02.ll	mosw65816	0	49d7db6576b0635e	0	c8ad4e4e819389ca
tests/inc-dec.ll	mos6502	0	049043aac4ee4aea	0	d62dbaf46e76abdd
tests/inc-dec.ll	mosw65816	0	d55e74aec1c6f17f	0	e6d43070318719d8
tests/indexiv.ll	mos6502	0	9dbcf64e558a2305	0	b103258abb87c6bd
tests/indexiv.ll	mosw65816	0	e273deaad1673476	0	181f6c240bf05017
tests/indvar-simplify-20230930.ll	mos6502	0	6c19d645e349fd37	0	960d73f7e8f65895
tests/indvar-simplify-20230930.ll	mosw65816	0	30d65397a4e15da9	0	6d4431449dd96b92
tests/inline-asm-zp-csr.ll	mos6502	0	9a245175ed30f36d	0	4ba1fb571127b5b6
tests/inline-asm-zp-csr.ll	mosw65816	0	1a7e04b10336b738	0	a449ad9de07bba6e
tests/integer-compare.ll	mos6502	0	b7390a1bf833ad6f	0	595d27bf6664a57d
tests/integer-compare.ll	mosw65816	0	b7390a1bf833ad6f	0	8a6d8567d0a17cf7
tests/jump-table-limit.ll	mos6502	0	1374a33190c4e460	0	29803420559e50dc
tests/jump-table-limit.ll	mosw65816	0	1374a33190c4e460	0	8afc737df14a2e20
tests/leaf-20231021.ll	mos6502	0	7d17d7f8833299b4	0	e6ec21527d80e38b
tests/leaf-20231021.ll	mosw65816	0	7d17d7f8833299b4	0	e9cb825bcc736187
tests/light-spill.ll	mos6502	0	6b258ff8adc94577	0	3d310a462c0a0da9
tests/light-spill.ll	mosw65816	0	bc1e597509384061	0	dec4d93e2a0ed57b
tests/no-csr.ll	mos6502	0	067a43a44aef40ca	0	78d2f4876e68c0c2
tests/no-csr.ll	mosw65816	0	54f66831c8c9942d	0	60b91b8020bad104
tests/nonreentrant-nointerrupts.ll	mos6502	0	90ba7c0fe9dedba0	0	e1d780310ad83a6d
tests/nonreentrant-nointerrupts.ll	mosw65816	0	90ba7c0fe9dedba0	0	e6879558be7c8493
tests/nonreentrant.ll	mos6502	0	a5921492d46f5a1f	0	f8de1c5107fd9739
tests/nonreentrant.ll	mosw65816	0	a29c7c8227f51b69	0	48d9ca81f48f194e
tests/print-int.ll	mos6502	0	2829a50a5745d16e	0	64cf261d85e12d11
tests/print-int.ll	mosw65816	0	7cf60733809a7c5a	0	7af373b3eac7c37f
tests/ret-global-addr.ll	mos6502	0	62a1eaceb2abdcf4	0	4cf10ad58a046c61
tests/ret-global-addr.ll	mosw65816	0	62a1eaceb2abdcf4	0	c21b59f7bdb84296
tests/scmp-ucmp.ll	mos6502	0	13475089c1018f19	0	ee46d038da33f7e0
tests/scmp-ucmp.ll	mosw65816	0	222d76cfc02720a8	0	8e8ba353d3f33b6f
tests/shift-rotate.ll	mos6502	0	c5803139a6ae67ba	0	2093ea8a82360019
tests/shift-rotate.ll	mosw65816	0	3dffaa085ea351ea	0	7d304baa13c01b01
tests/static-stack.ll	mos6502	0	6b6cbaa7eb54dfb9	0	8888070375414e2b
tests/static-stack.ll	mosw65816	0	5cccfa8fce7d32f7	0	87cd1e238e3812f9
tests/store-zero.ll	mos6502	0	974ac5e644c506c1	0	2ab55785af2d6f7b
tests/store-zero.ll	mosw65816	0	54a9082486a96059	0	5e9b838a40c2bd1e
tests/trivial.ll	mos6502	0	ccb38f45644e7f70	0	c5914b4b45051519
tests/trivial.ll	mosw65816	0	ccb38f45644e7f70	0	44717a4a04e63cdb
tests/vector-scalarize.ll	mos6502	0	dbf8d4b91c8d4074	0	af13629d81c73e3f
tests/vector-scalarize.ll	mosw65816	0	bf3d5b53f874eb88	0	f90ad8e4f3007f1f
tests/whole-program-zp.ll	mos6502	0	2684aa4eab733011	0	3dc6c69382d7a871
tests/whole-program-zp.ll	mosw65816	0	537f4c10196a623d	0	f4154a745b8de621
tests/zeropage.ll	mos6502	0	9c9f4ea076c9e3b4	0	aca693fba2671dd5
tests/zeropage.ll	mosw65816	0	1d73c3e18cad631e	0	585cb604b1ffa03f
tests/zp-alloc-deterministic.ll	mos6502	0	e9eb7fc00458e708	0	269dd8dba8c983fc
tests/zp-alloc-deterministic.ll	mosw65816	0	e9eb7fc00458e708	0	29010da3201ec98d
tests/zp-alloc-preexisting.ll	mos6502	0	b1ccdc1994cfe7ba	0	70ceeb878dd00063
tests/zp-alloc-preexisting.ll	mosw65816	0	5904d99873542053	0	9e136364f8e4ded1
tests/zp-alloc.ll	mos6502	0	36f98b375dd3fdd8	0	c43f88c0a1c0b8d5
tests/zp-alloc.ll	mosw65816	0	efd97aa38f22ce43	0	24f1f2d1f613f6dd
corpus/examples_65816_a16abs.c.default.ll	mos6502	1	err:52216c99e8dd	1	-
corpus/examples_65816_a16abs.c.default.ll	mosw65816	0	ce7c200ad2b6e6bb	0	fd895294df1818c0
corpus/examples_65816_a16call.c.default.ll	mos6502	1	err:52216c99e8dd	1	-
corpus/examples_65816_a16call.c.default.ll	mosw65816	0	e228b168a168e975	0	24657bcd29742ce2
corpus/examples_65816_a16copy.c.default.ll	mos6502	1	err:52216c99e8dd	1	-
corpus/examples_65816_a16copy.c.default.ll	mosw65816	0	e10ee750fc3bbca0	0	73d52d9444bc8c32
corpus/examples_65816_a16frameidx.c.default.ll	mos6502	1	err:52216c99e8dd	1	-
corpus/examples_65816_a16frameidx.c.default.ll	mosw65816	0	3d71b3d0b4905d7c	0	615ce5b371456650
corpus/examples_65816_a16loadcall.c.default.ll	mos6502	1	err:52216c99e8dd	1	-
corpus/examples_65816_a16loadcall.c.default.ll	mosw65816	0	16f7afad338a408c	0	7d5fb946702fca44
corpus/examples_65816_a16loopred.c.default.ll	mos6502	1	err:52216c99e8dd	1	-
corpus/examples_65816_a16loopred.c.default.ll	mosw65816	0	34fb44fc6c1be15d	0	efb4cabf24e1db64
corpus/examples_65816_a16scavnz.c.default.ll	mos6502	1	err:52216c99e8dd	1	-
corpus/examples_65816_a16scavnz.c.default.ll	mosw65816	0	10c4a368678250bf	0	17e7b7ff383ceae2
corpus/examples_65816_a16sunfold.c.default.ll	mos6502	1	err:52216c99e8dd	1	-
corpus/examples_65816_a16sunfold.c.default.ll	mosw65816	0	24654c716b78bab6	0	f813763fba41593a
corpus/examples_65816_far_fnptr.c.default.ll	mos6502	1	err:87ee7c28706c	1	-
corpus/examples_65816_far_fnptr.c.default.ll	mosw65816	1	err:87ee7c28706c	1	-
corpus/examples_65816_farbank.c.default.ll	mos6502	1	err:834b48ff702a	1	-
corpus/examples_65816_farbank.c.default.ll	mosw65816	1	err:834b48ff702a	1	-
corpus/examples_65816_farptrcmp-natural.c.default.ll	mos6502	1	err:e8bb696526f7	1	-
corpus/examples_65816_farptrcmp-natural.c.default.ll	mosw65816	1	err:e8bb696526f7	1	-
corpus/examples_65816_k_bits.c.default.ll	mos6502	1	err:52216c99e8dd	1	-
corpus/examples_65816_k_bits.c.default.ll	mosw65816	0	a1a8b27248a9d247	0	60eb904b0cae83a4
corpus/examples_65816_k_mandel_far.c.default.ll	mos6502	1	err:001098381168	1	-
corpus/examples_65816_k_mandel_far.c.default.ll	mosw65816	1	err:001098381168	1	-
corpus/examples_65816_mixedwidth-probe.c.default.ll	mos6502	0	7afd2e64dd8a6955	0	6eaa5c0c4551546a
corpus/examples_65816_mixedwidth-probe.c.default.ll	mosw65816	0	5f231f464a0c7942	0	9008ef2f37dc67b4
corpus/examples_65816_xy16basic.c.default.ll	mos6502	1	err:52216c99e8dd	1	-
corpus/examples_65816_xy16basic.c.default.ll	mosw65816	0	789dbbebcb3c80e2	0	973ff47245009397
corpus/examples_snes_1d-ca.c.default.ll	mos6502	0	c45e0a66403064e1	0	c842497dc06c8cd8
corpus/examples_snes_1d-ca.c.default.ll	mosw65816	0	fcd41ba6a33ecf5c	0	65dec41917fc5558
corpus/examples_snes_bf-vm.c.default.ll	mos6502	0	71d11bcb2f5f1e25	0	a11e6abb683e8a64
corpus/examples_snes_bf-vm.c.default.ll	mosw65816	0	f7a15a804ea2ff62	0	2102ecc7b206b61b
corpus/examples_snes_boids.c.default.ll	mos6502	0	e6f04e5899c85d1c	0	6653d3c26d7f16b6
corpus/examples_snes_boids.c.default.ll	mosw65816	0	b77f75b7a49198cf	0	d112a50264223169
corpus/examples_snes_cardioid.c.default.ll	mos6502	0	0c43d6dac3ad9763	0	a6a63246517ba6b1
corpus/examples_snes_cardioid.c.default.ll	mosw65816	0	c23b9e3327aa3495	0	a34ebd6101984dd7
corpus/examples_snes_corpus_avalanche_sim.c.default.ll	mos6502	1	err:52216c99e8dd	1	-
corpus/examples_snes_corpus_avalanche_sim.c.default.ll	mosw65816	0	d55e8e4b954b4529	0	e7ebbd7239c5df66
corpus/examples_snes_corpus_boids_sim.c.default.ll	mos6502	1	err:52216c99e8dd	1	-
corpus/examples_snes_corpus_boids_sim.c.default.ll	mosw65816	0	924f28ec827e2b72	0	2cc9aeea2f7cad6d
corpus/examples_snes_corpus_cgrade_sim.c.default.ll	mos6502	1	err:52216c99e8dd	1	-
corpus/examples_snes_corpus_cgrade_sim.c.default.ll	mosw65816	0	968a2e4b01afb123	0	e643849cdbf6630d
corpus/examples_snes_corpus_critters_sim.c.default.ll	mos6502	1	err:52216c99e8dd	1	-
corpus/examples_snes_corpus_critters_sim.c.default.ll	mosw65816	0	8051ad46c476db9c	0	92fd16ec060279fc
corpus/examples_snes_corpus_domcol_sim.c.default.ll	mos6502	134	err:ceadc743c1c3	134	-
corpus/examples_snes_corpus_domcol_sim.c.default.ll	mosw65816	134	err:ceadc743c1c3	134	-
corpus/examples_snes_corpus_fenwick_sim.c.default.ll	mos6502	1	err:52216c99e8dd	1	-
corpus/examples_snes_corpus_fenwick_sim.c.default.ll	mosw65816	0	a9f4883ec839505b	0	337111b8960de2c6
corpus/examples_snes_corpus_grid3d_sim.c.default.ll	mos6502	1	err:52216c99e8dd	1	-
corpus/examples_snes_corpus_grid3d_sim.c.default.ll	mosw65816	0	b723557111636e5e	0	06148b41a54f9f8f
corpus/examples_snes_corpus_jt256_sim.c.default.ll	mos6502	1	err:52216c99e8dd	1	-
corpus/examples_snes_corpus_jt256_sim.c.default.ll	mosw65816	0	b770464ef8f2e669	0	10c542c72a593928
corpus/examples_snes_corpus_lzdec_sim.c.default.ll	mos6502	1	err:52216c99e8dd	1	-
corpus/examples_snes_corpus_lzdec_sim.c.default.ll	mosw65816	0	45e3b36d3f0188fe	0	7bc670603b569c81
corpus/examples_snes_corpus_montorbit_sim.c.default.ll	mos6502	1	err:52216c99e8dd	1	-
corpus/examples_snes_corpus_montorbit_sim.c.default.ll	mosw65816	0	a01fbfe9f230e4e3	0	417b9f31b5785812
corpus/examples_snes_corpus_nmitally_sim.c.default.ll	mos6502	1	err:52216c99e8dd	1	-
corpus/examples_snes_corpus_nmitally_sim.c.default.ll	mosw65816	0	51780116532495e0	0	3656e9b28dce3e97
corpus/examples_snes_corpus_perlin_sim.c.default.ll	mos6502	1	err:52216c99e8dd	1	-
corpus/examples_snes_corpus_perlin_sim.c.default.ll	mosw65816	134	err:ceadc743c1c3	134	-
corpus/examples_snes_corpus_rangecode_sim.c.default.ll	mos6502	1	err:52216c99e8dd	1	-
corpus/examples_snes_corpus_rangecode_sim.c.default.ll	mosw65816	0	7952910f2349ef99	0	c4b7a4bf4da11ad3
corpus/examples_snes_corpus_satcast_sim.c.default.ll	mos6502	134	err:ceadc743c1c3	134	-
corpus/examples_snes_corpus_satcast_sim.c.default.ll	mosw65816	134	err:ceadc743c1c3	134	-
corpus/examples_snes_corpus_sodo_sim.c.default.ll	mos6502	1	err:52216c99e8dd	1	-
corpus/examples_snes_corpus_sodo_sim.c.default.ll	mosw65816	0	ef0427ad5fc52aa3	0	0c467a5ea25afdee
corpus/examples_snes_corpus_tea_sim.c.default.ll	mos6502	1	err:52216c99e8dd	1	-
corpus/examples_snes_corpus_tea_sim.c.default.ll	mosw65816	0	7feb73d5f52cf35f	0	cbfae9a8d4938327
corpus/examples_snes_corpus_ulam_sim.c.default.ll	mos6502	1	err:52216c99e8dd	1	-
corpus/examples_snes_corpus_ulam_sim.c.default.ll	mosw65816	0	5e03b4944108c94d	0	b185f1c9fca85db0
corpus/examples_snes_crctex.c.default.ll	mos6502	0	9adefd97f93bb76c	0	5895f5f164043642
corpus/examples_snes_crctex.c.default.ll	mosw65816	0	f7867bd2c09c7db5	0	579e24d09149e246
corpus/examples_snes_dither.c.default.ll	mos6502	0	ddfbfa35001bebd8	0	bfe8e98cba55fe25
corpus/examples_snes_dither.c.default.ll	mosw65816	0	a00c30d8fc445009	0	520ee3336bf749bb
corpus/examples_snes_epicycles.c.default.ll	mos6502	0	dc40bde6b3380135	0	cea10bd0e8bf06ca
corpus/examples_snes_epicycles.c.default.ll	mosw65816	0	e6c1d92ae8f71315	0	31a33b854b49a9e3
corpus/examples_snes_funnelkal.c.default.ll	mos6502	0	1c812f4909a50316	0	7bca11671dd063a6
corpus/examples_snes_funnelkal.c.default.ll	mosw65816	0	b29198059fe7518d	0	424aecd3ddd4770e
corpus/examples_snes_huffman.c.default.ll	mos6502	0	5cc44864acbe6204	0	663c9523edefaedc
corpus/examples_snes_huffman.c.default.ll	mosw65816	0	88885c1262be1512	0	8626882a1da89b3f
corpus/examples_snes_jtsparse.c.default.ll	mos6502	134	err:ceadc743c1c3	134	-
corpus/examples_snes_jtsparse.c.default.ll	mosw65816	134	err:ceadc743c1c3	134	-
corpus/examples_snes_lzss-gallery.c.default.ll	mos6502	1	err:faab5bcc80ce	1	-
corpus/examples_snes_lzss-gallery.c.default.ll	mosw65816	1	err:faab5bcc80ce	1	-
corpus/examples_snes_metaball.c.default.ll	mos6502	0	d06f5afd5e6b2b7c	0	61a52f3fa8ed08bb
corpus/examples_snes_metaball.c.default.ll	mosw65816	0	c0bbb48201bfd3a9	0	9cca3e2b8c789f88
corpus/examples_snes_mvscrl.c.default.ll	mos6502	0	985687ce3423654c	0	bec8ec4d29837c4f
corpus/examples_snes_mvscrl.c.default.ll	mosw65816	0	ca05598431838cf1	0	03df5eda6264ee67
corpus/examples_snes_packrec.c.default.ll	mos6502	0	e5c37beb623f2e15	0	7b273470523de7a2
corpus/examples_snes_packrec.c.default.ll	mosw65816	0	af13aff713235640	0	ef962c0d61152662
corpus/examples_snes_qsortviz.c.default.ll	mos6502	0	924c463dd814c42d	0	987e5c83d339b9bd
corpus/examples_snes_qsortviz.c.default.ll	mosw65816	0	1c864dd39b62b842	0	5676b0deed39e787
corpus/examples_snes_rotozoom.c.default.ll	mos6502	134	err:ceadc743c1c3	134	-
corpus/examples_snes_rotozoom.c.default.ll	mosw65816	134	err:ceadc743c1c3	134	-
corpus/examples_snes_shift64seam.c.default.ll	mos6502	0	be57579cb14b7585	0	7149298fb38aa154
corpus/examples_snes_shift64seam.c.default.ll	mosw65816	0	3e4d2710951c570c	0	c2f312de6c14d516
corpus/examples_snes_sodo.c.default.ll	mos6502	134	err:ceadc743c1c3	134	-
corpus/examples_snes_sodo.c.default.ll	mosw65816	0	59cadf542a72784d	0	1bd2c1e294ed4936
corpus/examples_snes_trapguard.c.default.ll	mos6502	134	err:a786edeedc60	134	-
corpus/examples_snes_trapguard.c.default.ll	mosw65816	134	err:a786edeedc60	134	-
corpus/examples_snes_vaprintf.c.default.ll	mos6502	0	2fdb87125307021b	0	6e597f362619cd8e
corpus/examples_snes_vaprintf.c.default.ll	mosw65816	0	9b19332a7dda5198	0	ef477bc145a011f2
