/home/will/llvm-mos-65816-stackguard/build/stackguard-sweep/run1/corpus-roms/arith.a16.sfc	arith	a16 -Os	ok	$2000	$0210	$2000	7664	$8020	__do_zero_bss	/home/will/llvm-mos-65816-stackguard/build/stackguard-sweep/run1/corpus-roms/arith.a16.sfc.elf
/home/will/llvm-mos-65816-stackguard/build/stackguard-sweep/run1/corpus-roms/arith.default.sfc	arith	default -Os	ok	$2000	$020E	$2000	7666	$8020	__do_zero_bss	/home/will/llvm-mos-65816-stackguard/build/stackguard-sweep/run1/corpus-roms/arith.default.sfc.elf
/home/will/llvm-mos-65816-stackguard/build/stackguard-sweep/run1/corpus-roms/arith.xy16.sfc	arith	xy16 -Os	ok	$2000	$0210	$2000	7664	$8020	__do_zero_bss	/home/will/llvm-mos-65816-stackguard/build/stackguard-sweep/run1/corpus-roms/arith.xy16.sfc.elf
/home/will/llvm-mos-65816-stackguard/build/stackguard-sweep/run1/corpus-roms/control.default.sfc	control	default -Os	ok	$2000	$0204	$2000	7676	$8020	__do_zero_bss	/home/will/llvm-mos-65816-stackguard/build/stackguard-sweep/run1/corpus-roms/control.default.sfc.elf
/home/will/llvm-mos-65816-stackguard/build/stackguard-sweep/run1/corpus-roms/control.a16.sfc	control	a16 -Os	ok	$2000	$0204	$2000	7676	$8020	__do_zero_bss	/home/will/llvm-mos-65816-stackguard/build/stackguard-sweep/run1/corpus-roms/control.a16.sfc.elf
/home/will/llvm-mos-65816-stackguard/build/stackguard-sweep/run1/corpus-roms/control.xy16.sfc	control	xy16 -Os	ok	$2000	$0204	$2000	7676	$8020	__do_zero_bss	/home/will/llvm-mos-65816-stackguard/build/stackguard-sweep/run1/corpus-roms/control.xy16.sfc.elf
/home/will/llvm-mos-65816-stackguard/build/stackguard-sweep/run1/corpus-roms/arrays.default.sfc	arrays	default -Os	ok	$1FF8	$0204	$2000	7668	$8068	main	/home/will/llvm-mos-65816-stackguard/build/stackguard-sweep/run1/corpus-roms/arrays.default.sfc.elf
/home/will/llvm-mos-65816-stackguard/build/stackguard-sweep/run1/corpus-roms/arrays.a16.sfc	arrays	a16 -Os	ok	$1FF8	$0204	$2000	7668	$8068	main	/home/will/llvm-mos-65816-stackguard/build/stackguard-sweep/run1/corpus-roms/arrays.a16.sfc.elf
/home/will/llvm-mos-65816-stackguard/build/stackguard-sweep/run1/corpus-roms/arrays.xy16.sfc	arrays	xy16 -Os	ok	$1FF8	$0204	$2000	7668	$8068	main	/home/will/llvm-mos-65816-stackguard/build/stackguard-sweep/run1/corpus-roms/arrays.xy16.sfc.elf
/home/will/llvm-mos-65816-stackguard/build/stackguard-sweep/run1/corpus-roms/structs.default.sfc	structs	default -Os	ok	$2000	$0210	$2000	7664	$8020	__do_zero_bss	/home/will/llvm-mos-65816-stackguard/build/stackguard-sweep/run1/corpus-roms/structs.default.sfc.elf
/home/will/llvm-mos-65816-stackguard/build/stackguard-sweep/run1/corpus-roms/structs.xy16.sfc	structs	xy16 -Os	ok	$2000	$0210	$2000	7664	$8020	__do_zero_bss	/home/will/llvm-mos-65816-stackguard/build/stackguard-sweep/run1/corpus-roms/structs.xy16.sfc.elf
/home/will/llvm-mos-65816-stackguard/build/stackguard-sweep/run1/corpus-roms/structs.a16.sfc	structs	a16 -Os	ok	$2000	$0210	$2000	7664	$8020	__do_zero_bss	/home/will/llvm-mos-65816-stackguard/build/stackguard-sweep/run1/corpus-roms/structs.a16.sfc.elf
/home/will/llvm-mos-65816-stackguard/build/stackguard-sweep/run1/corpus-roms/funcs.default.sfc	funcs	default -Os	ok	$2000	$0208	$2000	7672	$8020	__do_zero_bss	/home/will/llvm-mos-65816-stackguard/build/stackguard-sweep/run1/corpus-roms/funcs.default.sfc.elf
/home/will/llvm-mos-65816-stackguard/build/stackguard-sweep/run1/corpus-roms/funcs.a16.sfc	funcs	a16 -Os	ok	$2000	$0208	$2000	7672	$8020	__do_zero_bss	/home/will/llvm-mos-65816-stackguard/build/stackguard-sweep/run1/corpus-roms/funcs.a16.sfc.elf
/home/will/llvm-mos-65816-stackguard/build/stackguard-sweep/run1/corpus-roms/funcs.xy16.sfc	funcs	xy16 -Os	ok	$2000	$0208	$2000	7672	$8020	__do_zero_bss	/home/will/llvm-mos-65816-stackguard/build/stackguard-sweep/run1/corpus-roms/funcs.xy16.sfc.elf
/home/will/llvm-mos-65816-stackguard/build/stackguard-sweep/run1/corpus-roms/globals.default.sfc	globals	default -Os	ok	$2000	$0202	$2000	7678	$8020	__do_zero_bss	/home/will/llvm-mos-65816-stackguard/build/stackguard-sweep/run1/corpus-roms/globals.default.sfc.elf
/home/will/llvm-mos-65816-stackguard/build/stackguard-sweep/run1/corpus-roms/globals.a16.sfc	globals	a16 -Os	ok	$2000	$0202	$2000	7678	$8020	__do_zero_bss	/home/will/llvm-mos-65816-stackguard/build/stackguard-sweep/run1/corpus-roms/globals.a16.sfc.elf
/home/will/llvm-mos-65816-stackguard/build/stackguard-sweep/run1/corpus-roms/globals.xy16.sfc	globals	xy16 -Os	ok	$2000	$0202	$2000	7678	$8020	__do_zero_bss	/home/will/llvm-mos-65816-stackguard/build/stackguard-sweep/run1/corpus-roms/globals.xy16.sfc.elf
/home/will/llvm-mos-65816-stackguard/build/stackguard-sweep/run1/corpus-roms/invaders_sim.default.sfc	invaders_sim	default -Os	ok	$1F6B	$0202	$2000	7529	$804E	main	/home/will/llvm-mos-65816-stackguard/build/stackguard-sweep/run1/corpus-roms/invaders_sim.default.sfc.elf
/home/will/llvm-mos-65816-stackguard/build/stackguard-sweep/run1/corpus-roms/invaders_sim.a16.sfc	invaders_sim	a16 -Os	ok	$1F77	$0202	$2000	7541	$804E	main	/home/will/llvm-mos-65816-stackguard/build/stackguard-sweep/run1/corpus-roms/invaders_sim.a16.sfc.elf
/home/will/llvm-mos-65816-stackguard/build/stackguard-sweep/run1/corpus-roms/invaders_sim.xy16.sfc	invaders_sim	xy16 -Os	ok	$1F77	$0202	$2000	7541	$804E	main	/home/will/llvm-mos-65816-stackguard/build/stackguard-sweep/run1/corpus-roms/invaders_sim.xy16.sfc.elf
/home/will/llvm-mos-65816-stackguard/build/stackguard-sweep/run1/corpus-roms/spiro_sim.default.sfc	spiro_sim	default -Os	ok	$2000	$0202	$2000	7678	$8020	__do_zero_bss	/home/will/llvm-mos-65816-stackguard/build/stackguard-sweep/run1/corpus-roms/spiro_sim.default.sfc.elf
/home/will/llvm-mos-65816-stackguard/build/stackguard-sweep/run1/corpus-roms/spiro_sim.a16.sfc	spiro_sim	a16 -Os	ok	$2000	$0202	$2000	7678	$8020	__do_zero_bss	/home/will/llvm-mos-65816-stackguard/build/stackguard-sweep/run1/corpus-roms/spiro_sim.a16.sfc.elf
/home/will/llvm-mos-65816-stackguard/build/stackguard-sweep/run1/corpus-roms/spiro_ctrl_sim.default.sfc	spiro_ctrl_sim	default -Os	ok	$1FF6	$0202	$2000	7668	$804E	main	/home/will/llvm-mos-65816-stackguard/build/stackguard-sweep/run1/corpus-roms/spiro_ctrl_sim.default.sfc.elf
/home/will/llvm-mos-65816-stackguard/build/stackguard-sweep/run1/corpus-roms/spiro_sim.xy16.sfc	spiro_sim	xy16 -Os	ok	$2000	$0202	$2000	7678	$8020	__do_zero_bss	/home/will/llvm-mos-65816-stackguard/build/stackguard-sweep/run1/corpus-roms/spiro_sim.xy16.sfc.elf
/home/will/llvm-mos-65816-stackguard/build/stackguard-sweep/run1/corpus-roms/spiro_ctrl_sim.a16.sfc	spiro_ctrl_sim	a16 -Os	ok	$1FF5	$0202	$2000	7667	$804E	main	/home/will/llvm-mos-65816-stackguard/build/stackguard-sweep/run1/corpus-roms/spiro_ctrl_sim.a16.sfc.elf
/home/will/llvm-mos-65816-stackguard/build/stackguard-sweep/run1/corpus-roms/spiro_ctrl_sim.xy16.sfc	spiro_ctrl_sim	xy16 -Os	ok	$1FF5	$0202	$2000	7667	$804E	main	/home/will/llvm-mos-65816-stackguard/build/stackguard-sweep/run1/corpus-roms/spiro_ctrl_sim.xy16.sfc.elf
/home/will/llvm-mos-65816-stackguard/build/stackguard-sweep/run1/corpus-roms/pi_sim.default.sfc	pi_sim	default -Os	ok	$2000	$0760	$2000	6304	$8020	__do_zero_bss	/home/will/llvm-mos-65816-stackguard/build/stackguard-sweep/run1/corpus-roms/pi_sim.default.sfc.elf
/home/will/llvm-mos-65816-stackguard/build/stackguard-sweep/run1/corpus-roms/pi_sim.a16.sfc	pi_sim	a16 -Os	ok	$2000	$0760	$2000	6304	$8020	__do_zero_bss	/home/will/llvm-mos-65816-stackguard/build/stackguard-sweep/run1/corpus-roms/pi_sim.a16.sfc.elf
/home/will/llvm-mos-65816-stackguard/build/stackguard-sweep/run1/corpus-roms/pi_sim.xy16.sfc	pi_sim	xy16 -Os	ok	$2000	$0760	$2000	6304	$8020	__do_zero_bss	/home/will/llvm-mos-65816-stackguard/build/stackguard-sweep/run1/corpus-roms/pi_sim.xy16.sfc.elf
/home/will/llvm-mos-65816-stackguard/build/stackguard-sweep/run1/corpus-roms/ca1d_sim.default.sfc	ca1d_sim	default -Os	ok	$2000	$0242	$2000	7614	$8020	__do_zero_bss	/home/will/llvm-mos-65816-stackguard/build/stackguard-sweep/run1/corpus-roms/ca1d_sim.default.sfc.elf
/home/will/llvm-mos-65816-stackguard/build/stackguard-sweep/run1/corpus-roms/ca1d_sim.a16.sfc	ca1d_sim	a16 -Os	ok	$2000	$0242	$2000	7614	$8020	__do_zero_bss	/home/will/llvm-mos-65816-stackguard/build/stackguard-sweep/run1/corpus-roms/ca1d_sim.a16.sfc.elf
/home/will/llvm-mos-65816-stackguard/build/stackguard-sweep/run1/corpus-roms/ca1d_sim.xy16.sfc	ca1d_sim	xy16 -Os	ok	$2000	$0242	$2000	7614	$8020	__do_zero_bss	/home/will/llvm-mos-65816-stackguard/build/stackguard-sweep/run1/corpus-roms/ca1d_sim.xy16.sfc.elf
/home/will/llvm-mos-65816-stackguard/build/stackguard-sweep/run1/corpus-roms/rdiff_sim.default.sfc	rdiff_sim	default -Os	ok	$2000	$0402	$2000	7166	$8020	__do_zero_bss	/home/will/llvm-mos-65816-stackguard/build/stackguard-sweep/run1/corpus-roms/rdiff_sim.default.sfc.elf
/home/will/llvm-mos-65816-stackguard/build/stackguard-sweep/run1/corpus-roms/rdiff_sim.a16.sfc	rdiff_sim	a16 -Os	ok	$2000	$0402	$2000	7166	$8020	__do_zero_bss	/home/will/llvm-mos-65816-stackguard/build/stackguard-sweep/run1/corpus-roms/rdiff_sim.a16.sfc.elf
/home/will/llvm-mos-65816-stackguard/build/stackguard-sweep/run1/corpus-roms/nbody_sim.default.sfc	nbody_sim	default -Os	ok	$2000	$0202	$2000	7678	$8020	__do_zero_bss	/home/will/llvm-mos-65816-stackguard/build/stackguard-sweep/run1/corpus-roms/nbody_sim.default.sfc.elf
/home/will/llvm-mos-65816-stackguard/build/stackguard-sweep/run1/corpus-roms/rdiff_sim.xy16.sfc	rdiff_sim	xy16 -Os	ok	$2000	$0402	$2000	7166	$8020	__do_zero_bss	/home/will/llvm-mos-65816-stackguard/build/stackguard-sweep/run1/corpus-roms/rdiff_sim.xy16.sfc.elf
/home/will/llvm-mos-65816-stackguard/build/stackguard-sweep/run1/corpus-roms/nbody_sim.a16.sfc	nbody_sim	a16 -Os	ok	$2000	$0202	$2000	7678	$8020	__do_zero_bss	/home/will/llvm-mos-65816-stackguard/build/stackguard-sweep/run1/corpus-roms/nbody_sim.a16.sfc.elf
/home/will/llvm-mos-65816-stackguard/build/stackguard-sweep/run1/corpus-roms/factorial_sim.default.sfc	factorial_sim	default -Os	ok	$2000	$077E	$2000	6274	$8020	__do_zero_bss	/home/will/llvm-mos-65816-stackguard/build/stackguard-sweep/run1/corpus-roms/factorial_sim.default.sfc.elf
/home/will/llvm-mos-65816-stackguard/build/stackguard-sweep/run1/corpus-roms/nbody_sim.xy16.sfc	nbody_sim	xy16 -Os	ok	$2000	$0202	$2000	7678	$8020	__do_zero_bss	/home/will/llvm-mos-65816-stackguard/build/stackguard-sweep/run1/corpus-roms/nbody_sim.xy16.sfc.elf
/home/will/llvm-mos-65816-stackguard/build/stackguard-sweep/run1/corpus-roms/factorial_sim.a16.sfc	factorial_sim	a16 -Os	ok	$2000	$077E	$2000	6274	$8020	__do_zero_bss	/home/will/llvm-mos-65816-stackguard/build/stackguard-sweep/run1/corpus-roms/factorial_sim.a16.sfc.elf
/home/will/llvm-mos-65816-stackguard/build/stackguard-sweep/run1/corpus-roms/factorial_sim.xy16.sfc	factorial_sim	xy16 -Os	ok	$2000	$077E	$2000	6274	$8020	__do_zero_bss	/home/will/llvm-mos-65816-stackguard/build/stackguard-sweep/run1/corpus-roms/factorial_sim.xy16.sfc.elf
/home/will/llvm-mos-65816-stackguard/build/stackguard-sweep/run1/corpus-roms/newton_sim.a16.sfc	newton_sim	a16 -Os	ok	$2000	$0202	$2000	7678	$8020	__do_zero_bss	/home/will/llvm-mos-65816-stackguard/build/stackguard-sweep/run1/corpus-roms/newton_sim.a16.sfc.elf
/home/will/llvm-mos-65816-stackguard/build/stackguard-sweep/run1/corpus-roms/newton_sim.default.sfc	newton_sim	default -Os	ok	$2000	$0202	$2000	7678	$8020	__do_zero_bss	/home/will/llvm-mos-65816-stackguard/build/stackguard-sweep/run1/corpus-roms/newton_sim.default.sfc.elf
/home/will/llvm-mos-65816-stackguard/build/stackguard-sweep/run1/corpus-roms/cordic_sim.default.sfc	cordic_sim	default -Os	ok	$2000	$0202	$2000	7678	$8020	__do_zero_bss	/home/will/llvm-mos-65816-stackguard/build/stackguard-sweep/run1/corpus-roms/cordic_sim.default.sfc.elf
/home/will/llvm-mos-65816-stackguard/build/stackguard-sweep/run1/corpus-roms/cordic_sim.a16.sfc	cordic_sim	a16 -Os	ok	$2000	$0202	$2000	7678	$8020	__do_zero_bss	/home/will/llvm-mos-65816-stackguard/build/stackguard-sweep/run1/corpus-roms/cordic_sim.a16.sfc.elf
/home/will/llvm-mos-65816-stackguard/build/stackguard-sweep/run1/corpus-roms/newton_sim.xy16.sfc	newton_sim	xy16 -Os	ok	$2000	$0202	$2000	7678	$8020	__do_zero_bss	/home/will/llvm-mos-65816-stackguard/build/stackguard-sweep/run1/corpus-roms/newton_sim.xy16.sfc.elf
/home/will/llvm-mos-65816-stackguard/build/stackguard-sweep/run1/corpus-roms/cordic_sim.xy16.sfc	cordic_sim	xy16 -Os	ok	$2000	$0202	$2000	7678	$8020	__do_zero_bss	/home/will/llvm-mos-65816-stackguard/build/stackguard-sweep/run1/corpus-roms/cordic_sim.xy16.sfc.elf
/home/will/llvm-mos-65816-stackguard/build/stackguard-sweep/run1/corpus-roms/maze_sim.default.sfc	maze_sim	default -Os	ok	$1FE2	$0A7C	$2000	5478	$8137	maze_divide	/home/will/llvm-mos-65816-stackguard/build/stackguard-sweep/run1/corpus-roms/maze_sim.default.sfc.elf
/home/will/llvm-mos-65816-stackguard/build/stackguard-sweep/run1/corpus-roms/maze_sim.xy16.sfc	maze_sim	xy16 -Os	ok	$1FD6	$0A7C	$2000	5466	$8145	maze_divide	/home/will/llvm-mos-65816-stackguard/build/stackguard-sweep/run1/corpus-roms/maze_sim.xy16.sfc.elf
/home/will/llvm-mos-65816-stackguard/build/stackguard-sweep/run1/corpus-roms/maze_sim.a16.sfc	maze_sim	a16 -Os	ok	$1FD6	$0A7C	$2000	5466	$8145	maze_divide	/home/will/llvm-mos-65816-stackguard/build/stackguard-sweep/run1/corpus-roms/maze_sim.a16.sfc.elf
/home/will/llvm-mos-65816-stackguard/build/stackguard-sweep/run1/corpus-roms/doom-fire_sim.a16.sfc	doom-fire_sim	a16 -Os	ok	$2000	$0302	$2000	7422	$8020	__do_zero_bss	/home/will/llvm-mos-65816-stackguard/build/stackguard-sweep/run1/corpus-roms/doom-fire_sim.a16.sfc.elf
/home/will/llvm-mos-65816-stackguard/build/stackguard-sweep/run1/corpus-roms/doom-fire_sim.default.sfc	doom-fire_sim	default -Os	ok	$2000	$0302	$2000	7422	$8020	__do_zero_bss	/home/will/llvm-mos-65816-stackguard/build/stackguard-sweep/run1/corpus-roms/doom-fire_sim.default.sfc.elf
/home/will/llvm-mos-65816-stackguard/build/stackguard-sweep/run1/corpus-roms/doom-fire_sim.xy16.sfc	doom-fire_sim	xy16 -Os	ok	$2000	$0302	$2000	7422	$8020	__do_zero_bss	/home/will/llvm-mos-65816-stackguard/build/stackguard-sweep/run1/corpus-roms/doom-fire_sim.xy16.sfc.elf
/home/will/llvm-mos-65816-stackguard/build/stackguard-sweep/run1/corpus-roms/life_sim.default.sfc	life_sim	default -Os	ok	$2000	$0502	$2000	6910	$8020	__do_zero_bss	/home/will/llvm-mos-65816-stackguard/build/stackguard-sweep/run1/corpus-roms/life_sim.default.sfc.elf
/home/will/llvm-mos-65816-stackguard/build/stackguard-sweep/run1/corpus-roms/life_sim.a16.sfc	life_sim	a16 -Os	ok	$2000	$0502	$2000	6910	$8020	__do_zero_bss	/home/will/llvm-mos-65816-stackguard/build/stackguard-sweep/run1/corpus-roms/life_sim.a16.sfc.elf
/home/will/llvm-mos-65816-stackguard/build/stackguard-sweep/run1/corpus-roms/epicycles_sim.default.sfc	epicycles_sim	default -Os	ok	$2000	$0202	$2000	7678	$8020	__do_zero_bss	/home/will/llvm-mos-65816-stackguard/build/stackguard-sweep/run1/corpus-roms/epicycles_sim.default.sfc.elf
/home/will/llvm-mos-65816-stackguard/build/stackguard-sweep/run1/corpus-roms/life_sim.xy16.sfc	life_sim	xy16 -Os	ok	$2000	$0502	$2000	6910	$8020	__do_zero_bss	/home/will/llvm-mos-65816-stackguard/build/stackguard-sweep/run1/corpus-roms/life_sim.xy16.sfc.elf
/home/will/llvm-mos-65816-stackguard/build/stackguard-sweep/run1/corpus-roms/epicycles_sim.a16.sfc	epicycles_sim	a16 -Os	ok	$2000	$0202	$2000	7678	$8020	__do_zero_bss	/home/will/llvm-mos-65816-stackguard/build/stackguard-sweep/run1/corpus-roms/epicycles_sim.a16.sfc.elf
/home/will/llvm-mos-65816-stackguard/build/stackguard-sweep/run1/corpus-roms/epicycles_sim.xy16.sfc	epicycles_sim	xy16 -Os	ok	$2000	$0202	$2000	7678	$8020	__do_zero_bss	/home/will/llvm-mos-65816-stackguard/build/stackguard-sweep/run1/corpus-roms/epicycles_sim.xy16.sfc.elf
/home/will/llvm-mos-65816-stackguard/build/stackguard-sweep/run1/corpus-roms/julia_sim.default.sfc	julia_sim	default -Os	ok	$1FF7	$0226	$2000	7633	$804E	main	/home/will/llvm-mos-65816-stackguard/build/stackguard-sweep/run1/corpus-roms/julia_sim.default.sfc.elf
/home/will/llvm-mos-65816-stackguard/build/stackguard-sweep/run1/corpus-roms/julia_sim.xy16.sfc	julia_sim	xy16 -Os	ok	$1FF5	$0226	$2000	7631	$804E	main	/home/will/llvm-mos-65816-stackguard/build/stackguard-sweep/run1/corpus-roms/julia_sim.xy16.sfc.elf
/home/will/llvm-mos-65816-stackguard/build/stackguard-sweep/run1/corpus-roms/julia_sim.a16.sfc	julia_sim	a16 -Os	ok	$1FF5	$0226	$2000	7631	$804E	main	/home/will/llvm-mos-65816-stackguard/build/stackguard-sweep/run1/corpus-roms/julia_sim.a16.sfc.elf
/home/will/llvm-mos-65816-stackguard/build/stackguard-sweep/run1/corpus-roms/harmonograph_sim.default.sfc	harmonograph_sim	default -Os	ok	$2000	$0236	$2000	7626	$8020	__do_zero_bss	/home/will/llvm-mos-65816-stackguard/build/stackguard-sweep/run1/corpus-roms/harmonograph_sim.default.sfc.elf
/home/will/llvm-mos-65816-stackguard/build/stackguard-sweep/run1/corpus-roms/harmonograph_sim.a16.sfc	harmonograph_sim	a16 -Os	ok	$2000	$0236	$2000	7626	$8020	__do_zero_bss	/home/will/llvm-mos-65816-stackguard/build/stackguard-sweep/run1/corpus-roms/harmonograph_sim.a16.sfc.elf
/home/will/llvm-mos-65816-stackguard/build/stackguard-sweep/run1/corpus-roms/raycaster_sim.default.sfc	raycaster_sim	default -Os	ok	$2000	$0202	$2000	7678	$8020	__do_zero_bss	/home/will/llvm-mos-65816-stackguard/build/stackguard-sweep/run1/corpus-roms/raycaster_sim.default.sfc.elf
/home/will/llvm-mos-65816-stackguard/build/stackguard-sweep/run1/corpus-roms/harmonograph_sim.xy16.sfc	harmonograph_sim	xy16 -Os	ok	$2000	$0236	$2000	7626	$8020	__do_zero_bss	/home/will/llvm-mos-65816-stackguard/build/stackguard-sweep/run1/corpus-roms/harmonograph_sim.xy16.sfc.elf
/home/will/llvm-mos-65816-stackguard/build/stackguard-sweep/run1/corpus-roms/raycaster_sim.xy16.sfc	raycaster_sim	xy16 -Os	ok	$2000	$0202	$2000	7678	$8020	__do_zero_bss	/home/will/llvm-mos-65816-stackguard/build/stackguard-sweep/run1/corpus-roms/raycaster_sim.xy16.sfc.elf
/home/will/llvm-mos-65816-stackguard/build/stackguard-sweep/run1/corpus-roms/raycaster_sim.a16.sfc	raycaster_sim	a16 -Os	ok	$2000	$0202	$2000	7678	$8020	__do_zero_bss	/home/will/llvm-mos-65816-stackguard/build/stackguard-sweep/run1/corpus-roms/raycaster_sim.a16.sfc.elf
/home/will/llvm-mos-65816-stackguard/build/stackguard-sweep/run1/corpus-roms/burning-ship_sim.a16.sfc	burning-ship_sim	a16 -Os	ok	$2000	$0202	$2000	7678	$8020	__do_zero_bss	/home/will/llvm-mos-65816-stackguard/build/stackguard-sweep/run1/corpus-roms/burning-ship_sim.a16.sfc.elf
/home/will/llvm-mos-65816-stackguard/build/stackguard-sweep/run1/corpus-roms/burning-ship_sim.default.sfc	burning-ship_sim	default -Os	ok	$2000	$0202	$2000	7678	$8020	__do_zero_bss	/home/will/llvm-mos-65816-stackguard/build/stackguard-sweep/run1/corpus-roms/burning-ship_sim.default.sfc.elf
/home/will/llvm-mos-65816-stackguard/build/stackguard-sweep/run1/corpus-roms/burning-ship_sim.xy16.sfc	burning-ship_sim	xy16 -Os	ok	$2000	$0202	$2000	7678	$8020	__do_zero_bss	/home/will/llvm-mos-65816-stackguard/build/stackguard-sweep/run1/corpus-roms/burning-ship_sim.xy16.sfc.elf
/home/will/llvm-mos-65816-stackguard/build/stackguard-sweep/run1/corpus-roms/mandel-float_sim.default.sfc	mandel-float_sim	default -Os	ok	$1FE9	$0226	$2000	7619	$804E	main	/home/will/llvm-mos-65816-stackguard/build/stackguard-sweep/run1/corpus-roms/mandel-float_sim.default.sfc.elf
/home/will/llvm-mos-65816-stackguard/build/stackguard-sweep/run1/corpus-roms/mandel-float_sim.a16.sfc	mandel-float_sim	a16 -Os	ok	$1FE7	$0226	$2000	7617	$804E	main	/home/will/llvm-mos-65816-stackguard/build/stackguard-sweep/run1/corpus-roms/mandel-float_sim.a16.sfc.elf
/home/will/llvm-mos-65816-stackguard/build/stackguard-sweep/run1/corpus-roms/mandel-float_sim.xy16.sfc	mandel-float_sim	xy16 -Os	ok	$1FE7	$0226	$2000	7617	$8068	main	/home/will/llvm-mos-65816-stackguard/build/stackguard-sweep/run1/corpus-roms/mandel-float_sim.xy16.sfc.elf
/home/will/llvm-mos-65816-stackguard/build/stackguard-sweep/run1/corpus-roms/avalanche_sim.default.sfc	avalanche_sim	default -Os	ok	$1FFA	$0202	$2000	7672	$804E	main	/home/will/llvm-mos-65816-stackguard/build/stackguard-sweep/run1/corpus-roms/avalanche_sim.default.sfc.elf
/home/will/llvm-mos-65816-stackguard/build/stackguard-sweep/run1/corpus-roms/avalanche_sim.a16.sfc	avalanche_sim	a16 -Os	ok	$1FF1	$0202	$2000	7663	$804E	main	/home/will/llvm-mos-65816-stackguard/build/stackguard-sweep/run1/corpus-roms/avalanche_sim.a16.sfc.elf
/home/will/llvm-mos-65816-stackguard/build/stackguard-sweep/run1/corpus-roms/avalanche_sim.xy16.sfc	avalanche_sim	xy16 -Os	ok	$1FF1	$0202	$2000	7663	$804E	main	/home/will/llvm-mos-65816-stackguard/build/stackguard-sweep/run1/corpus-roms/avalanche_sim.xy16.sfc.elf
/home/will/llvm-mos-65816-stackguard/build/stackguard-sweep/run1/corpus-roms/boids_sim.default.sfc	boids_sim	default -Os	ok	$1FF7	$0242	$2000	7605	$804E	main	/home/will/llvm-mos-65816-stackguard/build/stackguard-sweep/run1/corpus-roms/boids_sim.default.sfc.elf
/home/will/llvm-mos-65816-stackguard/build/stackguard-sweep/run1/corpus-roms/boids_sim.a16.sfc	boids_sim	a16 -Os	ok	$1FF7	$0242	$2000	7605	$804E	main	/home/will/llvm-mos-65816-stackguard/build/stackguard-sweep/run1/corpus-roms/boids_sim.a16.sfc.elf
/home/will/llvm-mos-65816-stackguard/build/stackguard-sweep/run1/corpus-roms/turtle-vm_sim.default.sfc	turtle-vm_sim	default -Os	ok	$1FC2	$0202	$2000	7616	$8051	main	/home/will/llvm-mos-65816-stackguard/build/stackguard-sweep/run1/corpus-roms/turtle-vm_sim.default.sfc.elf
/home/will/llvm-mos-65816-stackguard/build/stackguard-sweep/run1/corpus-roms/turtle-vm_sim.a16.sfc	turtle-vm_sim	a16 -Os	ok	$1FBC	$0202	$2000	7610	$8051	main	/home/will/llvm-mos-65816-stackguard/build/stackguard-sweep/run1/corpus-roms/turtle-vm_sim.a16.sfc.elf
/home/will/llvm-mos-65816-stackguard/build/stackguard-sweep/run1/corpus-roms/boids_sim.xy16.sfc	boids_sim	xy16 -Os	ok	$1FF7	$0202	$2000	7669	$8064	main	/home/will/llvm-mos-65816-stackguard/build/stackguard-sweep/run1/corpus-roms/boids_sim.xy16.sfc.elf
/home/will/llvm-mos-65816-stackguard/build/stackguard-sweep/run1/corpus-roms/turtle-vm_sim.xy16.sfc	turtle-vm_sim	xy16 -Os	ok	$1FBB	$0202	$2000	7609	$8051	main	/home/will/llvm-mos-65816-stackguard/build/stackguard-sweep/run1/corpus-roms/turtle-vm_sim.xy16.sfc.elf
/home/will/llvm-mos-65816-stackguard/build/stackguard-sweep/run1/corpus-roms/lsystem_sim.default.sfc	lsystem_sim	default -Os	ok	$1F05	$0B62	$2000	5027	$804E	main	/home/will/llvm-mos-65816-stackguard/build/stackguard-sweep/run1/corpus-roms/lsystem_sim.default.sfc.elf
/home/will/llvm-mos-65816-stackguard/build/stackguard-sweep/run1/corpus-roms/lsystem_sim.a16.sfc	lsystem_sim	a16 -Os	ok	$1F03	$0B62	$2000	5025	$804E	main	/home/will/llvm-mos-65816-stackguard/build/stackguard-sweep/run1/corpus-roms/lsystem_sim.a16.sfc.elf
/home/will/llvm-mos-65816-stackguard/build/stackguard-sweep/run1/corpus-roms/truchet_sim.default.sfc	truchet_sim	default -Os	ok	$1FFE	$03C2	$2000	7228	$804E	main	/home/will/llvm-mos-65816-stackguard/build/stackguard-sweep/run1/corpus-roms/truchet_sim.default.sfc.elf
/home/will/llvm-mos-65816-stackguard/build/stackguard-sweep/run1/corpus-roms/lsystem_sim.xy16.sfc	lsystem_sim	xy16 -Os	ok	$1F02	$0B62	$2000	5024	$804E	main	/home/will/llvm-mos-65816-stackguard/build/stackguard-sweep/run1/corpus-roms/lsystem_sim.xy16.sfc.elf
/home/will/llvm-mos-65816-stackguard/build/stackguard-sweep/run1/corpus-roms/truchet_sim.a16.sfc	truchet_sim	a16 -Os	ok	$1FFE	$03C2	$2000	7228	$804E	main	/home/will/llvm-mos-65816-stackguard/build/stackguard-sweep/run1/corpus-roms/truchet_sim.a16.sfc.elf
/home/will/llvm-mos-65816-stackguard/build/stackguard-sweep/run1/corpus-roms/truchet_sim.xy16.sfc	truchet_sim	xy16 -Os	ok	$1FFE	$03C2	$2000	7228	$804E	main	/home/will/llvm-mos-65816-stackguard/build/stackguard-sweep/run1/corpus-roms/truchet_sim.xy16.sfc.elf
/home/will/llvm-mos-65816-stackguard/build/stackguard-sweep/run1/corpus-roms/wire3d_sim.default.sfc	wire3d_sim	default -Os	ok	$2000	$0202	$2000	7678	$8020	__do_zero_bss	/home/will/llvm-mos-65816-stackguard/build/stackguard-sweep/run1/corpus-roms/wire3d_sim.default.sfc.elf
/home/will/llvm-mos-65816-stackguard/build/stackguard-sweep/run1/corpus-roms/wire3d_sim.a16.sfc	wire3d_sim	a16 -Os	ok	$2000	$0202	$2000	7678	$8020	__do_zero_bss	/home/will/llvm-mos-65816-stackguard/build/stackguard-sweep/run1/corpus-roms/wire3d_sim.a16.sfc.elf
/home/will/llvm-mos-65816-stackguard/build/stackguard-sweep/run1/corpus-roms/wire3d_sim.xy16.sfc	wire3d_sim	xy16 -Os	ok	$2000	$0202	$2000	7678	$8020	__do_zero_bss	/home/will/llvm-mos-65816-stackguard/build/stackguard-sweep/run1/corpus-roms/wire3d_sim.xy16.sfc.elf
/home/will/llvm-mos-65816-stackguard/build/stackguard-sweep/run1/corpus-roms/wire3d_ctrl_sim.default.sfc	wire3d_ctrl_sim	default -Os	ok	$1FF4	$0202	$2000	7666	$804E	main	/home/will/llvm-mos-65816-stackguard/build/stackguard-sweep/run1/corpus-roms/wire3d_ctrl_sim.default.sfc.elf
/home/will/llvm-mos-65816-stackguard/build/stackguard-sweep/run1/corpus-roms/wire3d_ctrl_sim.a16.sfc	wire3d_ctrl_sim	a16 -Os	ok	$1FF5	$0202	$2000	7667	$804E	main	/home/will/llvm-mos-65816-stackguard/build/stackguard-sweep/run1/corpus-roms/wire3d_ctrl_sim.a16.sfc.elf
/home/will/llvm-mos-65816-stackguard/build/stackguard-sweep/run1/corpus-roms/wire3d_ctrl_sim.xy16.sfc	wire3d_ctrl_sim	xy16 -Os	ok	$1FF5	$0202	$2000	7667	$804E	main	/home/will/llvm-mos-65816-stackguard/build/stackguard-sweep/run1/corpus-roms/wire3d_ctrl_sim.xy16.sfc.elf
/home/will/llvm-mos-65816-stackguard/build/stackguard-sweep/run1/corpus-roms/fn_plot_sim.default.sfc	fn_plot_sim	default -Os	ok	$1FE5	$0202	$2000	7651	$83BD	fn_eval_factor	/home/will/llvm-mos-65816-stackguard/build/stackguard-sweep/run1/corpus-roms/fn_plot_sim.default.sfc.elf
/home/will/llvm-mos-65816-stackguard/build/stackguard-sweep/run1/corpus-roms/fn_plot_sim.a16.sfc	fn_plot_sim	a16 -Os	ok	$1FE6	$0202	$2000	7652	$83C0	fn_eval_factor	/home/will/llvm-mos-65816-stackguard/build/stackguard-sweep/run1/corpus-roms/fn_plot_sim.a16.sfc.elf
/home/will/llvm-mos-65816-stackguard/build/stackguard-sweep/run1/corpus-roms/fn_plot_sim.xy16.sfc	fn_plot_sim	xy16 -Os	ok	$1FE6	$0202	$2000	7652	$83C0	fn_eval_factor	/home/will/llvm-mos-65816-stackguard/build/stackguard-sweep/run1/corpus-roms/fn_plot_sim.xy16.sfc.elf
/home/will/llvm-mos-65816-stackguard/build/stackguard-sweep/run1/corpus-roms/cardioid_sim.default.sfc	cardioid_sim	default -Os	ok	$2000	$0202	$2000	7678	$8020	__do_zero_bss	/home/will/llvm-mos-65816-stackguard/build/stackguard-sweep/run1/corpus-roms/cardioid_sim.default.sfc.elf
/home/will/llvm-mos-65816-stackguard/build/stackguard-sweep/run1/corpus-roms/cardioid_sim.a16.sfc	cardioid_sim	a16 -Os	ok	$2000	$0202	$2000	7678	$8020	__do_zero_bss	/home/will/llvm-mos-65816-stackguard/build/stackguard-sweep/run1/corpus-roms/cardioid_sim.a16.sfc.elf
/home/will/llvm-mos-65816-stackguard/build/stackguard-sweep/run1/corpus-roms/tea_sim.default.sfc	tea_sim	default -Os	ok	$1FFE	$0202	$2000	7676	$804E	main	/home/will/llvm-mos-65816-stackguard/build/stackguard-sweep/run1/corpus-roms/tea_sim.default.sfc.elf
/home/will/llvm-mos-65816-stackguard/build/stackguard-sweep/run1/corpus-roms/cardioid_sim.xy16.sfc	cardioid_sim	xy16 -Os	ok	$2000	$0202	$2000	7678	$8020	__do_zero_bss	/home/will/llvm-mos-65816-stackguard/build/stackguard-sweep/run1/corpus-roms/cardioid_sim.xy16.sfc.elf
/home/will/llvm-mos-65816-stackguard/build/stackguard-sweep/run1/corpus-roms/tea_sim.a16.sfc	tea_sim	a16 -Os	ok	$1FF8	$0202	$2000	7670	$804E	main	/home/will/llvm-mos-65816-stackguard/build/stackguard-sweep/run1/corpus-roms/tea_sim.a16.sfc.elf
/home/will/llvm-mos-65816-stackguard/build/stackguard-sweep/run1/corpus-roms/tea_sim.xy16.sfc	tea_sim	xy16 -Os	ok	$1FF8	$0202	$2000	7670	$804E	main	/home/will/llvm-mos-65816-stackguard/build/stackguard-sweep/run1/corpus-roms/tea_sim.xy16.sfc.elf
/home/will/llvm-mos-65816-stackguard/build/stackguard-sweep/run1/corpus-roms/hilbert_sim.default.sfc	hilbert_sim	default -Os	ok	$1FED	$0202	$2000	7659	$804E	main	/home/will/llvm-mos-65816-stackguard/build/stackguard-sweep/run1/corpus-roms/hilbert_sim.default.sfc.elf
/home/will/llvm-mos-65816-stackguard/build/stackguard-sweep/run1/corpus-roms/hilbert_sim.a16.sfc	hilbert_sim	a16 -Os	ok	$1FE7	$0202	$2000	7653	$804E	main	/home/will/llvm-mos-65816-stackguard/build/stackguard-sweep/run1/corpus-roms/hilbert_sim.a16.sfc.elf
/home/will/llvm-mos-65816-stackguard/build/stackguard-sweep/run1/corpus-roms/hilbert_sim.xy16.sfc	hilbert_sim	xy16 -Os	ok	$1FE7	$0202	$2000	7653	$804E	main	/home/will/llvm-mos-65816-stackguard/build/stackguard-sweep/run1/corpus-roms/hilbert_sim.xy16.sfc.elf
/home/will/llvm-mos-65816-stackguard/build/stackguard-sweep/run1/corpus-roms/fft_sim.default.sfc	fft_sim	default -Os	ok	$1F6E	$0202	$2000	7532	$804E	main	/home/will/llvm-mos-65816-stackguard/build/stackguard-sweep/run1/corpus-roms/fft_sim.default.sfc.elf
/home/will/llvm-mos-65816-stackguard/build/stackguard-sweep/run1/corpus-roms/fft_sim.a16.sfc	fft_sim	a16 -Os	ok	$1F69	$0202	$2000	7527	$804E	main	/home/will/llvm-mos-65816-stackguard/build/stackguard-sweep/run1/corpus-roms/fft_sim.a16.sfc.elf
/home/will/llvm-mos-65816-stackguard/build/stackguard-sweep/run1/corpus-roms/fft_sim.xy16.sfc	fft_sim	xy16 -Os	ok	$1F6A	$0202	$2000	7528	$8068	main	/home/will/llvm-mos-65816-stackguard/build/stackguard-sweep/run1/corpus-roms/fft_sim.xy16.sfc.elf
/home/will/llvm-mos-65816-stackguard/build/stackguard-sweep/run1/corpus-roms/vaprintf_sim.a16.sfc	vaprintf_sim	a16 -Os	ok	$1FD9	$0202	$2000	7639	$8068	main	/home/will/llvm-mos-65816-stackguard/build/stackguard-sweep/run1/corpus-roms/vaprintf_sim.a16.sfc.elf
/home/will/llvm-mos-65816-stackguard/build/stackguard-sweep/run1/corpus-roms/vaprintf_sim.default.sfc	vaprintf_sim	default -Os	ok	$1FDA	$0202	$2000	7640	$8068	main	/home/will/llvm-mos-65816-stackguard/build/stackguard-sweep/run1/corpus-roms/vaprintf_sim.default.sfc.elf
/home/will/llvm-mos-65816-stackguard/build/stackguard-sweep/run1/corpus-roms/vaprintf_sim.xy16.sfc	vaprintf_sim	xy16 -Os	ok	$1FD9	$0202	$2000	7639	$8068	main	/home/will/llvm-mos-65816-stackguard/build/stackguard-sweep/run1/corpus-roms/vaprintf_sim.xy16.sfc.elf
/home/will/llvm-mos-65816-stackguard/build/stackguard-sweep/run1/corpus-roms/bhut_sim.default.sfc	bhut_sim	default -Os	ok	$1F6C	$03EE	$2000	7038	$8740	bh_force	/home/will/llvm-mos-65816-stackguard/build/stackguard-sweep/run1/corpus-roms/bhut_sim.default.sfc.elf
/home/will/llvm-mos-65816-stackguard/build/stackguard-sweep/run1/corpus-roms/bhut_sim.a16.sfc	bhut_sim	a16 -Os	ok	$1F7C	$03EE	$2000	7054	$8802	bh_force	/home/will/llvm-mos-65816-stackguard/build/stackguard-sweep/run1/corpus-roms/bhut_sim.a16.sfc.elf
/home/will/llvm-mos-65816-stackguard/build/stackguard-sweep/run1/corpus-roms/bhut_sim.xy16.sfc	bhut_sim	xy16 -Os	ok	$1F72	$03EE	$2000	7044	$87D6	bh_force	/home/will/llvm-mos-65816-stackguard/build/stackguard-sweep/run1/corpus-roms/bhut_sim.xy16.sfc.elf
/home/will/llvm-mos-65816-stackguard/build/stackguard-sweep/run1/corpus-roms/mandel-double_sim.default.sfc	mandel-double_sim	default -Os	ok	$1FDD	$0234	$2000	7593	$804E	main	/home/will/llvm-mos-65816-stackguard/build/stackguard-sweep/run1/corpus-roms/mandel-double_sim.default.sfc.elf
/home/will/llvm-mos-65816-stackguard/build/stackguard-sweep/run1/corpus-roms/mandel-double_sim.a16.sfc	mandel-double_sim	a16 -Os	ok	$1FD9	$0234	$2000	7589	$804E	main	/home/will/llvm-mos-65816-stackguard/build/stackguard-sweep/run1/corpus-roms/mandel-double_sim.a16.sfc.elf
/home/will/llvm-mos-65816-stackguard/build/stackguard-sweep/run1/corpus-roms/bitcensus_sim.default.sfc	bitcensus_sim	default -Os	ok	$1FFC	$0202	$2000	7674	$804E	main	/home/will/llvm-mos-65816-stackguard/build/stackguard-sweep/run1/corpus-roms/bitcensus_sim.default.sfc.elf
/home/will/llvm-mos-65816-stackguard/build/stackguard-sweep/run1/corpus-roms/mandel-double_sim.xy16.sfc	mandel-double_sim	xy16 -Os	ok	$1FD9	$0234	$2000	7589	$804E	main	/home/will/llvm-mos-65816-stackguard/build/stackguard-sweep/run1/corpus-roms/mandel-double_sim.xy16.sfc.elf
/home/will/llvm-mos-65816-stackguard/build/stackguard-sweep/run1/corpus-roms/bitcensus_sim.a16.sfc	bitcensus_sim	a16 -Os	ok	$1FF7	$0202	$2000	7669	$804E	main	/home/will/llvm-mos-65816-stackguard/build/stackguard-sweep/run1/corpus-roms/bitcensus_sim.a16.sfc.elf
/home/will/llvm-mos-65816-stackguard/build/stackguard-sweep/run1/corpus-roms/bitshuffle_sim.default.sfc	bitshuffle_sim	default -Os	ok	$2000	$0202	$2000	7678	$8020	__do_zero_bss	/home/will/llvm-mos-65816-stackguard/build/stackguard-sweep/run1/corpus-roms/bitshuffle_sim.default.sfc.elf
/home/will/llvm-mos-65816-stackguard/build/stackguard-sweep/run1/corpus-roms/bitcensus_sim.xy16.sfc	bitcensus_sim	xy16 -Os	ok	$1FF7	$0202	$2000	7669	$804E	main	/home/will/llvm-mos-65816-stackguard/build/stackguard-sweep/run1/corpus-roms/bitcensus_sim.xy16.sfc.elf
/home/will/llvm-mos-65816-stackguard/build/stackguard-sweep/run1/corpus-roms/bitshuffle_sim.a16.sfc	bitshuffle_sim	a16 -Os	ok	$2000	$0202	$2000	7678	$8020	__do_zero_bss	/home/will/llvm-mos-65816-stackguard/build/stackguard-sweep/run1/corpus-roms/bitshuffle_sim.a16.sfc.elf
/home/will/llvm-mos-65816-stackguard/build/stackguard-sweep/run1/corpus-roms/bitshuffle_sim.xy16.sfc	bitshuffle_sim	xy16 -Os	ok	$2000	$0202	$2000	7678	$8020	__do_zero_bss	/home/will/llvm-mos-65816-stackguard/build/stackguard-sweep/run1/corpus-roms/bitshuffle_sim.xy16.sfc.elf
/home/will/llvm-mos-65816-stackguard/build/stackguard-sweep/run1/corpus-roms/gf256_sim.default.sfc	gf256_sim	default -Os	ok	$1FF0	$0504	$2000	6892	$80D0	main	/home/will/llvm-mos-65816-stackguard/build/stackguard-sweep/run1/corpus-roms/gf256_sim.default.sfc.elf
/home/will/llvm-mos-65816-stackguard/build/stackguard-sweep/run1/corpus-roms/gf256_sim.a16.sfc	gf256_sim	a16 -Os	ok	$1FF0	$0504	$2000	6892	$804E	main	/home/will/llvm-mos-65816-stackguard/build/stackguard-sweep/run1/corpus-roms/gf256_sim.a16.sfc.elf
/home/will/llvm-mos-65816-stackguard/build/stackguard-sweep/run1/corpus-roms/gf256_sim.xy16.sfc	gf256_sim	xy16 -Os	ok	$1FF0	$0504	$2000	6892	$804E	main	/home/will/llvm-mos-65816-stackguard/build/stackguard-sweep/run1/corpus-roms/gf256_sim.xy16.sfc.elf
/home/will/llvm-mos-65816-stackguard/build/stackguard-sweep/run1/corpus-roms/rotozoom_sim.default.sfc	rotozoom_sim	default -Os	ok	$1FEB	$0202	$2000	7657	$804E	main	/home/will/llvm-mos-65816-stackguard/build/stackguard-sweep/run1/corpus-roms/rotozoom_sim.default.sfc.elf
/home/will/llvm-mos-65816-stackguard/build/stackguard-sweep/run1/corpus-roms/rotozoom_sim.a16.sfc	rotozoom_sim	a16 -Os	ok	$1FE4	$0202	$2000	7650	$804E	main	/home/will/llvm-mos-65816-stackguard/build/stackguard-sweep/run1/corpus-roms/rotozoom_sim.a16.sfc.elf
/home/will/llvm-mos-65816-stackguard/build/stackguard-sweep/run1/corpus-roms/medfilt_sim.default.sfc	medfilt_sim	default -Os	ok	$1FE5	$0202	$2000	7651	$804E	main	/home/will/llvm-mos-65816-stackguard/build/stackguard-sweep/run1/corpus-roms/medfilt_sim.default.sfc.elf
/home/will/llvm-mos-65816-stackguard/build/stackguard-sweep/run1/corpus-roms/medfilt_sim.a16.sfc	medfilt_sim	a16 -Os	ok	$1FE1	$0202	$2000	7647	$804E	main	/home/will/llvm-mos-65816-stackguard/build/stackguard-sweep/run1/corpus-roms/medfilt_sim.a16.sfc.elf
/home/will/llvm-mos-65816-stackguard/build/stackguard-sweep/run1/corpus-roms/rotozoom_sim.xy16.sfc	rotozoom_sim	xy16 -Os	ok	$1FE4	$0202	$2000	7650	$804E	main	/home/will/llvm-mos-65816-stackguard/build/stackguard-sweep/run1/corpus-roms/rotozoom_sim.xy16.sfc.elf
/home/will/llvm-mos-65816-stackguard/build/stackguard-sweep/run1/corpus-roms/medfilt_sim.xy16.sfc	medfilt_sim	xy16 -Os	ok	$1FE1	$0202	$2000	7647	$804E	main	/home/will/llvm-mos-65816-stackguard/build/stackguard-sweep/run1/corpus-roms/medfilt_sim.xy16.sfc.elf
/home/will/llvm-mos-65816-stackguard/build/stackguard-sweep/run1/corpus-roms/domcol_sim.default.sfc	domcol_sim	default -Os	ok	$1FDD	$0202	$2000	7643	$804E	main	/home/will/llvm-mos-65816-stackguard/build/stackguard-sweep/run1/corpus-roms/domcol_sim.default.sfc.elf
/home/will/llvm-mos-65816-stackguard/build/stackguard-sweep/run1/corpus-roms/domcol_sim.a16.sfc	domcol_sim	a16 -Os	ok	$1FDA	$0202	$2000	7640	$804E	main	/home/will/llvm-mos-65816-stackguard/build/stackguard-sweep/run1/corpus-roms/domcol_sim.a16.sfc.elf
/home/will/llvm-mos-65816-stackguard/build/stackguard-sweep/run1/corpus-roms/domcol_sim.xy16.sfc	domcol_sim	xy16 -Os	ok	$1FDA	$0202	$2000	7640	$804E	main	/home/will/llvm-mos-65816-stackguard/build/stackguard-sweep/run1/corpus-roms/domcol_sim.xy16.sfc.elf
/home/will/llvm-mos-65816-stackguard/build/stackguard-sweep/run1/corpus-roms/cosmzoom_sim.default.sfc	cosmzoom_sim	default -Os	ok	$1FF7	$0202	$2000	7669	$804E	main	/home/will/llvm-mos-65816-stackguard/build/stackguard-sweep/run1/corpus-roms/cosmzoom_sim.default.sfc.elf
/home/will/llvm-mos-65816-stackguard/build/stackguard-sweep/run1/corpus-roms/cosmzoom_sim.a16.sfc	cosmzoom_sim	a16 -Os	ok	$1FF9	$0202	$2000	7671	$804E	main	/home/will/llvm-mos-65816-stackguard/build/stackguard-sweep/run1/corpus-roms/cosmzoom_sim.a16.sfc.elf
/home/will/llvm-mos-65816-stackguard/build/stackguard-sweep/run1/corpus-roms/multibase_sim.default.sfc	multibase_sim	default -Os	ok	$1FE7	$0202	$2000	7653	$804E	main	/home/will/llvm-mos-65816-stackguard/build/stackguard-sweep/run1/corpus-roms/multibase_sim.default.sfc.elf
/home/will/llvm-mos-65816-stackguard/build/stackguard-sweep/run1/corpus-roms/cosmzoom_sim.xy16.sfc	cosmzoom_sim	xy16 -Os	ok	$1FF9	$0202	$2000	7671	$804E	main	/home/will/llvm-mos-65816-stackguard/build/stackguard-sweep/run1/corpus-roms/cosmzoom_sim.xy16.sfc.elf
/home/will/llvm-mos-65816-stackguard/build/stackguard-sweep/run1/corpus-roms/multibase_sim.a16.sfc	multibase_sim	a16 -Os	ok	$1FE3	$0202	$2000	7649	$804E	main	/home/will/llvm-mos-65816-stackguard/build/stackguard-sweep/run1/corpus-roms/multibase_sim.a16.sfc.elf
/home/will/llvm-mos-65816-stackguard/build/stackguard-sweep/run1/corpus-roms/multibase_sim.xy16.sfc	multibase_sim	xy16 -Os	ok	$1FE3	$0202	$2000	7649	$804E	main	/home/will/llvm-mos-65816-stackguard/build/stackguard-sweep/run1/corpus-roms/multibase_sim.xy16.sfc.elf
/home/will/llvm-mos-65816-stackguard/build/stackguard-sweep/run1/corpus-roms/dhmix_sim.default.sfc	dhmix_sim	default -Os	ok	$1FD7	$0202	$2000	7637	$804E	main	/home/will/llvm-mos-65816-stackguard/build/stackguard-sweep/run1/corpus-roms/dhmix_sim.default.sfc.elf
/home/will/llvm-mos-65816-stackguard/build/stackguard-sweep/run1/corpus-roms/dhmix_sim.a16.sfc	dhmix_sim	a16 -Os	ok	$1FCE	$0202	$2000	7628	$804E	main	/home/will/llvm-mos-65816-stackguard/build/stackguard-sweep/run1/corpus-roms/dhmix_sim.a16.sfc.elf
/home/will/llvm-mos-65816-stackguard/build/stackguard-sweep/run1/corpus-roms/percol_sim.default.sfc	percol_sim	default -Os	ok	$2000	$0506	$2000	6906	$8020	__do_zero_bss	/home/will/llvm-mos-65816-stackguard/build/stackguard-sweep/run1/corpus-roms/percol_sim.default.sfc.elf
/home/will/llvm-mos-65816-stackguard/build/stackguard-sweep/run1/corpus-roms/dhmix_sim.xy16.sfc	dhmix_sim	xy16 -Os	ok	$1FCE	$0202	$2000	7628	$804E	main	/home/will/llvm-mos-65816-stackguard/build/stackguard-sweep/run1/corpus-roms/dhmix_sim.xy16.sfc.elf
/home/will/llvm-mos-65816-stackguard/build/stackguard-sweep/run1/corpus-roms/percol_sim.a16.sfc	percol_sim	a16 -Os	ok	$1FFE	$0506	$2000	6904	$804E	main	/home/will/llvm-mos-65816-stackguard/build/stackguard-sweep/run1/corpus-roms/percol_sim.a16.sfc.elf
/home/will/llvm-mos-65816-stackguard/build/stackguard-sweep/run1/corpus-roms/percol_sim.xy16.sfc	percol_sim	xy16 -Os	ok	$1FFE	$0506	$2000	6904	$804E	main	/home/will/llvm-mos-65816-stackguard/build/stackguard-sweep/run1/corpus-roms/percol_sim.xy16.sfc.elf
/home/will/llvm-mos-65816-stackguard/build/stackguard-sweep/run1/corpus-roms/fenwick_sim.default.sfc	fenwick_sim	default -Os	ok	$2000	$0246	$2000	7610	$8020	__do_zero_bss	/home/will/llvm-mos-65816-stackguard/build/stackguard-sweep/run1/corpus-roms/fenwick_sim.default.sfc.elf
/home/will/llvm-mos-65816-stackguard/build/stackguard-sweep/run1/corpus-roms/fenwick_sim.a16.sfc	fenwick_sim	a16 -Os	ok	$2000	$0246	$2000	7610	$8020	__do_zero_bss	/home/will/llvm-mos-65816-stackguard/build/stackguard-sweep/run1/corpus-roms/fenwick_sim.a16.sfc.elf
/home/will/llvm-mos-65816-stackguard/build/stackguard-sweep/run1/corpus-roms/fenwick_sim.xy16.sfc	fenwick_sim	xy16 -Os	ok	$2000	$0202	$2000	7678	$8020	__do_zero_bss	/home/will/llvm-mos-65816-stackguard/build/stackguard-sweep/run1/corpus-roms/fenwick_sim.xy16.sfc.elf
/home/will/llvm-mos-65816-stackguard/build/stackguard-sweep/run1/corpus-roms/radix_sim.default.sfc	radix_sim	default -Os	ok	$1FDD	$0202	$2000	7643	$804E	main	/home/will/llvm-mos-65816-stackguard/build/stackguard-sweep/run1/corpus-roms/radix_sim.default.sfc.elf
/home/will/llvm-mos-65816-stackguard/build/stackguard-sweep/run1/corpus-roms/radix_sim.a16.sfc	radix_sim	a16 -Os	ok	$1FDA	$0202	$2000	7640	$804E	main	/home/will/llvm-mos-65816-stackguard/build/stackguard-sweep/run1/corpus-roms/radix_sim.a16.sfc.elf
/home/will/llvm-mos-65816-stackguard/build/stackguard-sweep/run1/corpus-roms/radix_sim.xy16.sfc	radix_sim	xy16 -Os	ok	$1FDA	$0202	$2000	7640	$804E	main	/home/will/llvm-mos-65816-stackguard/build/stackguard-sweep/run1/corpus-roms/radix_sim.xy16.sfc.elf
/home/will/llvm-mos-65816-stackguard/build/stackguard-sweep/run1/corpus-roms/hull_sim.a16.sfc	hull_sim	a16 -Os	ok	$1F8E	$0202	$2000	7564	$804E	main	/home/will/llvm-mos-65816-stackguard/build/stackguard-sweep/run1/corpus-roms/hull_sim.a16.sfc.elf
/home/will/llvm-mos-65816-stackguard/build/stackguard-sweep/run1/corpus-roms/hull_sim.default.sfc	hull_sim	default -Os	ok	$1F9F	$0202	$2000	7581	$804E	main	/home/will/llvm-mos-65816-stackguard/build/stackguard-sweep/run1/corpus-roms/hull_sim.default.sfc.elf
/home/will/llvm-mos-65816-stackguard/build/stackguard-sweep/run1/corpus-roms/editdist_sim.default.sfc	editdist_sim	default -Os	ok	$1FD4	$0608	$2000	6604	$804E	main	/home/will/llvm-mos-65816-stackguard/build/stackguard-sweep/run1/corpus-roms/editdist_sim.default.sfc.elf
/home/will/llvm-mos-65816-stackguard/build/stackguard-sweep/run1/corpus-roms/editdist_sim.a16.sfc	editdist_sim	a16 -Os	ok	$1FCD	$0608	$2000	6597	$804E	main	/home/will/llvm-mos-65816-stackguard/build/stackguard-sweep/run1/corpus-roms/editdist_sim.a16.sfc.elf
/home/will/llvm-mos-65816-stackguard/build/stackguard-sweep/run1/corpus-roms/hull_sim.xy16.sfc	hull_sim	xy16 -Os	ok	$1F8E	$0202	$2000	7564	$804E	main	/home/will/llvm-mos-65816-stackguard/build/stackguard-sweep/run1/corpus-roms/hull_sim.xy16.sfc.elf
/home/will/llvm-mos-65816-stackguard/build/stackguard-sweep/run1/corpus-roms/huffman_sim.default.sfc	huffman_sim	default -Os	ok	$2000	$0362	$2000	7326	$8020	__do_zero_bss	/home/will/llvm-mos-65816-stackguard/build/stackguard-sweep/run1/corpus-roms/huffman_sim.default.sfc.elf
/home/will/llvm-mos-65816-stackguard/build/stackguard-sweep/run1/corpus-roms/editdist_sim.xy16.sfc	editdist_sim	xy16 -Os	ok	$1FCD	$0608	$2000	6597	$804E	main	/home/will/llvm-mos-65816-stackguard/build/stackguard-sweep/run1/corpus-roms/editdist_sim.xy16.sfc.elf
/home/will/llvm-mos-65816-stackguard/build/stackguard-sweep/run1/corpus-roms/huffman_sim.a16.sfc	huffman_sim	a16 -Os	ok	$2000	$0362	$2000	7326	$8020	__do_zero_bss	/home/will/llvm-mos-65816-stackguard/build/stackguard-sweep/run1/corpus-roms/huffman_sim.a16.sfc.elf
/home/will/llvm-mos-65816-stackguard/build/stackguard-sweep/run1/corpus-roms/huffman_sim.xy16.sfc	huffman_sim	xy16 -Os	ok	$2000	$0302	$2000	7422	$8020	__do_zero_bss	/home/will/llvm-mos-65816-stackguard/build/stackguard-sweep/run1/corpus-roms/huffman_sim.xy16.sfc.elf
/home/will/llvm-mos-65816-stackguard/build/stackguard-sweep/run1/corpus-roms/perlin_sim.default.sfc	perlin_sim	default -Os	ok	$1FEC	$0404	$2000	7144	$804E	main	/home/will/llvm-mos-65816-stackguard/build/stackguard-sweep/run1/corpus-roms/perlin_sim.default.sfc.elf
/home/will/llvm-mos-65816-stackguard/build/stackguard-sweep/run1/corpus-roms/perlin_sim.xy16.sfc	perlin_sim	xy16 -Os	ok	$1FE9	$0404	$2000	7141	$804E	main	/home/will/llvm-mos-65816-stackguard/build/stackguard-sweep/run1/corpus-roms/perlin_sim.xy16.sfc.elf
/home/will/llvm-mos-65816-stackguard/build/stackguard-sweep/run1/corpus-roms/perlin_sim.a16.sfc	perlin_sim	a16 -Os	ok	$1FEA	$0404	$2000	7142	$804E	main	/home/will/llvm-mos-65816-stackguard/build/stackguard-sweep/run1/corpus-roms/perlin_sim.a16.sfc.elf
/home/will/llvm-mos-65816-stackguard/build/stackguard-sweep/run1/corpus-roms/gouraud_sim.default.sfc	gouraud_sim	default -Os	ok	$1FA4	$0202	$2000	7586	$804E	main	/home/will/llvm-mos-65816-stackguard/build/stackguard-sweep/run1/corpus-roms/gouraud_sim.default.sfc.elf
/home/will/llvm-mos-65816-stackguard/build/stackguard-sweep/run1/corpus-roms/gouraud_sim.a16.sfc	gouraud_sim	a16 -Os	ok	$1F9F	$0202	$2000	7581	$804E	main	/home/will/llvm-mos-65816-stackguard/build/stackguard-sweep/run1/corpus-roms/gouraud_sim.a16.sfc.elf
/home/will/llvm-mos-65816-stackguard/build/stackguard-sweep/run1/corpus-roms/dither_sim.default.sfc	dither_sim	default -Os	ok	$1EE9	$0442	$2000	6823	$8068	main	/home/will/llvm-mos-65816-stackguard/build/stackguard-sweep/run1/corpus-roms/dither_sim.default.sfc.elf
/home/will/llvm-mos-65816-stackguard/build/stackguard-sweep/run1/corpus-roms/gouraud_sim.xy16.sfc	gouraud_sim	xy16 -Os	ok	$1F9F	$0202	$2000	7581	$804E	main	/home/will/llvm-mos-65816-stackguard/build/stackguard-sweep/run1/corpus-roms/gouraud_sim.xy16.sfc.elf
/home/will/llvm-mos-65816-stackguard/build/stackguard-sweep/run1/corpus-roms/dither_sim.a16.sfc	dither_sim	a16 -Os	ok	$1EE6	$0442	$2000	6820	$804E	main	/home/will/llvm-mos-65816-stackguard/build/stackguard-sweep/run1/corpus-roms/dither_sim.a16.sfc.elf
/home/will/llvm-mos-65816-stackguard/build/stackguard-sweep/run1/corpus-roms/dither_sim.xy16.sfc	dither_sim	xy16 -Os	ok	$1EE6	$0442	$2000	6820	$8068	main	/home/will/llvm-mos-65816-stackguard/build/stackguard-sweep/run1/corpus-roms/dither_sim.xy16.sfc.elf
/home/will/llvm-mos-65816-stackguard/build/stackguard-sweep/run1/corpus-roms/msquares_sim.default.sfc	msquares_sim	default -Os	ok	$1FBF	$0444	$2000	7035	$804E	main	/home/will/llvm-mos-65816-stackguard/build/stackguard-sweep/run1/corpus-roms/msquares_sim.default.sfc.elf
/home/will/llvm-mos-65816-stackguard/build/stackguard-sweep/run1/corpus-roms/msquares_sim.a16.sfc	msquares_sim	a16 -Os	ok	$1FB4	$0444	$2000	7024	$804E	main	/home/will/llvm-mos-65816-stackguard/build/stackguard-sweep/run1/corpus-roms/msquares_sim.a16.sfc.elf
/home/will/llvm-mos-65816-stackguard/build/stackguard-sweep/run1/corpus-roms/grid3d_sim.default.sfc	grid3d_sim	default -Os	ok	$1FF7	$03B2	$2000	7237	$804E	main	/home/will/llvm-mos-65816-stackguard/build/stackguard-sweep/run1/corpus-roms/grid3d_sim.default.sfc.elf
/home/will/llvm-mos-65816-stackguard/build/stackguard-sweep/run1/corpus-roms/msquares_sim.xy16.sfc	msquares_sim	xy16 -Os	ok	$1FB4	$0444	$2000	7024	$804E	main	/home/will/llvm-mos-65816-stackguard/build/stackguard-sweep/run1/corpus-roms/msquares_sim.xy16.sfc.elf
/home/will/llvm-mos-65816-stackguard/build/stackguard-sweep/run1/corpus-roms/grid3d_sim.xy16.sfc	grid3d_sim	xy16 -Os	ok	$1FF5	$03B2	$2000	7235	$804E	main	/home/will/llvm-mos-65816-stackguard/build/stackguard-sweep/run1/corpus-roms/grid3d_sim.xy16.sfc.elf
/home/will/llvm-mos-65816-stackguard/build/stackguard-sweep/run1/corpus-roms/grid3d_sim.a16.sfc	grid3d_sim	a16 -Os	ok	$1FF5	$03B2	$2000	7235	$804E	main	/home/will/llvm-mos-65816-stackguard/build/stackguard-sweep/run1/corpus-roms/grid3d_sim.a16.sfc.elf
/home/will/llvm-mos-65816-stackguard/build/stackguard-sweep/run1/corpus-roms/setjmp_sim.default.sfc	setjmp_sim	default -Os	ok	$2000	$0216	$2000	7658	$8020	__do_zero_bss	/home/will/llvm-mos-65816-stackguard/build/stackguard-sweep/run1/corpus-roms/setjmp_sim.default.sfc.elf
/home/will/llvm-mos-65816-stackguard/build/stackguard-sweep/run1/corpus-roms/setjmp_sim.a16.sfc	setjmp_sim	a16 -Os	ok	$2000	$0216	$2000	7658	$8020	__do_zero_bss	/home/will/llvm-mos-65816-stackguard/build/stackguard-sweep/run1/corpus-roms/setjmp_sim.a16.sfc.elf
/home/will/llvm-mos-65816-stackguard/build/stackguard-sweep/run1/corpus-roms/setjmp_sim.xy16.sfc	setjmp_sim	xy16 -Os	ok	$2000	$0216	$2000	7658	$8020	__do_zero_bss	/home/will/llvm-mos-65816-stackguard/build/stackguard-sweep/run1/corpus-roms/setjmp_sim.xy16.sfc.elf
/home/will/llvm-mos-65816-stackguard/build/stackguard-sweep/run1/corpus-roms/nmitally_sim.a16.sfc	nmitally_sim	a16 -Os	ok	$1FF1	$0202	$2000	7663	$804E	main	/home/will/llvm-mos-65816-stackguard/build/stackguard-sweep/run1/corpus-roms/nmitally_sim.a16.sfc.elf
/home/will/llvm-mos-65816-stackguard/build/stackguard-sweep/run1/corpus-roms/nmitally_sim.default.sfc	nmitally_sim	default -Os	ok	$1FF2	$0202	$2000	7664	$804E	main	/home/will/llvm-mos-65816-stackguard/build/stackguard-sweep/run1/corpus-roms/nmitally_sim.default.sfc.elf
/home/will/llvm-mos-65816-stackguard/build/stackguard-sweep/run1/corpus-roms/nmitally_sim.xy16.sfc	nmitally_sim	xy16 -Os	ok	$1FF1	$0202	$2000	7663	$804E	main	/home/will/llvm-mos-65816-stackguard/build/stackguard-sweep/run1/corpus-roms/nmitally_sim.xy16.sfc.elf
/home/will/llvm-mos-65816-stackguard/build/stackguard-sweep/run1/corpus-roms/backtrack_sim.default.sfc	backtrack_sim	default -Os	ok	$1FFD	$0486	$2000	7031	$814A	backtrack_gate_crc	/home/will/llvm-mos-65816-stackguard/build/stackguard-sweep/run1/corpus-roms/backtrack_sim.default.sfc.elf
/home/will/llvm-mos-65816-stackguard/build/stackguard-sweep/run1/corpus-roms/backtrack_sim.a16.sfc	backtrack_sim	a16 -Os	ok	$1FFB	$0486	$2000	7029	$814A	backtrack_gate_crc	/home/will/llvm-mos-65816-stackguard/build/stackguard-sweep/run1/corpus-roms/backtrack_sim.a16.sfc.elf
/home/will/llvm-mos-65816-stackguard/build/stackguard-sweep/run1/corpus-roms/backtrack_sim.xy16.sfc	backtrack_sim	xy16 -Os	ok	$1FFB	$0486	$2000	7029	$814A	backtrack_gate_crc	/home/will/llvm-mos-65816-stackguard/build/stackguard-sweep/run1/corpus-roms/backtrack_sim.xy16.sfc.elf
/home/will/llvm-mos-65816-stackguard/build/stackguard-sweep/run1/corpus-roms/csrjmp_sim.default.sfc	csrjmp_sim	default -Os	ok	$1FEE	$026C	$2000	7554	$8325	cj_worker	/home/will/llvm-mos-65816-stackguard/build/stackguard-sweep/run1/corpus-roms/csrjmp_sim.default.sfc.elf
/home/will/llvm-mos-65816-stackguard/build/stackguard-sweep/run1/corpus-roms/csrjmp_sim.a16.sfc	csrjmp_sim	a16 -Os	ok	$1FEC	$026C	$2000	7552	$835A	cj_worker	/home/will/llvm-mos-65816-stackguard/build/stackguard-sweep/run1/corpus-roms/csrjmp_sim.a16.sfc.elf
/home/will/llvm-mos-65816-stackguard/build/stackguard-sweep/run1/corpus-roms/retryjmp_sim.default.sfc	retryjmp_sim	default -Os	ok	$1FAE	$0244	$2000	7530	$83A0	rj_work	/home/will/llvm-mos-65816-stackguard/build/stackguard-sweep/run1/corpus-roms/retryjmp_sim.default.sfc.elf
/home/will/llvm-mos-65816-stackguard/build/stackguard-sweep/run1/corpus-roms/csrjmp_sim.xy16.sfc	csrjmp_sim	xy16 -Os	ok	$1FEC	$026C	$2000	7552	$835A	cj_worker	/home/will/llvm-mos-65816-stackguard/build/stackguard-sweep/run1/corpus-roms/csrjmp_sim.xy16.sfc.elf
/home/will/llvm-mos-65816-stackguard/build/stackguard-sweep/run1/corpus-roms/retryjmp_sim.a16.sfc	retryjmp_sim	a16 -Os	ok	$1FAD	$0244	$2000	7529	$8429	rj_work	/home/will/llvm-mos-65816-stackguard/build/stackguard-sweep/run1/corpus-roms/retryjmp_sim.a16.sfc.elf
/home/will/llvm-mos-65816-stackguard/build/stackguard-sweep/run1/corpus-roms/retryjmp_sim.xy16.sfc	retryjmp_sim	xy16 -Os	ok	$1FAB	$0214	$2000	7575	$8475	rj_work	/home/will/llvm-mos-65816-stackguard/build/stackguard-sweep/run1/corpus-roms/retryjmp_sim.xy16.sfc.elf
/home/will/llvm-mos-65816-stackguard/build/stackguard-sweep/run1/corpus-roms/jt256_sim.default.sfc	jt256_sim	default -Os	ok	$2000	$092C	$2000	5844	$8020	__do_zero_bss	/home/will/llvm-mos-65816-stackguard/build/stackguard-sweep/run1/corpus-roms/jt256_sim.default.sfc.elf
/home/will/llvm-mos-65816-stackguard/build/stackguard-sweep/run1/corpus-roms/jt256_sim.a16.sfc	jt256_sim	a16 -Os	ok	$2000	$092C	$2000	5844	$8020	__do_zero_bss	/home/will/llvm-mos-65816-stackguard/build/stackguard-sweep/run1/corpus-roms/jt256_sim.a16.sfc.elf
/home/will/llvm-mos-65816-stackguard/build/stackguard-sweep/run1/corpus-roms/jt256_sim.xy16.sfc	jt256_sim	xy16 -Os	ok	$2000	$092C	$2000	5844	$8020	__do_zero_bss	/home/will/llvm-mos-65816-stackguard/build/stackguard-sweep/run1/corpus-roms/jt256_sim.xy16.sfc.elf
/home/will/llvm-mos-65816-stackguard/build/stackguard-sweep/run1/corpus-roms/vlastack_sim.default.sfc	vlastack_sim	default -Os	ok	$1FE2	$0B94	$2000	5198	$8539	vs_decode	/home/will/llvm-mos-65816-stackguard/build/stackguard-sweep/run1/corpus-roms/vlastack_sim.default.sfc.elf
/home/will/llvm-mos-65816-stackguard/build/stackguard-sweep/run1/corpus-roms/vlastack_sim.a16.sfc	vlastack_sim	a16 -Os	ok	$1FE2	$0B94	$2000	5198	$8656	vs_decode	/home/will/llvm-mos-65816-stackguard/build/stackguard-sweep/run1/corpus-roms/vlastack_sim.a16.sfc.elf
/home/will/llvm-mos-65816-stackguard/build/stackguard-sweep/run1/corpus-roms/vlastack_sim.xy16.sfc	vlastack_sim	xy16 -Os	ok	$1FE2	$0B94	$2000	5198	$866B	vs_decode	/home/will/llvm-mos-65816-stackguard/build/stackguard-sweep/run1/corpus-roms/vlastack_sim.xy16.sfc.elf
/home/will/llvm-mos-65816-stackguard/build/stackguard-sweep/run1/corpus-roms/borrowov_sim.default.sfc	borrowov_sim	default -Os	ok	$2000	$0442	$2000	7102	$8020	__do_zero_bss	/home/will/llvm-mos-65816-stackguard/build/stackguard-sweep/run1/corpus-roms/borrowov_sim.default.sfc.elf
/home/will/llvm-mos-65816-stackguard/build/stackguard-sweep/run1/corpus-roms/borrowov_sim.a16.sfc	borrowov_sim	a16 -Os	ok	$2000	$0442	$2000	7102	$8020	__do_zero_bss	/home/will/llvm-mos-65816-stackguard/build/stackguard-sweep/run1/corpus-roms/borrowov_sim.a16.sfc.elf
/home/will/llvm-mos-65816-stackguard/build/stackguard-sweep/run1/corpus-roms/borrowov_sim.xy16.sfc	borrowov_sim	xy16 -Os	ok	$2000	$0412	$2000	7150	$8020	__do_zero_bss	/home/will/llvm-mos-65816-stackguard/build/stackguard-sweep/run1/corpus-roms/borrowov_sim.xy16.sfc.elf
/home/will/llvm-mos-65816-stackguard/build/stackguard-sweep/run1/corpus-roms/bigbyval_sim.default.sfc	bigbyval_sim	default -Os	ok	$1FBB	$065A	$2000	6497	$8064	main	/home/will/llvm-mos-65816-stackguard/build/stackguard-sweep/run1/corpus-roms/bigbyval_sim.default.sfc.elf
/home/will/llvm-mos-65816-stackguard/build/stackguard-sweep/run1/corpus-roms/bigbyval_sim.xy16.sfc	bigbyval_sim	xy16 -Os	ok	$1FBC	$065A	$2000	6498	$8064	main	/home/will/llvm-mos-65816-stackguard/build/stackguard-sweep/run1/corpus-roms/bigbyval_sim.xy16.sfc.elf
/home/will/llvm-mos-65816-stackguard/build/stackguard-sweep/run1/corpus-roms/bigbyval_sim.a16.sfc	bigbyval_sim	a16 -Os	ok	$1FBC	$065A	$2000	6498	$8064	main	/home/will/llvm-mos-65816-stackguard/build/stackguard-sweep/run1/corpus-roms/bigbyval_sim.a16.sfc.elf
/home/will/llvm-mos-65816-stackguard/build/stackguard-sweep/run1/corpus-roms/dblbridge_sim.default.sfc	dblbridge_sim	default -Os	ok	$1FF2	$0514	$2000	6878	$804E	main	/home/will/llvm-mos-65816-stackguard/build/stackguard-sweep/run1/corpus-roms/dblbridge_sim.default.sfc.elf
/home/will/llvm-mos-65816-stackguard/build/stackguard-sweep/run1/corpus-roms/dblbridge_sim.a16.sfc	dblbridge_sim	a16 -Os	ok	$1FE9	$0514	$2000	6869	$804E	main	/home/will/llvm-mos-65816-stackguard/build/stackguard-sweep/run1/corpus-roms/dblbridge_sim.a16.sfc.elf
/home/will/llvm-mos-65816-stackguard/build/stackguard-sweep/run1/corpus-roms/bsearchviz_sim.default.sfc	bsearchviz_sim	default -Os	ok	$2000	$0346	$2000	7354	$8020	__do_zero_bss	/home/will/llvm-mos-65816-stackguard/build/stackguard-sweep/run1/corpus-roms/bsearchviz_sim.default.sfc.elf
/home/will/llvm-mos-65816-stackguard/build/stackguard-sweep/run1/corpus-roms/bsearchviz_sim.a16.sfc	bsearchviz_sim	a16 -Os	ok	$2000	$0346	$2000	7354	$8020	__do_zero_bss	/home/will/llvm-mos-65816-stackguard/build/stackguard-sweep/run1/corpus-roms/bsearchviz_sim.a16.sfc.elf
/home/will/llvm-mos-65816-stackguard/build/stackguard-sweep/run1/corpus-roms/bsearchviz_sim.xy16.sfc	bsearchviz_sim	xy16 -Os	ok	$2000	$0346	$2000	7354	$8020	__do_zero_bss	/home/will/llvm-mos-65816-stackguard/build/stackguard-sweep/run1/corpus-roms/bsearchviz_sim.xy16.sfc.elf
/home/will/llvm-mos-65816-stackguard/build/stackguard-sweep/run1/corpus-roms/strcmprace_sim.default.sfc	strcmprace_sim	default -Os	ok	$1FFC	$064C	$2000	6576	$8064	main	/home/will/llvm-mos-65816-stackguard/build/stackguard-sweep/run1/corpus-roms/strcmprace_sim.default.sfc.elf
/home/will/llvm-mos-65816-stackguard/build/stackguard-sweep/run1/corpus-roms/strcmprace_sim.a16.sfc	strcmprace_sim	a16 -Os	ok	$1FF8	$064C	$2000	6572	$8064	main	/home/will/llvm-mos-65816-stackguard/build/stackguard-sweep/run1/corpus-roms/strcmprace_sim.a16.sfc.elf
/home/will/llvm-mos-65816-stackguard/build/stackguard-sweep/run1/corpus-roms/strcmprace_sim.xy16.sfc	strcmprace_sim	xy16 -Os	ok	$1FF7	$064C	$2000	6571	$807E	main	/home/will/llvm-mos-65816-stackguard/build/stackguard-sweep/run1/corpus-roms/strcmprace_sim.xy16.sfc.elf
/home/will/llvm-mos-65816-stackguard/build/stackguard-sweep/run1/corpus-roms/packrec_sim.default.sfc	packrec_sim	default -Os	ok	$1FFD	$0B06	$2000	5367	$8064	main	/home/will/llvm-mos-65816-stackguard/build/stackguard-sweep/run1/corpus-roms/packrec_sim.default.sfc.elf
/home/will/llvm-mos-65816-stackguard/build/stackguard-sweep/run1/corpus-roms/packrec_sim.a16.sfc	packrec_sim	a16 -Os	ok	$1FFC	$0B06	$2000	5366	$8064	main	/home/will/llvm-mos-65816-stackguard/build/stackguard-sweep/run1/corpus-roms/packrec_sim.a16.sfc.elf
/home/will/llvm-mos-65816-stackguard/build/stackguard-sweep/run1/corpus-roms/dblbridge_sim.xy16.sfc	dblbridge_sim	xy16 -Os	ok	$1FE9	$0514	$2000	6869	$804E	main	/home/will/llvm-mos-65816-stackguard/build/stackguard-sweep/run1/corpus-roms/dblbridge_sim.xy16.sfc.elf
/home/will/llvm-mos-65816-stackguard/build/stackguard-sweep/run1/corpus-roms/trapguard_sim.default.sfc	trapguard_sim	default -Os	ok	$1FF7	$033E	$2000	7353	$8267	tg_run	/home/will/llvm-mos-65816-stackguard/build/stackguard-sweep/run1/corpus-roms/trapguard_sim.default.sfc.elf
/home/will/llvm-mos-65816-stackguard/build/stackguard-sweep/run1/corpus-roms/packrec_sim.xy16.sfc	packrec_sim	xy16 -Os	ok	$1FFC	$0B06	$2000	5366	$8064	main	/home/will/llvm-mos-65816-stackguard/build/stackguard-sweep/run1/corpus-roms/packrec_sim.xy16.sfc.elf
/home/will/llvm-mos-65816-stackguard/build/stackguard-sweep/run1/corpus-roms/trapguard_sim.a16.sfc	trapguard_sim	a16 -Os	ok	$1FF2	$033E	$2000	7348	$82C1	tg_run	/home/will/llvm-mos-65816-stackguard/build/stackguard-sweep/run1/corpus-roms/trapguard_sim.a16.sfc.elf
/home/will/llvm-mos-65816-stackguard/build/stackguard-sweep/run1/corpus-roms/trapguard_sim.xy16.sfc	trapguard_sim	xy16 -Os	ok	$1FF2	$0332	$2000	7360	$82C1	tg_run	/home/will/llvm-mos-65816-stackguard/build/stackguard-sweep/run1/corpus-roms/trapguard_sim.xy16.sfc.elf
/home/will/llvm-mos-65816-stackguard/build/stackguard-sweep/run1/corpus-roms/vlanest_sim.a16.sfc	vlanest_sim	a16 -Os	ok	$1FCB	$0536	$2000	6805	$885F	vn_reduce	/home/will/llvm-mos-65816-stackguard/build/stackguard-sweep/run1/corpus-roms/vlanest_sim.a16.sfc.elf
/home/will/llvm-mos-65816-stackguard/build/stackguard-sweep/run1/corpus-roms/vlanest_sim.default.sfc	vlanest_sim	default -Os	ok	$1FCF	$0536	$2000	6809	$8537	vn_reduce	/home/will/llvm-mos-65816-stackguard/build/stackguard-sweep/run1/corpus-roms/vlanest_sim.default.sfc.elf
/home/will/llvm-mos-65816-stackguard/build/stackguard-sweep/run1/corpus-roms/vlanest_sim.xy16.sfc	vlanest_sim	xy16 -Os	ok	$1FCB	$0536	$2000	6805	$885F	vn_reduce	/home/will/llvm-mos-65816-stackguard/build/stackguard-sweep/run1/corpus-roms/vlanest_sim.xy16.sfc.elf
/home/will/llvm-mos-65816-stackguard/build/stackguard-sweep/run1/corpus-roms/jtedge_sim.default.sfc	jtedge_sim	default -Os	ok	$1FF8	$0680	$2000	6520	$80F3	main	/home/will/llvm-mos-65816-stackguard/build/stackguard-sweep/run1/corpus-roms/jtedge_sim.default.sfc.elf
/home/will/llvm-mos-65816-stackguard/build/stackguard-sweep/run1/corpus-roms/jtedge_sim.a16.sfc	jtedge_sim	a16 -Os	ok	$1FF4	$06A4	$2000	6480	$804E	main	/home/will/llvm-mos-65816-stackguard/build/stackguard-sweep/run1/corpus-roms/jtedge_sim.a16.sfc.elf
/home/will/llvm-mos-65816-stackguard/build/stackguard-sweep/run1/corpus-roms/jtedge_sim.xy16.sfc	jtedge_sim	xy16 -Os	ok	$1FF4	$06A4	$2000	6480	$804E	main	/home/will/llvm-mos-65816-stackguard/build/stackguard-sweep/run1/corpus-roms/jtedge_sim.xy16.sfc.elf
/home/will/llvm-mos-65816-stackguard/build/stackguard-sweep/run1/corpus-roms/jtsparse_sim.default.sfc	jtsparse_sim	default -Os	ok	$1FF8	$0702	$2000	6390	$8064	main	/home/will/llvm-mos-65816-stackguard/build/stackguard-sweep/run1/corpus-roms/jtsparse_sim.default.sfc.elf
/home/will/llvm-mos-65816-stackguard/build/stackguard-sweep/run1/corpus-roms/jtsparse_sim.a16.sfc	jtsparse_sim	a16 -Os	ok	$1FF4	$0702	$2000	6386	$8064	main	/home/will/llvm-mos-65816-stackguard/build/stackguard-sweep/run1/corpus-roms/jtsparse_sim.a16.sfc.elf
/home/will/llvm-mos-65816-stackguard/build/stackguard-sweep/run1/corpus-roms/jtsparse_sim.xy16.sfc	jtsparse_sim	xy16 -Os	ok	$1FF4	$0702	$2000	6386	$8064	main	/home/will/llvm-mos-65816-stackguard/build/stackguard-sweep/run1/corpus-roms/jtsparse_sim.xy16.sfc.elf
/home/will/llvm-mos-65816-stackguard/build/stackguard-sweep/run1/corpus-roms/byvaledge_sim.default.sfc	byvaledge_sim	default -Os	ok	$1FFD	$0984	$2000	5753	$804E	main	/home/will/llvm-mos-65816-stackguard/build/stackguard-sweep/run1/corpus-roms/byvaledge_sim.default.sfc.elf
/home/will/llvm-mos-65816-stackguard/build/stackguard-sweep/run1/corpus-roms/byvaledge_sim.a16.sfc	byvaledge_sim	a16 -Os	ok	$1FFA	$0984	$2000	5750	$804E	main	/home/will/llvm-mos-65816-stackguard/build/stackguard-sweep/run1/corpus-roms/byvaledge_sim.a16.sfc.elf
/home/will/llvm-mos-65816-stackguard/build/stackguard-sweep/run1/corpus-roms/byvaledge_sim.xy16.sfc	byvaledge_sim	xy16 -Os	ok	$1FFA	$0984	$2000	5750	$804E	main	/home/will/llvm-mos-65816-stackguard/build/stackguard-sweep/run1/corpus-roms/byvaledge_sim.xy16.sfc.elf
/home/will/llvm-mos-65816-stackguard/build/stackguard-sweep/run1/corpus-roms/ovmatrix_sim.a16.sfc	ovmatrix_sim	a16 -Os	ok	$2000	$0236	$2000	7626	$8020	__do_zero_bss	/home/will/llvm-mos-65816-stackguard/build/stackguard-sweep/run1/corpus-roms/ovmatrix_sim.a16.sfc.elf
/home/will/llvm-mos-65816-stackguard/build/stackguard-sweep/run1/corpus-roms/ovmatrix_sim.default.sfc	ovmatrix_sim	default -Os	ok	$2000	$0212	$2000	7662	$8020	__do_zero_bss	/home/will/llvm-mos-65816-stackguard/build/stackguard-sweep/run1/corpus-roms/ovmatrix_sim.default.sfc.elf
/home/will/llvm-mos-65816-stackguard/build/stackguard-sweep/run1/corpus-roms/vawidth_sim.default.sfc	vawidth_sim	default -Os	ok	$1FEE	$0202	$2000	7660	$804E	main	/home/will/llvm-mos-65816-stackguard/build/stackguard-sweep/run1/corpus-roms/vawidth_sim.default.sfc.elf
/home/will/llvm-mos-65816-stackguard/build/stackguard-sweep/run1/corpus-roms/vawidth_sim.a16.sfc	vawidth_sim	a16 -Os	ok	$1FEE	$0202	$2000	7660	$804E	main	/home/will/llvm-mos-65816-stackguard/build/stackguard-sweep/run1/corpus-roms/vawidth_sim.a16.sfc.elf
/home/will/llvm-mos-65816-stackguard/build/stackguard-sweep/run1/corpus-roms/vawidth_sim.xy16.sfc	vawidth_sim	xy16 -Os	ok	$1FEE	$0202	$2000	7660	$804E	main	/home/will/llvm-mos-65816-stackguard/build/stackguard-sweep/run1/corpus-roms/vawidth_sim.xy16.sfc.elf
/home/will/llvm-mos-65816-stackguard/build/stackguard-sweep/run1/corpus-roms/ovmatrix_sim.xy16.sfc	ovmatrix_sim	xy16 -Os	ok	$2000	$0236	$2000	7626	$8020	__do_zero_bss	/home/will/llvm-mos-65816-stackguard/build/stackguard-sweep/run1/corpus-roms/ovmatrix_sim.xy16.sfc.elf
/home/will/llvm-mos-65816-stackguard/build/stackguard-sweep/run1/corpus-roms/sretrec_sim.default.sfc	sretrec_sim	default -Os	ok	$1EFF	$0202	$2000	7421	$81A1	sr_recur	/home/will/llvm-mos-65816-stackguard/build/stackguard-sweep/run1/corpus-roms/sretrec_sim.default.sfc.elf
/home/will/llvm-mos-65816-stackguard/build/stackguard-sweep/run1/corpus-roms/sretrec_sim.a16.sfc	sretrec_sim	a16 -Os	ok	$1F5C	$0202	$2000	7514	$8138	sr_recur	/home/will/llvm-mos-65816-stackguard/build/stackguard-sweep/run1/corpus-roms/sretrec_sim.a16.sfc.elf
/home/will/llvm-mos-65816-stackguard/build/stackguard-sweep/run1/corpus-roms/sretrec_sim.xy16.sfc	sretrec_sim	xy16 -Os	ok	$1F5C	$0202	$2000	7514	$8138	sr_recur	/home/will/llvm-mos-65816-stackguard/build/stackguard-sweep/run1/corpus-roms/sretrec_sim.xy16.sfc.elf
/home/will/llvm-mos-65816-stackguard/build/stackguard-sweep/run1/corpus-roms/arityfan_sim.default.sfc	arityfan_sim	default -Os	ok	$1FF8	$0200	$2000	7672	$8051	main	/home/will/llvm-mos-65816-stackguard/build/stackguard-sweep/run1/corpus-roms/arityfan_sim.default.sfc.elf
/home/will/llvm-mos-65816-stackguard/build/stackguard-sweep/run1/corpus-roms/arityfan_sim.a16.sfc	arityfan_sim	a16 -Os	ok	$1FF8	$0200	$2000	7672	$8051	main	/home/will/llvm-mos-65816-stackguard/build/stackguard-sweep/run1/corpus-roms/arityfan_sim.a16.sfc.elf
/home/will/llvm-mos-65816-stackguard/build/stackguard-sweep/run1/corpus-roms/arityfan_sim.xy16.sfc	arityfan_sim	xy16 -Os	ok	$1FF8	$0200	$2000	7672	$8051	main	/home/will/llvm-mos-65816-stackguard/build/stackguard-sweep/run1/corpus-roms/arityfan_sim.xy16.sfc.elf
/home/will/llvm-mos-65816-stackguard/build/stackguard-sweep/run1/corpus-roms/extload_sim.default.sfc	extload_sim	default -Os	ok	$1F90	$0202	$2000	7566	$804E	main	/home/will/llvm-mos-65816-stackguard/build/stackguard-sweep/run1/corpus-roms/extload_sim.default.sfc.elf
/home/will/llvm-mos-65816-stackguard/build/stackguard-sweep/run1/corpus-roms/extload_sim.xy16.sfc	extload_sim	xy16 -Os	ok	$1FA0	$0202	$2000	7582	$804E	main	/home/will/llvm-mos-65816-stackguard/build/stackguard-sweep/run1/corpus-roms/extload_sim.xy16.sfc.elf
/home/will/llvm-mos-65816-stackguard/build/stackguard-sweep/run1/corpus-roms/extload_sim.a16.sfc	extload_sim	a16 -Os	ok	$1FA0	$0202	$2000	7582	$804E	main	/home/will/llvm-mos-65816-stackguard/build/stackguard-sweep/run1/corpus-roms/extload_sim.a16.sfc.elf
