arith	a16	rc=0	SMOKE: PASS off=0x20E len=2 got=0xA9E9 (ran 1000 frames, bsnes-jg)
arith	default	rc=0	SMOKE: PASS off=0x20C len=2 got=0xA9E9 (ran 1000 frames, bsnes-jg)
arith	xy16	rc=0	SMOKE: PASS off=0x20E len=2 got=0xA9E9 (ran 1000 frames, bsnes-jg)
arityfan_sim	a16	rc=0	SMOKE: PASS off=0x20 len=2 got=0xA09E (ran 1000 frames, bsnes-jg)
arityfan_sim	default	rc=0	SMOKE: PASS off=0x20 len=2 got=0xA09E (ran 1000 frames, bsnes-jg)
arityfan_sim	xy16	rc=0	SMOKE: PASS off=0x20 len=2 got=0xA09E (ran 1000 frames, bsnes-jg)
arrays	a16	rc=0	SMOKE: PASS off=0x201 len=2 got=0x03E1 (ran 1000 frames, bsnes-jg)
arrays	default	rc=0	SMOKE: PASS off=0x201 len=2 got=0x03E1 (ran 1000 frames, bsnes-jg)
arrays	xy16	rc=0	SMOKE: PASS off=0x201 len=2 got=0x03E1 (ran 1000 frames, bsnes-jg)
avalanche_sim	a16	rc=0	SMOKE: PASS off=0x200 len=2 got=0x27EA (ran 1000 frames, bsnes-jg)
avalanche_sim	default	rc=0	SMOKE: PASS off=0x200 len=2 got=0x27EA (ran 1000 frames, bsnes-jg)
avalanche_sim	xy16	rc=0	SMOKE: PASS off=0x200 len=2 got=0x27EA (ran 1000 frames, bsnes-jg)
backtrack_sim	a16	rc=0	SMOKE: PASS off=0x200 len=2 got=0x7336 (ran 1000 frames, bsnes-jg)
backtrack_sim	default	rc=0	SMOKE: PASS off=0x200 len=2 got=0x7336 (ran 1000 frames, bsnes-jg)
backtrack_sim	xy16	rc=0	SMOKE: PASS off=0x200 len=2 got=0x7336 (ran 1000 frames, bsnes-jg)
bhut_sim	a16	rc=0	SMOKE: PASS off=0x200 len=2 got=0xEF0B (ran 1000 frames, bsnes-jg)
bhut_sim	default	rc=0	SMOKE: PASS off=0x200 len=2 got=0xEF0B (ran 1000 frames, bsnes-jg)
bhut_sim	xy16	rc=0	SMOKE: PASS off=0x200 len=2 got=0xEF0B (ran 1000 frames, bsnes-jg)
bigbyval_sim	a16	rc=0	SMOKE: PASS off=0x200 len=2 got=0xBD6B (ran 1000 frames, bsnes-jg)
bigbyval_sim	default	rc=0	SMOKE: PASS off=0x200 len=2 got=0xBD6B (ran 1000 frames, bsnes-jg)
bigbyval_sim	xy16	rc=0	SMOKE: PASS off=0x200 len=2 got=0xBD6B (ran 1000 frames, bsnes-jg)
bitcensus_sim	a16	rc=0	SMOKE: PASS off=0x200 len=2 got=0x9516 (ran 1000 frames, bsnes-jg)
bitcensus_sim	default	rc=0	SMOKE: PASS off=0x200 len=2 got=0x9516 (ran 1000 frames, bsnes-jg)
bitcensus_sim	xy16	rc=0	SMOKE: PASS off=0x200 len=2 got=0x9516 (ran 1000 frames, bsnes-jg)
bitshuffle_sim	a16	rc=0	SMOKE: PASS off=0x200 len=2 got=0x2A4A (ran 1000 frames, bsnes-jg)
bitshuffle_sim	default	rc=0	SMOKE: PASS off=0x200 len=2 got=0x2A4A (ran 1000 frames, bsnes-jg)
bitshuffle_sim	xy16	rc=0	SMOKE: PASS off=0x200 len=2 got=0x2A4A (ran 1000 frames, bsnes-jg)
boids_sim	a16	rc=0	SMOKE: PASS off=0x200 len=2 got=0xA8AB (ran 1000 frames, bsnes-jg)
boids_sim	default	rc=0	SMOKE: PASS off=0x200 len=2 got=0xA8AB (ran 1000 frames, bsnes-jg)
boids_sim	xy16	rc=0	SMOKE: PASS off=0x200 len=2 got=0xA8AB (ran 1000 frames, bsnes-jg)
borrowov_sim	a16	rc=0	SMOKE: PASS off=0x200 len=2 got=0x81FB (ran 1000 frames, bsnes-jg)
borrowov_sim	default	rc=0	SMOKE: PASS off=0x200 len=2 got=0x81FB (ran 1000 frames, bsnes-jg)
borrowov_sim	xy16	rc=0	SMOKE: PASS off=0x200 len=2 got=0x81FB (ran 1000 frames, bsnes-jg)
bsearchviz_sim	a16	rc=0	SMOKE: PASS off=0x200 len=2 got=0x7FF5 (ran 1000 frames, bsnes-jg)
bsearchviz_sim	default	rc=0	SMOKE: PASS off=0x200 len=2 got=0x7FF5 (ran 1000 frames, bsnes-jg)
bsearchviz_sim	xy16	rc=0	SMOKE: PASS off=0x200 len=2 got=0x7FF5 (ran 1000 frames, bsnes-jg)
burning-ship_sim	a16	rc=0	SMOKE: PASS off=0x200 len=2 got=0x6F2D (ran 1000 frames, bsnes-jg)
burning-ship_sim	default	rc=0	SMOKE: PASS off=0x200 len=2 got=0x6F2D (ran 1000 frames, bsnes-jg)
burning-ship_sim	xy16	rc=0	SMOKE: PASS off=0x200 len=2 got=0x6F2D (ran 1000 frames, bsnes-jg)
byvaledge_sim	a16	rc=0	SMOKE: PASS off=0x200 len=2 got=0x4FAB (ran 1000 frames, bsnes-jg)
byvaledge_sim	default	rc=0	SMOKE: PASS off=0x200 len=2 got=0x4FAB (ran 1000 frames, bsnes-jg)
byvaledge_sim	xy16	rc=0	SMOKE: PASS off=0x200 len=2 got=0x4FAB (ran 1000 frames, bsnes-jg)
ca1d_sim	a16	rc=0	SMOKE: PASS off=0x200 len=2 got=0xAB2C (ran 1000 frames, bsnes-jg)
ca1d_sim	default	rc=0	SMOKE: PASS off=0x200 len=2 got=0xAB2C (ran 1000 frames, bsnes-jg)
ca1d_sim	xy16	rc=0	SMOKE: PASS off=0x200 len=2 got=0xAB2C (ran 1000 frames, bsnes-jg)
cardioid_sim	a16	rc=0	SMOKE: PASS off=0x200 len=2 got=0x523B (ran 1000 frames, bsnes-jg)
cardioid_sim	default	rc=0	SMOKE: PASS off=0x200 len=2 got=0x523B (ran 1000 frames, bsnes-jg)
cardioid_sim	xy16	rc=0	SMOKE: PASS off=0x200 len=2 got=0x523B (ran 1000 frames, bsnes-jg)
control	a16	rc=0	SMOKE: PASS off=0x201 len=2 got=0x1DFB (ran 1000 frames, bsnes-jg)
control	default	rc=0	SMOKE: PASS off=0x201 len=2 got=0x1DFB (ran 1000 frames, bsnes-jg)
control	xy16	rc=0	SMOKE: PASS off=0x201 len=2 got=0x1DFB (ran 1000 frames, bsnes-jg)
cordic_sim	a16	rc=0	SMOKE: PASS off=0x200 len=2 got=0x4D41 (ran 1000 frames, bsnes-jg)
cordic_sim	default	rc=0	SMOKE: PASS off=0x200 len=2 got=0x4D41 (ran 1000 frames, bsnes-jg)
cordic_sim	xy16	rc=0	SMOKE: PASS off=0x200 len=2 got=0x4D41 (ran 1000 frames, bsnes-jg)
cosmzoom_sim	a16	rc=0	SMOKE: PASS off=0x200 len=2 got=0x502F (ran 1000 frames, bsnes-jg)
cosmzoom_sim	default	rc=0	SMOKE: PASS off=0x200 len=2 got=0x502F (ran 1000 frames, bsnes-jg)
cosmzoom_sim	xy16	rc=0	SMOKE: PASS off=0x200 len=2 got=0x502F (ran 1000 frames, bsnes-jg)
csrjmp_sim	a16	rc=0	SMOKE: PASS off=0x200 len=2 got=0xADD8 (ran 1000 frames, bsnes-jg)
csrjmp_sim	default	rc=0	SMOKE: PASS off=0x200 len=2 got=0xADD8 (ran 1000 frames, bsnes-jg)
csrjmp_sim	xy16	rc=0	SMOKE: PASS off=0x200 len=2 got=0xADD8 (ran 1000 frames, bsnes-jg)
dblbridge_sim	a16	rc=0	SMOKE: PASS off=0x200 len=2 got=0xF829 (ran 1000 frames, bsnes-jg)
dblbridge_sim	default	rc=0	SMOKE: PASS off=0x200 len=2 got=0xF829 (ran 1000 frames, bsnes-jg)
dblbridge_sim	xy16	rc=0	SMOKE: PASS off=0x200 len=2 got=0xF829 (ran 1000 frames, bsnes-jg)
dhmix_sim	a16	rc=0	SMOKE: PASS off=0x200 len=2 got=0x69AA (ran 1000 frames, bsnes-jg)
dhmix_sim	default	rc=0	SMOKE: PASS off=0x200 len=2 got=0x69AA (ran 1000 frames, bsnes-jg)
dhmix_sim	xy16	rc=0	SMOKE: PASS off=0x200 len=2 got=0x69AA (ran 1000 frames, bsnes-jg)
dither_sim	a16	rc=0	SMOKE: PASS off=0x200 len=2 got=0x80C4 (ran 1000 frames, bsnes-jg)
dither_sim	default	rc=0	SMOKE: PASS off=0x200 len=2 got=0x80C4 (ran 1000 frames, bsnes-jg)
dither_sim	xy16	rc=0	SMOKE: PASS off=0x200 len=2 got=0x80C4 (ran 1000 frames, bsnes-jg)
domcol_sim	a16	rc=0	SMOKE: PASS off=0x200 len=2 got=0xF3FD (ran 1000 frames, bsnes-jg)
domcol_sim	default	rc=0	SMOKE: PASS off=0x200 len=2 got=0xF3FD (ran 1000 frames, bsnes-jg)
domcol_sim	xy16	rc=0	SMOKE: PASS off=0x200 len=2 got=0xF3FD (ran 1000 frames, bsnes-jg)
doom-fire_sim	a16	rc=0	SMOKE: PASS off=0x200 len=2 got=0x3C59 (ran 1000 frames, bsnes-jg)
doom-fire_sim	default	rc=0	SMOKE: PASS off=0x200 len=2 got=0x3C59 (ran 1000 frames, bsnes-jg)
doom-fire_sim	xy16	rc=0	SMOKE: PASS off=0x200 len=2 got=0x3C59 (ran 1000 frames, bsnes-jg)
editdist_sim	a16	rc=0	SMOKE: PASS off=0x200 len=2 got=0xFB59 (ran 1000 frames, bsnes-jg)
editdist_sim	default	rc=0	SMOKE: PASS off=0x200 len=2 got=0xFB59 (ran 1000 frames, bsnes-jg)
editdist_sim	xy16	rc=0	SMOKE: PASS off=0x200 len=2 got=0xFB59 (ran 1000 frames, bsnes-jg)
epicycles_sim	a16	rc=0	SMOKE: PASS off=0x200 len=2 got=0x4F6C (ran 1000 frames, bsnes-jg)
epicycles_sim	default	rc=0	SMOKE: PASS off=0x200 len=2 got=0x4F6C (ran 1000 frames, bsnes-jg)
epicycles_sim	xy16	rc=0	SMOKE: PASS off=0x200 len=2 got=0x4F6C (ran 1000 frames, bsnes-jg)
extload_sim	a16	rc=0	SMOKE: PASS off=0x200 len=2 got=0xF97F (ran 1000 frames, bsnes-jg)
extload_sim	default	rc=0	SMOKE: PASS off=0x200 len=2 got=0xF97F (ran 1000 frames, bsnes-jg)
extload_sim	xy16	rc=0	SMOKE: PASS off=0x200 len=2 got=0xF97F (ran 1000 frames, bsnes-jg)
factorial_sim	a16	rc=0	SMOKE: PASS off=0x200 len=2 got=0x772F (ran 1000 frames, bsnes-jg)
factorial_sim	default	rc=0	SMOKE: PASS off=0x200 len=2 got=0x772F (ran 1000 frames, bsnes-jg)
factorial_sim	xy16	rc=0	SMOKE: PASS off=0x200 len=2 got=0x772F (ran 1000 frames, bsnes-jg)
fenwick_sim	a16	rc=0	SMOKE: PASS off=0x200 len=2 got=0x3454 (ran 1000 frames, bsnes-jg)
fenwick_sim	default	rc=0	SMOKE: PASS off=0x200 len=2 got=0x3454 (ran 1000 frames, bsnes-jg)
fenwick_sim	xy16	rc=0	SMOKE: PASS off=0x200 len=2 got=0x3454 (ran 1000 frames, bsnes-jg)
fft_sim	a16	rc=0	SMOKE: PASS off=0x200 len=2 got=0x6D7A (ran 1000 frames, bsnes-jg)
fft_sim	default	rc=0	SMOKE: PASS off=0x200 len=2 got=0x6D7A (ran 1000 frames, bsnes-jg)
fft_sim	xy16	rc=0	SMOKE: PASS off=0x200 len=2 got=0x6D7A (ran 1000 frames, bsnes-jg)
fn_plot_sim	a16	rc=0	SMOKE: PASS off=0x200 len=2 got=0x2EBE (ran 1000 frames, bsnes-jg)
fn_plot_sim	default	rc=0	SMOKE: PASS off=0x200 len=2 got=0x2EBE (ran 1000 frames, bsnes-jg)
fn_plot_sim	xy16	rc=0	SMOKE: PASS off=0x200 len=2 got=0x2EBE (ran 1000 frames, bsnes-jg)
funcs	a16	rc=0	SMOKE: PASS off=0x205 len=2 got=0x011E (ran 1000 frames, bsnes-jg)
funcs	default	rc=0	SMOKE: PASS off=0x205 len=2 got=0x011E (ran 1000 frames, bsnes-jg)
funcs	xy16	rc=0	SMOKE: PASS off=0x205 len=2 got=0x011E (ran 1000 frames, bsnes-jg)
gf256_sim	a16	rc=0	SMOKE: PASS off=0x200 len=2 got=0xC028 (ran 1000 frames, bsnes-jg)
gf256_sim	default	rc=0	SMOKE: PASS off=0x200 len=2 got=0xC028 (ran 1000 frames, bsnes-jg)
gf256_sim	xy16	rc=0	SMOKE: PASS off=0x200 len=2 got=0xC028 (ran 1000 frames, bsnes-jg)
globals	a16	rc=0	SMOKE: PASS off=0x200 len=2 got=0xAB55 (ran 1000 frames, bsnes-jg)
globals	default	rc=0	SMOKE: PASS off=0x200 len=2 got=0xAB55 (ran 1000 frames, bsnes-jg)
globals	xy16	rc=0	SMOKE: PASS off=0x200 len=2 got=0xAB55 (ran 1000 frames, bsnes-jg)
gouraud_sim	a16	rc=0	SMOKE: PASS off=0x200 len=2 got=0xC5E9 (ran 1000 frames, bsnes-jg)
gouraud_sim	default	rc=0	SMOKE: PASS off=0x200 len=2 got=0xC5E9 (ran 1000 frames, bsnes-jg)
gouraud_sim	xy16	rc=0	SMOKE: PASS off=0x200 len=2 got=0xC5E9 (ran 1000 frames, bsnes-jg)
grid3d_sim	a16	rc=0	SMOKE: PASS off=0x200 len=2 got=0xFCDE (ran 1000 frames, bsnes-jg)
grid3d_sim	default	rc=0	SMOKE: PASS off=0x200 len=2 got=0xFCDE (ran 1000 frames, bsnes-jg)
grid3d_sim	xy16	rc=0	SMOKE: PASS off=0x200 len=2 got=0xFCDE (ran 1000 frames, bsnes-jg)
harmonograph_sim	a16	rc=0	SMOKE: PASS off=0x200 len=2 got=0x0EBB (ran 1000 frames, bsnes-jg)
harmonograph_sim	default	rc=0	SMOKE: PASS off=0x200 len=2 got=0x0EBB (ran 1000 frames, bsnes-jg)
harmonograph_sim	xy16	rc=0	SMOKE: PASS off=0x200 len=2 got=0x0EBB (ran 1000 frames, bsnes-jg)
hilbert_sim	a16	rc=0	SMOKE: PASS off=0x200 len=2 got=0x5999 (ran 1000 frames, bsnes-jg)
hilbert_sim	default	rc=0	SMOKE: PASS off=0x200 len=2 got=0x5999 (ran 1000 frames, bsnes-jg)
hilbert_sim	xy16	rc=0	SMOKE: PASS off=0x200 len=2 got=0x5999 (ran 1000 frames, bsnes-jg)
huffman_sim	a16	rc=0	SMOKE: PASS off=0x200 len=2 got=0xE8E4 (ran 1000 frames, bsnes-jg)
huffman_sim	default	rc=0	SMOKE: PASS off=0x200 len=2 got=0xE8E4 (ran 1000 frames, bsnes-jg)
huffman_sim	xy16	rc=0	SMOKE: PASS off=0x200 len=2 got=0xE8E4 (ran 1000 frames, bsnes-jg)
hull_sim	a16	rc=0	SMOKE: PASS off=0x200 len=2 got=0x84E3 (ran 1000 frames, bsnes-jg)
hull_sim	default	rc=0	SMOKE: PASS off=0x200 len=2 got=0x84E3 (ran 1000 frames, bsnes-jg)
hull_sim	xy16	rc=0	SMOKE: PASS off=0x200 len=2 got=0x84E3 (ran 1000 frames, bsnes-jg)
invaders_sim	a16	rc=0	SMOKE: PASS off=0x200 len=2 got=0x9D57 (ran 1000 frames, bsnes-jg)
invaders_sim	default	rc=0	SMOKE: PASS off=0x200 len=2 got=0x9D57 (ran 1000 frames, bsnes-jg)
invaders_sim	xy16	rc=0	SMOKE: PASS off=0x200 len=2 got=0x9D57 (ran 1000 frames, bsnes-jg)
jt256_sim	a16	rc=0	SMOKE: PASS off=0x200 len=2 got=0xB8CC (ran 1000 frames, bsnes-jg)
jt256_sim	default	rc=0	SMOKE: PASS off=0x200 len=2 got=0xB8CC (ran 1000 frames, bsnes-jg)
jt256_sim	xy16	rc=0	SMOKE: PASS off=0x200 len=2 got=0xB8CC (ran 1000 frames, bsnes-jg)
jtedge_sim	a16	rc=0	SMOKE: PASS off=0x200 len=2 got=0xC199 (ran 1000 frames, bsnes-jg)
jtedge_sim	default	rc=0	SMOKE: PASS off=0x200 len=2 got=0xC199 (ran 1000 frames, bsnes-jg)
jtedge_sim	xy16	rc=0	SMOKE: PASS off=0x200 len=2 got=0xC199 (ran 1000 frames, bsnes-jg)
jtsparse_sim	a16	rc=0	SMOKE: PASS off=0x200 len=2 got=0xA131 (ran 1000 frames, bsnes-jg)
jtsparse_sim	default	rc=0	SMOKE: PASS off=0x200 len=2 got=0xA131 (ran 1000 frames, bsnes-jg)
jtsparse_sim	xy16	rc=0	SMOKE: PASS off=0x200 len=2 got=0xA131 (ran 1000 frames, bsnes-jg)
julia_sim	a16	rc=0	SMOKE: PASS off=0x200 len=2 got=0x3490 (ran 1000 frames, bsnes-jg)
julia_sim	default	rc=0	SMOKE: PASS off=0x200 len=2 got=0x3490 (ran 1000 frames, bsnes-jg)
julia_sim	xy16	rc=0	SMOKE: PASS off=0x200 len=2 got=0x3490 (ran 1000 frames, bsnes-jg)
life_sim	a16	rc=0	SMOKE: PASS off=0x200 len=2 got=0xDDF1 (ran 1000 frames, bsnes-jg)
life_sim	default	rc=0	SMOKE: PASS off=0x200 len=2 got=0xDDF1 (ran 1000 frames, bsnes-jg)
life_sim	xy16	rc=0	SMOKE: PASS off=0x200 len=2 got=0xDDF1 (ran 1000 frames, bsnes-jg)
lsystem_sim	a16	rc=0	SMOKE: PASS off=0x200 len=2 got=0x8073 (ran 1000 frames, bsnes-jg)
lsystem_sim	default	rc=0	SMOKE: PASS off=0x200 len=2 got=0x8073 (ran 1000 frames, bsnes-jg)
lsystem_sim	xy16	rc=0	SMOKE: PASS off=0x200 len=2 got=0x8073 (ran 1000 frames, bsnes-jg)
mandel-double_sim	a16	rc=0	SMOKE: PASS off=0x200 len=2 got=0x0EDF (ran 1000 frames, bsnes-jg)
mandel-double_sim	default	rc=0	SMOKE: PASS off=0x200 len=2 got=0x0EDF (ran 1000 frames, bsnes-jg)
mandel-double_sim	xy16	rc=0	SMOKE: PASS off=0x200 len=2 got=0x0EDF (ran 1000 frames, bsnes-jg)
mandel-float_sim	a16	rc=0	SMOKE: PASS off=0x200 len=2 got=0x4169 (ran 1000 frames, bsnes-jg)
mandel-float_sim	default	rc=0	SMOKE: PASS off=0x200 len=2 got=0x4169 (ran 1000 frames, bsnes-jg)
mandel-float_sim	xy16	rc=0	SMOKE: PASS off=0x200 len=2 got=0x4169 (ran 1000 frames, bsnes-jg)
maze_sim	a16	rc=0	SMOKE: PASS off=0xA7A len=2 got=0x0749 (ran 1000 frames, bsnes-jg)
maze_sim	default	rc=0	SMOKE: PASS off=0xA7A len=2 got=0x0749 (ran 1000 frames, bsnes-jg)
maze_sim	xy16	rc=0	SMOKE: PASS off=0xA7A len=2 got=0x0749 (ran 1000 frames, bsnes-jg)
medfilt_sim	a16	rc=0	SMOKE: PASS off=0x200 len=2 got=0x87FE (ran 1000 frames, bsnes-jg)
medfilt_sim	default	rc=0	SMOKE: PASS off=0x200 len=2 got=0x87FE (ran 1000 frames, bsnes-jg)
medfilt_sim	xy16	rc=0	SMOKE: PASS off=0x200 len=2 got=0x87FE (ran 1000 frames, bsnes-jg)
msquares_sim	a16	rc=0	SMOKE: PASS off=0x200 len=2 got=0x86A7 (ran 1000 frames, bsnes-jg)
msquares_sim	default	rc=0	SMOKE: PASS off=0x200 len=2 got=0x86A7 (ran 1000 frames, bsnes-jg)
msquares_sim	xy16	rc=0	SMOKE: PASS off=0x200 len=2 got=0x86A7 (ran 1000 frames, bsnes-jg)
multibase_sim	a16	rc=0	SMOKE: PASS off=0x200 len=2 got=0x371A (ran 1000 frames, bsnes-jg)
multibase_sim	default	rc=0	SMOKE: PASS off=0x200 len=2 got=0x371A (ran 1000 frames, bsnes-jg)
multibase_sim	xy16	rc=0	SMOKE: PASS off=0x200 len=2 got=0x371A (ran 1000 frames, bsnes-jg)
nbody_sim	a16	rc=0	SMOKE: PASS off=0x200 len=2 got=0xCC65 (ran 1000 frames, bsnes-jg)
nbody_sim	default	rc=0	SMOKE: PASS off=0x200 len=2 got=0xCC65 (ran 1000 frames, bsnes-jg)
nbody_sim	xy16	rc=0	SMOKE: PASS off=0x200 len=2 got=0xCC65 (ran 1000 frames, bsnes-jg)
newton_sim	a16	rc=0	SMOKE: PASS off=0x200 len=2 got=0x4D8B (ran 1000 frames, bsnes-jg)
newton_sim	default	rc=0	SMOKE: PASS off=0x200 len=2 got=0x4D8B (ran 1000 frames, bsnes-jg)
newton_sim	xy16	rc=0	SMOKE: PASS off=0x200 len=2 got=0x4D8B (ran 1000 frames, bsnes-jg)
nmitally_sim	a16	rc=0	SMOKE: PASS off=0x200 len=2 got=0xBCE6 (ran 1000 frames, bsnes-jg)
nmitally_sim	default	rc=0	SMOKE: PASS off=0x200 len=2 got=0xBCE6 (ran 1000 frames, bsnes-jg)
nmitally_sim	xy16	rc=0	SMOKE: PASS off=0x200 len=2 got=0xBCE6 (ran 1000 frames, bsnes-jg)
ovmatrix_sim	a16	rc=0	SMOKE: PASS off=0x210 len=2 got=0xD4D0 (ran 1000 frames, bsnes-jg)
ovmatrix_sim	default	rc=0	SMOKE: PASS off=0x210 len=2 got=0xD4D0 (ran 1000 frames, bsnes-jg)
ovmatrix_sim	xy16	rc=0	SMOKE: PASS off=0x210 len=2 got=0xD4D0 (ran 1000 frames, bsnes-jg)
packrec_sim	a16	rc=0	SMOKE: PASS off=0x200 len=2 got=0x4676 (ran 1000 frames, bsnes-jg)
packrec_sim	default	rc=0	SMOKE: PASS off=0x200 len=2 got=0x4676 (ran 1000 frames, bsnes-jg)
packrec_sim	xy16	rc=0	SMOKE: PASS off=0x200 len=2 got=0x4676 (ran 1000 frames, bsnes-jg)
percol_sim	a16	rc=0	SMOKE: PASS off=0x200 len=2 got=0x025B (ran 1000 frames, bsnes-jg)
percol_sim	default	rc=0	SMOKE: PASS off=0x200 len=2 got=0x025B (ran 1000 frames, bsnes-jg)
percol_sim	xy16	rc=0	SMOKE: PASS off=0x200 len=2 got=0x025B (ran 1000 frames, bsnes-jg)
perlin_sim	a16	rc=0	SMOKE: PASS off=0x200 len=2 got=0xA72D (ran 1000 frames, bsnes-jg)
perlin_sim	default	rc=0	SMOKE: PASS off=0x200 len=2 got=0xA72D (ran 1000 frames, bsnes-jg)
perlin_sim	xy16	rc=0	SMOKE: PASS off=0x200 len=2 got=0xA72D (ran 1000 frames, bsnes-jg)
pi_sim	a16	rc=0	SMOKE: PASS off=0x75E len=2 got=0x7711 (ran 1000 frames, bsnes-jg)
pi_sim	default	rc=0	SMOKE: PASS off=0x75E len=2 got=0x7711 (ran 1000 frames, bsnes-jg)
pi_sim	xy16	rc=0	SMOKE: PASS off=0x75E len=2 got=0x7711 (ran 1000 frames, bsnes-jg)
radix_sim	a16	rc=0	SMOKE: PASS off=0x200 len=2 got=0x123E (ran 1000 frames, bsnes-jg)
radix_sim	default	rc=0	SMOKE: PASS off=0x200 len=2 got=0x123E (ran 1000 frames, bsnes-jg)
radix_sim	xy16	rc=0	SMOKE: PASS off=0x200 len=2 got=0x123E (ran 1000 frames, bsnes-jg)
raycaster_sim	a16	rc=0	SMOKE: PASS off=0x200 len=2 got=0xB200 (ran 1000 frames, bsnes-jg)
raycaster_sim	default	rc=0	SMOKE: PASS off=0x200 len=2 got=0xB200 (ran 1000 frames, bsnes-jg)
raycaster_sim	xy16	rc=0	SMOKE: PASS off=0x200 len=2 got=0xB200 (ran 1000 frames, bsnes-jg)
rdiff_sim	a16	rc=0	SMOKE: PASS off=0x200 len=2 got=0x5555 (ran 1000 frames, bsnes-jg)
rdiff_sim	default	rc=0	SMOKE: PASS off=0x200 len=2 got=0x5555 (ran 1000 frames, bsnes-jg)
rdiff_sim	xy16	rc=0	SMOKE: PASS off=0x200 len=2 got=0x5555 (ran 1000 frames, bsnes-jg)
retryjmp_sim	a16	rc=0	SMOKE: PASS off=0x20 len=2 got=0x3388 (ran 1000 frames, bsnes-jg)
retryjmp_sim	default	rc=0	SMOKE: PASS off=0x20 len=2 got=0x3388 (ran 1000 frames, bsnes-jg)
retryjmp_sim	xy16	rc=0	SMOKE: PASS off=0x20 len=2 got=0x3388 (ran 1000 frames, bsnes-jg)
rotozoom_sim	a16	rc=0	SMOKE: PASS off=0x200 len=2 got=0x391B (ran 1000 frames, bsnes-jg)
rotozoom_sim	default	rc=0	SMOKE: PASS off=0x200 len=2 got=0x391B (ran 1000 frames, bsnes-jg)
rotozoom_sim	xy16	rc=0	SMOKE: PASS off=0x200 len=2 got=0x391B (ran 1000 frames, bsnes-jg)
setjmp_sim	a16	rc=0	SMOKE: PASS off=0x213 len=2 got=0x2007 (ran 1000 frames, bsnes-jg)
setjmp_sim	default	rc=0	SMOKE: PASS off=0x213 len=2 got=0x2007 (ran 1000 frames, bsnes-jg)
setjmp_sim	xy16	rc=0	SMOKE: PASS off=0x213 len=2 got=0x2007 (ran 1000 frames, bsnes-jg)
spiro_ctrl_sim	a16	rc=0	SMOKE: PASS off=0x200 len=2 got=0x6A26 (ran 1000 frames, bsnes-jg)
spiro_ctrl_sim	default	rc=0	SMOKE: PASS off=0x200 len=2 got=0x6A26 (ran 1000 frames, bsnes-jg)
spiro_ctrl_sim	xy16	rc=0	SMOKE: PASS off=0x200 len=2 got=0x6A26 (ran 1000 frames, bsnes-jg)
spiro_sim	a16	rc=0	SMOKE: PASS off=0x200 len=2 got=0x32D4 (ran 1000 frames, bsnes-jg)
spiro_sim	default	rc=0	SMOKE: PASS off=0x200 len=2 got=0x32D4 (ran 1000 frames, bsnes-jg)
spiro_sim	xy16	rc=0	SMOKE: PASS off=0x200 len=2 got=0x32D4 (ran 1000 frames, bsnes-jg)
sretrec_sim	a16	rc=0	SMOKE: PASS off=0x200 len=2 got=0x01AB (ran 1000 frames, bsnes-jg)
sretrec_sim	default	rc=0	SMOKE: PASS off=0x200 len=2 got=0x01AB (ran 1000 frames, bsnes-jg)
sretrec_sim	xy16	rc=0	SMOKE: PASS off=0x200 len=2 got=0x01AB (ran 1000 frames, bsnes-jg)
strcmprace_sim	a16	rc=0	SMOKE: PASS off=0x200 len=2 got=0xF0BA (ran 1000 frames, bsnes-jg)
strcmprace_sim	default	rc=0	SMOKE: PASS off=0x200 len=2 got=0xF0BA (ran 1000 frames, bsnes-jg)
strcmprace_sim	xy16	rc=0	SMOKE: PASS off=0x200 len=2 got=0xF0BA (ran 1000 frames, bsnes-jg)
structs	a16	rc=0	SMOKE: PASS off=0x20D len=2 got=0x0340 (ran 1000 frames, bsnes-jg)
structs	default	rc=0	SMOKE: PASS off=0x20D len=2 got=0x0340 (ran 1000 frames, bsnes-jg)
structs	xy16	rc=0	SMOKE: PASS off=0x20D len=2 got=0x0340 (ran 1000 frames, bsnes-jg)
tea_sim	a16	rc=0	SMOKE: PASS off=0x200 len=2 got=0xDF0E (ran 1000 frames, bsnes-jg)
tea_sim	default	rc=0	SMOKE: PASS off=0x200 len=2 got=0xDF0E (ran 1000 frames, bsnes-jg)
tea_sim	xy16	rc=0	SMOKE: PASS off=0x200 len=2 got=0xDF0E (ran 1000 frames, bsnes-jg)
trapguard_sim	a16	rc=0	SMOKE: PASS off=0x26 len=2 got=0x2C2D (ran 1000 frames, bsnes-jg)
trapguard_sim	default	rc=0	SMOKE: PASS off=0x26 len=2 got=0x2C2D (ran 1000 frames, bsnes-jg)
trapguard_sim	xy16	rc=0	SMOKE: PASS off=0x26 len=2 got=0x2C2D (ran 1000 frames, bsnes-jg)
truchet_sim	a16	rc=0	SMOKE: PASS off=0x200 len=2 got=0xB3E6 (ran 1000 frames, bsnes-jg)
truchet_sim	default	rc=0	SMOKE: PASS off=0x200 len=2 got=0xB3E6 (ran 1000 frames, bsnes-jg)
truchet_sim	xy16	rc=0	SMOKE: PASS off=0x200 len=2 got=0xB3E6 (ran 1000 frames, bsnes-jg)
turtle-vm_sim	a16	rc=0	SMOKE: PASS off=0x200 len=2 got=0x4007 (ran 1000 frames, bsnes-jg)
turtle-vm_sim	default	rc=0	SMOKE: PASS off=0x200 len=2 got=0x4007 (ran 1000 frames, bsnes-jg)
turtle-vm_sim	xy16	rc=0	SMOKE: PASS off=0x200 len=2 got=0x4007 (ran 1000 frames, bsnes-jg)
vaprintf_sim	a16	rc=0	SMOKE: PASS off=0x200 len=2 got=0xE1F3 (ran 1000 frames, bsnes-jg)
vaprintf_sim	default	rc=0	SMOKE: PASS off=0x200 len=2 got=0xE1F3 (ran 1000 frames, bsnes-jg)
vaprintf_sim	xy16	rc=0	SMOKE: PASS off=0x200 len=2 got=0xE1F3 (ran 1000 frames, bsnes-jg)
vawidth_sim	a16	rc=0	SMOKE: PASS off=0x200 len=2 got=0x3D17 (ran 1000 frames, bsnes-jg)
vawidth_sim	default	rc=0	SMOKE: PASS off=0x200 len=2 got=0x3D17 (ran 1000 frames, bsnes-jg)
vawidth_sim	xy16	rc=0	SMOKE: PASS off=0x200 len=2 got=0x3D17 (ran 1000 frames, bsnes-jg)
vlanest_sim	a16	rc=0	SMOKE: PASS off=0x200 len=2 got=0x153B (ran 1000 frames, bsnes-jg)
vlanest_sim	default	rc=0	SMOKE: PASS off=0x200 len=2 got=0x153B (ran 1000 frames, bsnes-jg)
vlanest_sim	xy16	rc=0	SMOKE: PASS off=0x200 len=2 got=0x153B (ran 1000 frames, bsnes-jg)
vlastack_sim	a16	rc=0	SMOKE: PASS off=0x200 len=2 got=0xD77B (ran 1000 frames, bsnes-jg)
vlastack_sim	default	rc=0	SMOKE: PASS off=0x200 len=2 got=0xD77B (ran 1000 frames, bsnes-jg)
vlastack_sim	xy16	rc=0	SMOKE: PASS off=0x200 len=2 got=0xD77B (ran 1000 frames, bsnes-jg)
wire3d_ctrl_sim	a16	rc=0	SMOKE: PASS off=0x200 len=2 got=0xE3CD (ran 1000 frames, bsnes-jg)
wire3d_ctrl_sim	default	rc=0	SMOKE: PASS off=0x200 len=2 got=0xE3CD (ran 1000 frames, bsnes-jg)
wire3d_ctrl_sim	xy16	rc=0	SMOKE: PASS off=0x200 len=2 got=0xE3CD (ran 1000 frames, bsnes-jg)
wire3d_sim	a16	rc=0	SMOKE: PASS off=0x200 len=2 got=0xE737 (ran 1000 frames, bsnes-jg)
wire3d_sim	default	rc=0	SMOKE: PASS off=0x200 len=2 got=0xE737 (ran 1000 frames, bsnes-jg)
wire3d_sim	xy16	rc=0	SMOKE: PASS off=0x200 len=2 got=0xE737 (ran 1000 frames, bsnes-jg)
