gate	rc	seconds	records	overlaps
1d-ca	0	79	1	0
absdiff	0	32	3	0
adpcm	0	23	1	0
arityfan	0	85	8	0
ascast	0	25	1	0
asmisland	0	36	3	0
avalanche	0	60	1	0
backtrack	0	51	1	0
bankwalk	0	37	2	0
bf-vm	0	40	1	0
bhut	0	41	1	0
bigbyval	0	51	1	0
bitboard64	0	54	3	0
bitcensus	0	40	1	0
bitshuffle	0	42	1	0
bitweave	0	46	1	0
blossom	0	129	1	0
boids	0	83	1	0
borrowlad	0	36	1	0
borrowov	0	39	1	0
brkcop	0	79	5	0
bsearchviz	0	48	1	0
buddha	0	468	1	0
burning-ship	1	91	1	0
byvaledge	0	53	1	0
cardioid	0	43	1	0
cartsize-canary	124	1800	39	0
cgrade	0	26	1	0
compass	0	29	1	0
cordic	0	30	1	0
cosmzoom	1	59	1	0
cpu6502	0	61	1	0
crctex	0	33	1	0
crcwall	0	35	1	0
critters	0	35	1	0
csrjmp	0	45	1	0
dblbridge	0	126	1	0
dctbloom	0	35	1	0
dhmix	0	44	1	0
disbits	0	42	1	0
dither	0	114	1	0
divclock	0	64	1	0
domcol	0	98	1	0
doom-fire	0	91	1	0
double-pendulum	0	75	1	0
dpbank	0	134	5	0
duff	0	66	1	0
editdist	0	62	1	0
epicycles	0	68	1	0
extload	0	77	4	0
fabsridge	0	90	1	0
factorial	0	76	1	0
farptrcmp	0	55	2	0
farspill	0	61	2	0
fenwick	0	75	1	0
fft	0	69	1	0
fn-plot	0	75	1	0
funnelkal	0	64	1	0
gf256	0	69	1	0
gouraud	0	125	1	0
grid3d	0	109	1	0
harmonograph	0	62	1	0
hdr-bloom	0	72	1	0
hilbert	0	73	1	0
huffman	0	79	1	0
hull	0	87	1	0
iir-scope	0	62	1	0
invaders	0	305	5	0
irqgate	0	71	5	0
isrbracket	0	259	9	0
jt256	0	27	1	0
jtedge	0	33	1	0
jtsparse	0	23	1	0
julia	0	39	1	0
keycmp64	0	22	1	0
lfsr2	0	24	1	0
life	0	22	1	0
llabs64	0	33	3	0
lsystem	0	48	1	0
lzdec	0	23	1	0
lzss-gallery	124	1800	2	0
mandel-double	0	83	1	0
mandel-float	0	77	1	0
mandel-oop	0	222	1	0
mandel-shot	0	253	1	0
matcascade	0	23	1	0
maze	0	19	1	0
medfilt	0	24	1	0
metaball	0	27	1	0
mixedwidth	0	20	3	0
modethread	0	41	3	0
modexp256	0	76	1	0
montorbit	0	31	1	0
msquares	0	78	1	0
mulov64	0	58	1	0
multibase	0	48	1	0
mvscrl	0	38	1	0
n-body	0	38	1	0
newton	0	571	1	0
nmitally	0	123	5	0
nrecip	0	81	1	0
oddmask	0	110	1	0
ovmatrix	0	85	1	0
ovmove	0	71	1	0
packrec	0	102	1	0
pcooker	0	212	1	0
percol	1	105	1	0
perlin	0	76	1	0
permscat	0	72	1	0
pi	0	22	1	0
plyoracle	0	70	1	0
polyfill	0	93	1	0
poolfx	0	66	1	0
qsortviz	0	64	1	0
radix	0	67	1	0
rangecode	0	73	1	0
raycaster	0	56	1	0
rdiff	0	390	1	0
retryjmp	0	17	1	0
ropeedit	0	42	1	0
rotkal	0	41	1	0
rotozoom	0	37	1	0
rotslab	0	28	1	0
satcast	0	28	1	0
satcomet	0	22	1	0
sbitfld	0	58	1	0
scopeguard	0	58	1	0
seamdemo	0	1202	17	0
seqvm	0	21	1	0
shift64seam	0	30	3	0
smulorbit	0	21	1	0
snes-video-reel	0	312	10	0
sobel	0	22	1	0
sodo	0	21	1	0
sort-race	0	22	1	0
spaceship	0	22	1	0
speedcap	0	22	1	0
spirograph	0	45	4	0
sretrec	0	32	4	0
strcmprace	0	24	1	0
tea	0	20	1	0
trapguard	0	24	1	0
trimerge	0	21	1	0
truchet	0	31	1	0
truncstair	0	20	1	0
turtle-vm	0	25	1	0
uarteye	0	20	1	0
ucmprank	0	20	1	0
ulam	0	21	1	0
vaprintf	0	20	1	0
vawidth	0	32	4	0
vlanest	0	24	1	0
vlastack	0	24	1	0
wireframe	0	44	4	0
