O0	examples_65816_a16abs	0	ok	
O0	examples_65816_a16call	0	ok	
O0	examples_65816_a16copy	0	ok	
O0	examples_65816_a16frameidx	0	ok	
O0	examples_65816_a16loadcall	0	ok	
O0	examples_65816_a16loopred	0	ok	
O0	examples_65816_a16scavnz	0	ok	
O0	examples_65816_a16sunfold	0	ok	
O0	examples_65816_farbank	1	legalize-far-p2	
O0	examples_65816_far_fnptr	1	legalize-far-p2	
O0	examples_65816_farptrcmp-natural	1	legalize-far-p2	
O0	examples_65816_k_bits	0	ok	
O0	examples_65816_k_mandel_far	1	legalize-far-p2	
O0	examples_65816_mixedwidth-probe	0	ok	
O0	examples_65816_xy16basic	0	ok	
O0	examples_snes_1d-ca	134	crash rc=134 in Verify generated machine code	
O0	examples_snes_bf-vm	134	crash rc=134 in Verify generated machine code	
O0	examples_snes_boids	134	crash rc=134 in Virtual Register Rewriter	
O0	examples_snes_cardioid	134	crash rc=134 in Virtual Register Rewriter	
O0	examples_snes_corpus_avalanche_sim	0	ok	
O0	examples_snes_corpus_boids_sim	0	ok	
O0	examples_snes_corpus_cgrade_sim	0	ok	
O0	examples_snes_corpus_critters_sim	0	ok	
O0	examples_snes_corpus_domcol_sim	134	crash rc=134 in Virtual Register Rewriter	
O0	examples_snes_corpus_fenwick_sim	134	crash rc=134 in Verify generated machine code	
O0	examples_snes_corpus_grid3d_sim	0	ok	
O0	examples_snes_corpus_jt256_sim	134	crash rc=134 in Verify generated machine code	
O0	examples_snes_corpus_lzdec_sim	134	crash rc=134 in Verify generated machine code	
O0	examples_snes_corpus_montorbit_sim	0	ok	
O0	examples_snes_corpus_nmitally_sim	0	ok	
O0	examples_snes_corpus_perlin_sim	134	crash rc=134 in Virtual Register Rewriter	
O0	examples_snes_corpus_rangecode_sim	0	ok	
O0	examples_snes_corpus_satcast_sim	134	crash rc=134 in Virtual Register Rewriter	
O0	examples_snes_corpus_sodo_sim	0	ok	
O0	examples_snes_corpus_tea_sim	0	ok	
O0	examples_snes_corpus_ulam_sim	0	ok	
O0	examples_snes_crctex	134	crash rc=134 in Virtual Register Rewriter	
O0	examples_snes_dither	134	crash rc=134 in Virtual Register Rewriter	
O0	examples_snes_epicycles	134	crash rc=134 in Virtual Register Rewriter	
O0	examples_snes_funnelkal	134	crash rc=134 in Virtual Register Rewriter	
O0	examples_snes_huffman	134	crash rc=134 in Virtual Register Rewriter	
O0	examples_snes_jtsparse	134	crash rc=134 in Verify generated machine code	
O0	examples_snes_lzss-gallery	1	legalize-far-p2	
O0	examples_snes_metaball	134	crash rc=134 in Virtual Register Rewriter	
O0	examples_snes_mvscrl	134	crash rc=134 in Virtual Register Rewriter	
O0	examples_snes_packrec	134	crash rc=134 in Virtual Register Rewriter	
O0	examples_snes_qsortviz	134	crash rc=134 in Virtual Register Rewriter	
O0	examples_snes_rotozoom	134	crash rc=134 in Virtual Register Rewriter	
O0	examples_snes_shift64seam	134	crash rc=134 in Verify generated machine code	
O0	examples_snes_sodo	134	crash rc=134 in Virtual Register Rewriter	
O0	examples_snes_trapguard	134	crash rc=134 in Verify generated machine code	
O0	examples_snes_vaprintf	134	crash rc=134 in Virtual Register Rewriter	
O1	examples_65816_a16abs	0	ok	
O1	examples_65816_a16call	0	ok	
O1	examples_65816_a16copy	0	ok	
O1	examples_65816_a16frameidx	0	ok	
O1	examples_65816_a16loadcall	0	ok	
O1	examples_65816_a16loopred	0	ok	
O1	examples_65816_a16scavnz	0	ok	
O1	examples_65816_a16sunfold	0	ok	
O1	examples_65816_farbank	1	legalize-far-p2	
O1	examples_65816_far_fnptr	1	legalize-far-p2	
O1	examples_65816_farptrcmp-natural	1	legalize-far-p2	
O1	examples_65816_k_bits	0	ok	
O1	examples_65816_k_mandel_far	1	legalize-far-p2	
O1	examples_65816_mixedwidth-probe	0	ok	
O1	examples_65816_xy16basic	0	ok	
O1	examples_snes_1d-ca	134	crash rc=134 in Virtual Register Rewriter	
O1	examples_snes_bf-vm	134	crash rc=134 in Virtual Register Rewriter	
O1	examples_snes_boids	134	crash rc=134 in Virtual Register Rewriter	
O1	examples_snes_cardioid	134	crash rc=134 in Virtual Register Rewriter	
O1	examples_snes_corpus_avalanche_sim	0	ok	
O1	examples_snes_corpus_boids_sim	0	ok	
O1	examples_snes_corpus_cgrade_sim	0	ok	
O1	examples_snes_corpus_critters_sim	0	ok	
O1	examples_snes_corpus_domcol_sim	134	crash rc=134 in Virtual Register Rewriter	
O1	examples_snes_corpus_fenwick_sim	0	ok	
O1	examples_snes_corpus_grid3d_sim	0	ok	
O1	examples_snes_corpus_jt256_sim	0	ok	
O1	examples_snes_corpus_lzdec_sim	0	ok	
O1	examples_snes_corpus_montorbit_sim	0	ok	
O1	examples_snes_corpus_nmitally_sim	0	ok	
O1	examples_snes_corpus_perlin_sim	0	ok	
O1	examples_snes_corpus_rangecode_sim	0	ok	
O1	examples_snes_corpus_satcast_sim	134	crash rc=134 in Virtual Register Rewriter	
O1	examples_snes_corpus_sodo_sim	0	ok	
O1	examples_snes_corpus_tea_sim	0	ok	
O1	examples_snes_corpus_ulam_sim	0	ok	
O1	examples_snes_crctex	134	crash rc=134 in Virtual Register Rewriter	
O1	examples_snes_dither	134	crash rc=134 in Virtual Register Rewriter	
O1	examples_snes_epicycles	134	crash rc=134 in Virtual Register Rewriter	
O1	examples_snes_funnelkal	134	crash rc=134 in Virtual Register Rewriter	
O1	examples_snes_huffman	134	crash rc=134 in Virtual Register Rewriter	
O1	examples_snes_jtsparse	134	crash rc=134 in Virtual Register Rewriter	
O1	examples_snes_lzss-gallery	1	legalize-far-p2	
O1	examples_snes_metaball	134	crash rc=134 in Virtual Register Rewriter	
O1	examples_snes_mvscrl	134	crash rc=134 in Virtual Register Rewriter	
O1	examples_snes_packrec	134	crash rc=134 in Virtual Register Rewriter	
O1	examples_snes_qsortviz	134	crash rc=134 in Virtual Register Rewriter	
O1	examples_snes_rotozoom	134	crash rc=134 in Virtual Register Rewriter	
O1	examples_snes_shift64seam	134	crash rc=134 in Virtual Register Rewriter	
O1	examples_snes_sodo	134	crash rc=134 in Virtual Register Rewriter	
O1	examples_snes_trapguard	134	crash rc=134 in Loop Strength Reduction	
O1	examples_snes_vaprintf	134	crash rc=134 in Virtual Register Rewriter	
O2	examples_65816_a16abs	0	ok	
O2	examples_65816_a16call	0	ok	
O2	examples_65816_a16copy	0	ok	
O2	examples_65816_a16frameidx	0	ok	
O2	examples_65816_a16loadcall	0	ok	
O2	examples_65816_a16loopred	0	ok	
O2	examples_65816_a16scavnz	0	ok	
O2	examples_65816_a16sunfold	0	ok	
O2	examples_65816_farbank	1	legalize-far-p2	
O2	examples_65816_far_fnptr	1	legalize-far-p2	
O2	examples_65816_farptrcmp-natural	1	legalize-far-p2	
O2	examples_65816_k_bits	0	ok	
O2	examples_65816_k_mandel_far	1	legalize-far-p2	
O2	examples_65816_mixedwidth-probe	0	ok	
O2	examples_65816_xy16basic	0	ok	
O2	examples_snes_1d-ca	134	crash rc=134 in Virtual Register Rewriter	
O2	examples_snes_bf-vm	134	crash rc=134 in Virtual Register Rewriter	
O2	examples_snes_boids	134	crash rc=134 in Virtual Register Rewriter	
O2	examples_snes_cardioid	134	crash rc=134 in Virtual Register Rewriter	
O2	examples_snes_corpus_avalanche_sim	0	ok	
O2	examples_snes_corpus_boids_sim	0	ok	
O2	examples_snes_corpus_cgrade_sim	0	ok	
O2	examples_snes_corpus_critters_sim	0	ok	
O2	examples_snes_corpus_domcol_sim	134	crash rc=134 in Virtual Register Rewriter	
O2	examples_snes_corpus_fenwick_sim	0	ok	
O2	examples_snes_corpus_grid3d_sim	0	ok	
O2	examples_snes_corpus_jt256_sim	0	ok	
O2	examples_snes_corpus_lzdec_sim	0	ok	
O2	examples_snes_corpus_montorbit_sim	0	ok	
O2	examples_snes_corpus_nmitally_sim	0	ok	
O2	examples_snes_corpus_perlin_sim	0	ok	
O2	examples_snes_corpus_rangecode_sim	0	ok	
O2	examples_snes_corpus_satcast_sim	134	crash rc=134 in Virtual Register Rewriter	
O2	examples_snes_corpus_sodo_sim	0	ok	
O2	examples_snes_corpus_tea_sim	0	ok	
O2	examples_snes_corpus_ulam_sim	0	ok	
O2	examples_snes_crctex	134	crash rc=134 in Virtual Register Rewriter	
O2	examples_snes_dither	134	crash rc=134 in Virtual Register Rewriter	
O2	examples_snes_epicycles	134	crash rc=134 in Virtual Register Rewriter	
O2	examples_snes_funnelkal	134	crash rc=134 in Virtual Register Rewriter	
O2	examples_snes_huffman	134	crash rc=134 in Virtual Register Rewriter	
O2	examples_snes_jtsparse	134	crash rc=134 in Virtual Register Rewriter	
O2	examples_snes_lzss-gallery	1	legalize-far-p2	
O2	examples_snes_metaball	134	crash rc=134 in Virtual Register Rewriter	
O2	examples_snes_mvscrl	134	crash rc=134 in Virtual Register Rewriter	
O2	examples_snes_packrec	134	crash rc=134 in Virtual Register Rewriter	
O2	examples_snes_qsortviz	134	crash rc=134 in Virtual Register Rewriter	
O2	examples_snes_rotozoom	134	crash rc=134 in Virtual Register Rewriter	
O2	examples_snes_shift64seam	134	crash rc=134 in Virtual Register Rewriter	
O2	examples_snes_sodo	134	crash rc=134 in Virtual Register Rewriter	
O2	examples_snes_trapguard	134	crash rc=134 in Loop Strength Reduction	
O2	examples_snes_vaprintf	134	crash rc=134 in Virtual Register Rewriter	
O3	examples_65816_a16abs	0	ok	
O3	examples_65816_a16call	0	ok	
O3	examples_65816_a16copy	0	ok	
O3	examples_65816_a16frameidx	0	ok	
O3	examples_65816_a16loadcall	0	ok	
O3	examples_65816_a16loopred	0	ok	
O3	examples_65816_a16scavnz	0	ok	
O3	examples_65816_a16sunfold	0	ok	
O3	examples_65816_farbank	1	legalize-far-p2	
O3	examples_65816_far_fnptr	1	legalize-far-p2	
O3	examples_65816_farptrcmp-natural	1	legalize-far-p2	
O3	examples_65816_k_bits	0	ok	
O3	examples_65816_k_mandel_far	1	legalize-far-p2	
O3	examples_65816_mixedwidth-probe	0	ok	
O3	examples_65816_xy16basic	0	ok	
O3	examples_snes_1d-ca	134	crash rc=134 in Virtual Register Rewriter	
O3	examples_snes_bf-vm	134	crash rc=134 in Virtual Register Rewriter	
O3	examples_snes_boids	134	crash rc=134 in Virtual Register Rewriter	
O3	examples_snes_cardioid	134	crash rc=134 in Virtual Register Rewriter	
O3	examples_snes_corpus_avalanche_sim	0	ok	
O3	examples_snes_corpus_boids_sim	0	ok	
O3	examples_snes_corpus_cgrade_sim	0	ok	
O3	examples_snes_corpus_critters_sim	0	ok	
O3	examples_snes_corpus_domcol_sim	134	crash rc=134 in Virtual Register Rewriter	
O3	examples_snes_corpus_fenwick_sim	0	ok	
O3	examples_snes_corpus_grid3d_sim	0	ok	
O3	examples_snes_corpus_jt256_sim	0	ok	
O3	examples_snes_corpus_lzdec_sim	0	ok	
O3	examples_snes_corpus_montorbit_sim	0	ok	
O3	examples_snes_corpus_nmitally_sim	0	ok	
O3	examples_snes_corpus_perlin_sim	0	ok	
O3	examples_snes_corpus_rangecode_sim	0	ok	
O3	examples_snes_corpus_satcast_sim	134	crash rc=134 in Virtual Register Rewriter	
O3	examples_snes_corpus_sodo_sim	0	ok	
O3	examples_snes_corpus_tea_sim	0	ok	
O3	examples_snes_corpus_ulam_sim	0	ok	
O3	examples_snes_crctex	134	crash rc=134 in Virtual Register Rewriter	
O3	examples_snes_dither	134	crash rc=134 in Virtual Register Rewriter	
O3	examples_snes_epicycles	134	crash rc=134 in Virtual Register Rewriter	
O3	examples_snes_funnelkal	134	crash rc=134 in Virtual Register Rewriter	
O3	examples_snes_huffman	134	crash rc=134 in Virtual Register Rewriter	
O3	examples_snes_jtsparse	134	crash rc=134 in Virtual Register Rewriter	
O3	examples_snes_lzss-gallery	1	legalize-far-p2	
O3	examples_snes_metaball	134	crash rc=134 in Virtual Register Rewriter	
O3	examples_snes_mvscrl	134	crash rc=134 in Virtual Register Rewriter	
O3	examples_snes_packrec	134	crash rc=134 in Virtual Register Rewriter	
O3	examples_snes_qsortviz	134	crash rc=134 in Virtual Register Rewriter	
O3	examples_snes_rotozoom	134	crash rc=134 in Virtual Register Rewriter	
O3	examples_snes_shift64seam	134	crash rc=134 in Virtual Register Rewriter	
O3	examples_snes_sodo	134	crash rc=134 in Virtual Register Rewriter	
O3	examples_snes_trapguard	134	crash rc=134 in Loop Strength Reduction	
O3	examples_snes_vaprintf	134	crash rc=134 in Virtual Register Rewriter	
Os	examples_65816_a16abs	0	ok	
Os	examples_65816_a16call	0	ok	
Os	examples_65816_a16copy	0	ok	
Os	examples_65816_a16frameidx	0	ok	
Os	examples_65816_a16loadcall	0	ok	
Os	examples_65816_a16loopred	0	ok	
Os	examples_65816_a16scavnz	0	ok	
Os	examples_65816_a16sunfold	0	ok	
Os	examples_65816_farbank	1	legalize-far-p2	
Os	examples_65816_far_fnptr	1	legalize-far-p2	
Os	examples_65816_farptrcmp-natural	1	legalize-far-p2	
Os	examples_65816_k_bits	0	ok	
Os	examples_65816_k_mandel_far	1	legalize-far-p2	
Os	examples_65816_mixedwidth-probe	0	ok	
Os	examples_65816_xy16basic	0	ok	
Os	examples_snes_1d-ca	134	crash rc=134 in Virtual Register Rewriter	
Os	examples_snes_bf-vm	134	crash rc=134 in Virtual Register Rewriter	
Os	examples_snes_boids	134	crash rc=134 in Virtual Register Rewriter	
Os	examples_snes_cardioid	134	crash rc=134 in Virtual Register Rewriter	
Os	examples_snes_corpus_avalanche_sim	0	ok	
Os	examples_snes_corpus_boids_sim	0	ok	
Os	examples_snes_corpus_cgrade_sim	0	ok	
Os	examples_snes_corpus_critters_sim	0	ok	
Os	examples_snes_corpus_domcol_sim	134	crash rc=134 in Virtual Register Rewriter	
Os	examples_snes_corpus_fenwick_sim	0	ok	
Os	examples_snes_corpus_grid3d_sim	0	ok	
Os	examples_snes_corpus_jt256_sim	0	ok	
Os	examples_snes_corpus_lzdec_sim	0	ok	
Os	examples_snes_corpus_montorbit_sim	0	ok	
Os	examples_snes_corpus_nmitally_sim	0	ok	
Os	examples_snes_corpus_perlin_sim	0	ok	
Os	examples_snes_corpus_rangecode_sim	0	ok	
Os	examples_snes_corpus_satcast_sim	134	crash rc=134 in Virtual Register Rewriter	
Os	examples_snes_corpus_sodo_sim	0	ok	
Os	examples_snes_corpus_tea_sim	0	ok	
Os	examples_snes_corpus_ulam_sim	0	ok	
Os	examples_snes_crctex	134	crash rc=134 in Virtual Register Rewriter	
Os	examples_snes_dither	134	crash rc=134 in Virtual Register Rewriter	
Os	examples_snes_epicycles	134	crash rc=134 in Virtual Register Rewriter	
Os	examples_snes_funnelkal	134	crash rc=134 in Virtual Register Rewriter	
Os	examples_snes_huffman	134	crash rc=134 in Virtual Register Rewriter	
Os	examples_snes_jtsparse	134	crash rc=134 in Virtual Register Rewriter	
Os	examples_snes_lzss-gallery	1	legalize-far-p2	
Os	examples_snes_metaball	134	crash rc=134 in Virtual Register Rewriter	
Os	examples_snes_mvscrl	134	crash rc=134 in Virtual Register Rewriter	
Os	examples_snes_packrec	134	crash rc=134 in Virtual Register Rewriter	
Os	examples_snes_qsortviz	134	crash rc=134 in Virtual Register Rewriter	
Os	examples_snes_rotozoom	134	crash rc=134 in Virtual Register Rewriter	
Os	examples_snes_shift64seam	134	crash rc=134 in Virtual Register Rewriter	
Os	examples_snes_sodo	134	crash rc=134 in Virtual Register Rewriter	
Os	examples_snes_trapguard	134	crash rc=134 in Loop Strength Reduction	
Os	examples_snes_vaprintf	134	crash rc=134 in Virtual Register Rewriter	
Oz	examples_65816_a16abs	0	ok	
Oz	examples_65816_a16call	0	ok	
Oz	examples_65816_a16copy	0	ok	
Oz	examples_65816_a16frameidx	0	ok	
Oz	examples_65816_a16loadcall	0	ok	
Oz	examples_65816_a16loopred	0	ok	
Oz	examples_65816_a16scavnz	0	ok	
Oz	examples_65816_a16sunfold	0	ok	
Oz	examples_65816_farbank	1	legalize-far-p2	
Oz	examples_65816_far_fnptr	1	legalize-far-p2	
Oz	examples_65816_farptrcmp-natural	1	legalize-far-p2	
Oz	examples_65816_k_bits	0	ok	
Oz	examples_65816_k_mandel_far	1	legalize-far-p2	
Oz	examples_65816_mixedwidth-probe	0	ok	
Oz	examples_65816_xy16basic	0	ok	
Oz	examples_snes_1d-ca	134	crash rc=134 in Virtual Register Rewriter	
Oz	examples_snes_bf-vm	134	crash rc=134 in Virtual Register Rewriter	
Oz	examples_snes_boids	134	crash rc=134 in Virtual Register Rewriter	
Oz	examples_snes_cardioid	134	crash rc=134 in Virtual Register Rewriter	
Oz	examples_snes_corpus_avalanche_sim	0	ok	
Oz	examples_snes_corpus_boids_sim	0	ok	
Oz	examples_snes_corpus_cgrade_sim	0	ok	
Oz	examples_snes_corpus_critters_sim	0	ok	
Oz	examples_snes_corpus_domcol_sim	134	crash rc=134 in Virtual Register Rewriter	
Oz	examples_snes_corpus_fenwick_sim	0	ok	
Oz	examples_snes_corpus_grid3d_sim	0	ok	
Oz	examples_snes_corpus_jt256_sim	0	ok	
Oz	examples_snes_corpus_lzdec_sim	134	crash rc=134 in Verify generated machine code	
Oz	examples_snes_corpus_montorbit_sim	0	ok	
Oz	examples_snes_corpus_nmitally_sim	0	ok	
Oz	examples_snes_corpus_perlin_sim	0	ok	
Oz	examples_snes_corpus_rangecode_sim	0	ok	
Oz	examples_snes_corpus_satcast_sim	134	crash rc=134 in Virtual Register Rewriter	
Oz	examples_snes_corpus_sodo_sim	0	ok	
Oz	examples_snes_corpus_tea_sim	0	ok	
Oz	examples_snes_corpus_ulam_sim	0	ok	
Oz	examples_snes_crctex	134	crash rc=134 in Virtual Register Rewriter	
Oz	examples_snes_dither	134	crash rc=134 in Virtual Register Rewriter	
Oz	examples_snes_epicycles	134	crash rc=134 in Virtual Register Rewriter	
Oz	examples_snes_funnelkal	134	crash rc=134 in Virtual Register Rewriter	
Oz	examples_snes_huffman	134	crash rc=134 in Virtual Register Rewriter	
Oz	examples_snes_jtsparse	134	crash rc=134 in Virtual Register Rewriter	
Oz	examples_snes_lzss-gallery	1	legalize-far-p2	
Oz	examples_snes_metaball	134	crash rc=134 in Virtual Register Rewriter	
Oz	examples_snes_mvscrl	134	crash rc=134 in Virtual Register Rewriter	
Oz	examples_snes_packrec	134	crash rc=134 in Virtual Register Rewriter	
Oz	examples_snes_qsortviz	134	crash rc=134 in Virtual Register Rewriter	
Oz	examples_snes_rotozoom	134	crash rc=134 in Virtual Register Rewriter	
Oz	examples_snes_shift64seam	134	crash rc=134 in Virtual Register Rewriter	
Oz	examples_snes_sodo	134	crash rc=134 in Virtual Register Rewriter	
Oz	examples_snes_trapguard	134	crash rc=134 in Loop Strength Reduction	
Oz	examples_snes_vaprintf	134	crash rc=134 in Virtual Register Rewriter	
