# opcode	mnemonic	mode	bytes  — generated by tools/gen-65816-oracle.py
# canonical 65c816 opcode matrix (CC0 GTE/WDC datasheet); audit oracle, NOT redistributed verbatim
00	BRK	s	2
01	ORA	(d,x)	2
02	COP	s	2
03	ORA	d,s	2
04	TSB	d	2
05	ORA	d	2
06	ASL	d	2
07	ORA	[d]	2
08	PHP	s	1
09	ORA	#	2
0A	ASL	A	1
0B	PHD	s	1
0C	TSB	a	3
0D	ORA	a	3
0E	ASL	a	3
0F	ORA	al	4
10	BPL	r	2
11	ORA	(d),y	2
12	ORA	(d)	2
13	ORA	(d,s),y	2
14	TRB	d	2
15	ORA	d,x	2
16	ASL	d,x	2
17	ORA	[d],y	2
18	CLC	i	1
19	ORA	a,y	3
1A	INC	A	1
1B	TCS	i	1
1C	TRB	a	3
1D	ORA	a,x	3
1E	ASL	a,x	3
1F	ORA	al,x	4
20	JSR	a	3
21	AND	(d,x)	2
22	JSL	al	4
23	AND	d,s	2
24	BIT	d	2
25	AND	d	2
26	ROL	d	2
27	AND	[d]	2
28	PLP	s	1
29	AND	#	2
2A	ROL	A	1
2B	PLD	s	1
2C	BIT	a	3
2D	AND	a	3
2E	ROL	a	3
2F	AND	al	4
30	BMI	r	2
31	AND	(d),y	2
32	AND	(d)	2
33	AND	(d,s),y	2
34	BIT	d,x	2
35	AND	d,x	2
36	ROL	d,x	2
37	AND	[d],y	2
38	SEC	i	1
39	AND	a,y	3
3A	DEC	A	1
3B	TSC	i	1
3C	BIT	a,x	3
3D	AND	a,x	3
3E	ROL	a,x	3
3F	AND	al,x	4
40	RTI	s	1
41	EOR	(d,x)	2
43	EOR	d,s	2
44	MVP	xya	3
45	EOR	d	2
46	LSR	d	2
47	EOR	[d]	2
48	PHA	s	1
49	EOR	#	2
4A	LSR	A	1
4B	PHK	s	1
4C	JMP	a	3
4D	EOR	a	3
4E	LSR	a	3
4F	EOR	al	4
50	BVC	r	2
51	EOR	(d),y	2
52	EOR	(d)	2
53	EOR	(d,s),y	2
54	MVN	xya	3
55	EOR	d,x	2
56	LSR	d,x	2
57	EOR	[d],y	2
58	CLI	i	1
59	EOR	a,y	3
5A	PHY	s	1
5B	TCD	i	1
5C	JMP	al	4
5D	EOR	a,x	3
5E	LSR	a,x	3
5F	EOR	al,x	4
60	RTS	s	1
61	ADC	(d,x)	2
62	PER	s	3
63	ADC	d,s	2
64	STZ	d	2
65	ADC	d	2
66	ROR	d	2
67	ADC	[d]	2
68	PLA	s	1
69	ADC	#	2
6A	ROR	A	1
6B	RTL	s	1
6C	JMP	(a)	3
6D	ADC	a	3
6E	ROR	a	3
6F	ADC	al	4
70	BVS	r	2
71	ADC	(d),y	2
72	ADC	(d)	2
73	ADC	(d,s),y	2
74	STZ	d,x	2
75	ADC	d,x	2
76	ROR	d,x	2
77	ADC	[d],y	2
78	SEI	i	1
79	ADC	a,y	3
7A	PLY	s	1
7B	TDC	i	1
7C	JMP	(a,x)	3
7D	ADC	a,x	3
7E	ROR	a,x	3
7F	ADC	al,x	4
80	BRA	r	2
81	STA	(d,x)	2
82	BRL	rl	3
83	STA	d,s	2
84	STY	d	2
85	STA	d	2
86	STX	d	2
87	STA	[d]	2
88	DEY	i	1
89	BIT	#	2
8A	TXA	i	1
8B	PHB	s	1
8C	STY	a	3
8D	STA	a	3
8E	STX	a	3
8F	STA	al	4
90	BCC	r	2
91	STA	(d),y	2
92	STA	(d)	2
93	STA	(d,s),y	2
94	STY	d,x	2
95	STA	d,x	2
96	STX	d,y	2
97	STA	[d],y	2
98	TYA	i	1
99	STA	a,y	3
9A	TXS	i	1
9B	TXY	i	1
9C	STZ	a	3
9D	STA	a,x	3
9E	STZ	a,x	3
9F	STA	al,x	4
A0	LDY	#	2
A1	LDA	(d,x)	2
A2	LDX	#	2
A3	LDA	d,s	2
A4	LDY	d	2
A5	LDA	d	2
A6	LDX	d	2
A7	LDA	[d]	2
A8	TAY	i	1
A9	LDA	#	2
AA	TAX	i	1
AB	PLB	s	1
AC	LDY	a	3
AD	LDA	a	3
AE	LDX	a	3
AF	LDA	al	4
B0	BCS	r	2
B1	LDA	(d),y	2
B2	LDA	(d)	2
B3	LDA	(d,s),y	2
B4	LDY	d,x	2
B5	LDA	d,x	2
B6	LDX	d,y	2
B7	LDA	[d],y	2
B8	CLV	i	1
B9	LDA	a,y	3
BA	TSX	i	1
BB	TYX	i	1
BC	LDY	a,x	3
BD	LDA	a,x	3
BE	LDX	a,y	3
BF	LDA	al,x	4
C0	CPY	#	2
C1	CMP	(d,x)	2
C2	REP	#	2
C3	CMP	d,s	2
C4	CPY	d	2
C5	CMP	d	2
C6	DEC	d	2
C7	CMP	[d]	2
C8	INY	i	1
C9	CMP	#	2
CA	DEX	i	1
CB	WAI	i	1
CC	CPY	a	3
CD	CMP	a	3
CE	DEC	a	3
CF	CMP	al	4
D0	BNE	r	2
D1	CMP	(d),y	2
D2	CMP	(d)	2
D3	CMP	(d,s),y	2
D4	PEI	s	2
D5	CMP	d,x	2
D6	DEC	d,x	2
D7	CMP	[d],y	2
D8	CLD	i	1
D9	CMP	a,y	3
DA	PHX	s	1
DB	STP	i	1
DC	JML	(a)	3
DD	CMP	a,x	3
DE	DEC	a,x	3
DF	CMP	al,x	4
E0	CPX	#	2
E1	SBC	(d,x)	2
E2	SEP	#	2
E3	SBC	d,s	2
E4	CPX	d	2
E5	SBC	d	2
E6	INC	d	2
E7	SBC	[d]	2
E8	INX	i	1
E9	SBC	#	2
EA	NOP	i	1
EB	XBA	i	1
EC	CPX	a	3
ED	SBC	a	3
EE	INC	a	3
EF	SBC	al	4
F0	BEQ	r	2
F1	SBC	(d),y	2
F2	SBC	(d)	2
F3	SBC	(d,s),y	2
F4	PEA	s	3
F5	SBC	d,x	2
F6	INC	d,x	2
F7	SBC	[d],y	2
F8	SED	i	1
F9	SBC	a,y	3
FA	PLX	s	1
FB	XCE	i	1
FC	JSR	(a,x)	3
FD	SBC	a,x	3
FE	INC	a,x	3
FF	SBC	al,x	4
