tests/add-sub.ll	a16	0	ec3ec909d00758ad	0	0b980cbd21cb0047
tests/add-sub.ll	a16xy16	0	ec3ec909d00758ad	0	0b980cbd21cb0047
tests/callee-saved-regs.ll	a16	0	8db41f1ae01586bb	0	4916bec189f1300d
tests/callee-saved-regs.ll	a16xy16	0	8db41f1ae01586bb	0	4916bec189f1300d
tests/char-stats-norecurse.ll	a16	0	f34a3770eaed9184	0	dd5e7c82199a8c77
tests/char-stats-norecurse.ll	a16xy16	0	495e6a8c6ec9adb2	0	86a3a84786b03091
tests/char-stats.ll	a16	0	8df6a19f10c99912	0	15fe489f02512ae6
tests/char-stats.ll	a16xy16	0	8df6a19f10c99912	0	15fe489f02512ae6
tests/cmp-select.ll	a16	0	a9650e80dae8da1f	0	d77bf02afc2f9f27
tests/cmp-select.ll	a16xy16	0	a9650e80dae8da1f	0	d77bf02afc2f9f27
tests/coalesce-remat.ll	a16	0	c13de7994ef2729f	0	404f2b35c78a7b17
tests/coalesce-remat.ll	a16xy16	0	c13de7994ef2729f	0	404f2b35c78a7b17
tests/dp-pointer-arg.ll	a16	0	017cffd510d49ae1	0	bd113298850d9ef4
tests/dp-pointer-arg.ll	a16xy16	0	017cffd510d49ae1	0	bd113298850d9ef4
tests/fcmp.ll	a16	0	5c99b243f92e5bbe	0	b634513c70a9d5ab
tests/fcmp.ll	a16xy16	0	5c99b243f92e5bbe	0	b634513c70a9d5ab
tests/getchar-regression.ll	a16	0	a40f53d89a172ff2	0	a69f94254e10e230
tests/getchar-regression.ll	a16xy16	0	a40f53d89a172ff2	0	a69f94254e10e230
tests/hello-world.ll	a16	0	888adb5cc8190b3f	0	88a1af5b4bd4bf75
tests/hello-world.ll	a16xy16	0	888adb5cc8190b3f	0	88a1af5b4bd4bf75
tests/immediate-remat.ll	a16	0	ee1e7b07c9646f20	0	c55cd1eb4b96b393
tests/immediate-remat.ll	a16xy16	0	ee1e7b07c9646f20	0	c55cd1eb4b96b393
tests/inc-dec-6502x.ll	a16	0	0d9c169e7e52dea6	0	245063144e1cfb3e
tests/inc-dec-6502x.ll	a16xy16	0	0d9c169e7e52dea6	0	245063144e1cfb3e
tests/inc-dec-65c02.ll	a16	0	ce02cf109b320ee6	0	adef807253fd953c
tests/inc-dec-65c02.ll	a16xy16	0	ce02cf109b320ee6	0	adef807253fd953c
tests/inc-dec-65ce02.ll	a16	0	1a05bd3255779e5b	0	1cb0067e8224397d
tests/inc-dec-65ce02.ll	a16xy16	0	1a05bd3255779e5b	0	1cb0067e8224397d
tests/inc-dec.ll	a16	0	c5b616c191cf1418	0	bb4cb4002bb5dff1
tests/inc-dec.ll	a16xy16	0	c5b616c191cf1418	0	bb4cb4002bb5dff1
tests/indexiv.ll	a16	0	e273deaad1673476	0	181f6c240bf05017
tests/indexiv.ll	a16xy16	0	e273deaad1673476	0	181f6c240bf05017
tests/indvar-simplify-20230930.ll	a16	0	81c766082304bf30	0	1451c1d24914a9ce
tests/indvar-simplify-20230930.ll	a16xy16	0	81c766082304bf30	0	1451c1d24914a9ce
tests/inline-asm-zp-csr.ll	a16	0	1a7e04b10336b738	0	a449ad9de07bba6e
tests/inline-asm-zp-csr.ll	a16xy16	0	1a7e04b10336b738	0	a449ad9de07bba6e
tests/integer-compare.ll	a16	0	3a732eac5a36083e	0	099dc96d1abcc8d9
tests/integer-compare.ll	a16xy16	0	3a732eac5a36083e	0	099dc96d1abcc8d9
tests/jump-table-limit.ll	a16	0	cb421650ce49ff02	0	ba34b6eb0e8845b7
tests/jump-table-limit.ll	a16xy16	0	cb421650ce49ff02	0	ba34b6eb0e8845b7
tests/leaf-20231021.ll	a16	0	7d17d7f8833299b4	0	e9cb825bcc736187
tests/leaf-20231021.ll	a16xy16	0	7d17d7f8833299b4	0	e9cb825bcc736187
tests/light-spill.ll	a16	0	d1e5183a0b7cc2bb	0	110cd368673e1918
tests/light-spill.ll	a16xy16	0	d1e5183a0b7cc2bb	0	110cd368673e1918
tests/no-csr.ll	a16	0	54f66831c8c9942d	0	60b91b8020bad104
tests/no-csr.ll	a16xy16	0	54f66831c8c9942d	0	60b91b8020bad104
tests/nonreentrant-nointerrupts.ll	a16	0	90ba7c0fe9dedba0	0	e6879558be7c8493
tests/nonreentrant-nointerrupts.ll	a16xy16	0	90ba7c0fe9dedba0	0	e6879558be7c8493
tests/nonreentrant.ll	a16	0	a29c7c8227f51b69	0	48d9ca81f48f194e
tests/nonreentrant.ll	a16xy16	0	a29c7c8227f51b69	0	48d9ca81f48f194e
tests/print-int.ll	a16	0	7cf60733809a7c5a	0	7af373b3eac7c37f
tests/print-int.ll	a16xy16	0	7cf60733809a7c5a	0	7af373b3eac7c37f
tests/ret-global-addr.ll	a16	0	62a1eaceb2abdcf4	0	c21b59f7bdb84296
tests/ret-global-addr.ll	a16xy16	0	62a1eaceb2abdcf4	0	c21b59f7bdb84296
tests/scmp-ucmp.ll	a16	0	2987b6a720d9f47c	0	caa197e5ee7ead7e
tests/scmp-ucmp.ll	a16xy16	0	2987b6a720d9f47c	0	caa197e5ee7ead7e
tests/shift-rotate.ll	a16	0	8b2ce7b72502356b	0	b6d1cd7968fe0e23
tests/shift-rotate.ll	a16xy16	0	8b2ce7b72502356b	0	b6d1cd7968fe0e23
tests/static-stack.ll	a16	0	5cccfa8fce7d32f7	0	87cd1e238e3812f9
tests/static-stack.ll	a16xy16	0	5cccfa8fce7d32f7	0	87cd1e238e3812f9
tests/store-zero.ll	a16	0	54a9082486a96059	0	5e9b838a40c2bd1e
tests/store-zero.ll	a16xy16	0	54a9082486a96059	0	5e9b838a40c2bd1e
tests/trivial.ll	a16	0	ccb38f45644e7f70	0	44717a4a04e63cdb
tests/trivial.ll	a16xy16	0	ccb38f45644e7f70	0	44717a4a04e63cdb
tests/vector-scalarize.ll	a16	1	err:d1c05cf662de	1	-
tests/vector-scalarize.ll	a16xy16	1	err:d1c05cf662de	1	-
tests/whole-program-zp.ll	a16	0	dffacee38331979f	0	6b99e59c09f34d9c
tests/whole-program-zp.ll	a16xy16	0	dffacee38331979f	0	6b99e59c09f34d9c
tests/zeropage.ll	a16	0	1d73c3e18cad631e	0	585cb604b1ffa03f
tests/zeropage.ll	a16xy16	0	1d73c3e18cad631e	0	585cb604b1ffa03f
tests/zp-alloc-deterministic.ll	a16	0	e9eb7fc00458e708	0	29010da3201ec98d
tests/zp-alloc-deterministic.ll	a16xy16	0	e9eb7fc00458e708	0	29010da3201ec98d
tests/zp-alloc-preexisting.ll	a16	0	5904d99873542053	0	9e136364f8e4ded1
tests/zp-alloc-preexisting.ll	a16xy16	0	5904d99873542053	0	9e136364f8e4ded1
tests/zp-alloc.ll	a16	0	af60082c976dad95	0	c71dfbf7075b1b4f
tests/zp-alloc.ll	a16xy16	0	af60082c976dad95	0	c71dfbf7075b1b4f
corpus/examples_65816_a16abs.c.default.ll	a16	0	e52bcb8df05b9793	0	9c0dae95dec6abfd
corpus/examples_65816_a16abs.c.default.ll	a16xy16	0	0a0e2b2298f606ff	0	a465d7b8f118f3e6
corpus/examples_65816_a16call.c.default.ll	a16	0	8e0ead04d5d69722	0	aa2e58c46d5c8ae6
corpus/examples_65816_a16call.c.default.ll	a16xy16	0	8e0ead04d5d69722	0	aa2e58c46d5c8ae6
corpus/examples_65816_a16copy.c.default.ll	a16	0	d1c305605054baa8	0	8a99ff362d57d774
corpus/examples_65816_a16copy.c.default.ll	a16xy16	0	d1c305605054baa8	0	8a99ff362d57d774
corpus/examples_65816_a16frameidx.c.default.ll	a16	0	53e7c9b2323e58cc	0	ce19e9ce2d7422d7
corpus/examples_65816_a16frameidx.c.default.ll	a16xy16	0	6663ed65748e2cab	0	af9b3086235c46fc
corpus/examples_65816_a16loadcall.c.default.ll	a16	0	b42826fb721f5ffa	0	cae2f13f43f56b40
corpus/examples_65816_a16loadcall.c.default.ll	a16xy16	0	5028d54248c16e44	0	4009a5ae0cd5b2f4
corpus/examples_65816_a16loopred.c.default.ll	a16	0	3c4e6b5d0c874860	0	73ef108183f0eeef
corpus/examples_65816_a16loopred.c.default.ll	a16xy16	0	3c4e6b5d0c874860	0	73ef108183f0eeef
corpus/examples_65816_a16scavnz.c.default.ll	a16	0	aadbfc57b0ecb2a7	0	90a3bd2d3aafe91a
corpus/examples_65816_a16scavnz.c.default.ll	a16xy16	0	ab49d6bb1e91bec1	0	c28fe307560a5801
corpus/examples_65816_a16sunfold.c.default.ll	a16	0	f9d6b89c562ee323	0	0513945c809595f0
corpus/examples_65816_a16sunfold.c.default.ll	a16xy16	0	f9d6b89c562ee323	0	0513945c809595f0
corpus/examples_65816_far_fnptr.c.default.ll	a16	1	err:87ee7c28706c	1	-
corpus/examples_65816_far_fnptr.c.default.ll	a16xy16	1	err:87ee7c28706c	1	-
corpus/examples_65816_farbank.c.default.ll	a16	1	err:834b48ff702a	1	-
corpus/examples_65816_farbank.c.default.ll	a16xy16	1	err:834b48ff702a	1	-
corpus/examples_65816_farptrcmp-natural.c.default.ll	a16	1	err:e8bb696526f7	1	-
corpus/examples_65816_farptrcmp-natural.c.default.ll	a16xy16	1	err:e8bb696526f7	1	-
corpus/examples_65816_k_bits.c.default.ll	a16	0	2e881da370a30d21	0	0e9c6efeffc2c31a
corpus/examples_65816_k_bits.c.default.ll	a16xy16	0	2e881da370a30d21	0	0e9c6efeffc2c31a
corpus/examples_65816_k_mandel_far.c.default.ll	a16	1	err:001098381168	1	-
corpus/examples_65816_k_mandel_far.c.default.ll	a16xy16	1	err:001098381168	1	-
corpus/examples_65816_mixedwidth-probe.c.default.ll	a16	0	37f82aedc956c621	0	977ffd9ef543475f
corpus/examples_65816_mixedwidth-probe.c.default.ll	a16xy16	0	37f82aedc956c621	0	977ffd9ef543475f
corpus/examples_65816_xy16basic.c.default.ll	a16	0	95bbf0f5b02f0e8a	0	be124a1ebd8e30b2
corpus/examples_65816_xy16basic.c.default.ll	a16xy16	0	95bbf0f5b02f0e8a	0	be124a1ebd8e30b2
corpus/examples_snes_1d-ca.c.default.ll	a16	0	2abc0a60832db774	0	925648def88afe76
corpus/examples_snes_1d-ca.c.default.ll	a16xy16	0	4f536b3592274620	0	3f3f3463e17e05e0
corpus/examples_snes_bf-vm.c.default.ll	a16	0	a9a50d96090c9a93	0	45d07da97ca79ff1
corpus/examples_snes_bf-vm.c.default.ll	a16xy16	0	2e6cadfa43f80fe6	0	bbc0686d18110539
corpus/examples_snes_boids.c.default.ll	a16	0	18dba258148008dd	0	55e9e4e1cb98bc8e
corpus/examples_snes_boids.c.default.ll	a16xy16	0	e7a8e6b72db071ec	0	7a160572d5d469b6
corpus/examples_snes_cardioid.c.default.ll	a16	0	da45c79364505ca2	0	c4ed59e3eb6cea99
corpus/examples_snes_cardioid.c.default.ll	a16xy16	0	b1559ff537ca2df0	0	f9696a4be4fb0a44
corpus/examples_snes_corpus_avalanche_sim.c.default.ll	a16	0	14099c05752d3e90	0	c756c39b0c68922b
corpus/examples_snes_corpus_avalanche_sim.c.default.ll	a16xy16	0	14099c05752d3e90	0	c756c39b0c68922b
corpus/examples_snes_corpus_boids_sim.c.default.ll	a16	0	a3be3bc1fbea93c9	0	ca9a3db87f744013
corpus/examples_snes_corpus_boids_sim.c.default.ll	a16xy16	0	b8d98766ed17f213	0	33e3353ba696d3e1
corpus/examples_snes_corpus_cgrade_sim.c.default.ll	a16	0	5b92c1a9fa386b26	0	0877ac9482f90056
corpus/examples_snes_corpus_cgrade_sim.c.default.ll	a16xy16	0	5b92c1a9fa386b26	0	0877ac9482f90056
corpus/examples_snes_corpus_critters_sim.c.default.ll	a16	0	23b819b473884e38	0	c4b3919008d46ce2
corpus/examples_snes_corpus_critters_sim.c.default.ll	a16xy16	0	a6744d38ffa194b2	0	79319ec1606f6ab6
corpus/examples_snes_corpus_domcol_sim.c.default.ll	a16	0	7f6c37c83248c347	0	a6ea33d33b623def
corpus/examples_snes_corpus_domcol_sim.c.default.ll	a16xy16	0	7f6c37c83248c347	0	a6ea33d33b623def
corpus/examples_snes_corpus_fenwick_sim.c.default.ll	a16	0	f10989aab9a02cd1	0	f0ad00c22e106e56
corpus/examples_snes_corpus_fenwick_sim.c.default.ll	a16xy16	0	9d46efda383d8643	0	b090f67be4cb39c6
corpus/examples_snes_corpus_grid3d_sim.c.default.ll	a16	0	347f0a7203b65118	0	2f58526514e8e28a
corpus/examples_snes_corpus_grid3d_sim.c.default.ll	a16xy16	0	347f0a7203b65118	0	2f58526514e8e28a
corpus/examples_snes_corpus_jt256_sim.c.default.ll	a16	0	c203a3ddd88a96bf	0	9310f305e336d2c1
corpus/examples_snes_corpus_jt256_sim.c.default.ll	a16xy16	0	87e4656aeb53f496	0	efc59f5f943c8f1e
corpus/examples_snes_corpus_lzdec_sim.c.default.ll	a16	0	e14001af73f624b2	0	25c9ca94e515ef34
corpus/examples_snes_corpus_lzdec_sim.c.default.ll	a16xy16	0	2b26df3bea7a6efb	0	5e8f288e2b73323a
corpus/examples_snes_corpus_montorbit_sim.c.default.ll	a16	0	801e0afc74966d9b	0	33a507608f0af70f
corpus/examples_snes_corpus_montorbit_sim.c.default.ll	a16xy16	0	801e0afc74966d9b	0	33a507608f0af70f
corpus/examples_snes_corpus_nmitally_sim.c.default.ll	a16	0	844d0c1939584757	0	053f40a469b7631f
corpus/examples_snes_corpus_nmitally_sim.c.default.ll	a16xy16	0	844d0c1939584757	0	053f40a469b7631f
corpus/examples_snes_corpus_perlin_sim.c.default.ll	a16	134	err:ceadc743c1c3	134	-
corpus/examples_snes_corpus_perlin_sim.c.default.ll	a16xy16	134	err:ceadc743c1c3	134	-
corpus/examples_snes_corpus_rangecode_sim.c.default.ll	a16	0	8f875b77ac245f6d	0	40ae47e5db63b983
corpus/examples_snes_corpus_rangecode_sim.c.default.ll	a16xy16	0	8f875b77ac245f6d	0	40ae47e5db63b983
corpus/examples_snes_corpus_satcast_sim.c.default.ll	a16	134	err:ceadc743c1c3	134	-
corpus/examples_snes_corpus_satcast_sim.c.default.ll	a16xy16	134	err:ceadc743c1c3	134	-
corpus/examples_snes_corpus_sodo_sim.c.default.ll	a16	0	95891af91e4a3fad	0	20dc8d0a38f4b821
corpus/examples_snes_corpus_sodo_sim.c.default.ll	a16xy16	0	95891af91e4a3fad	0	20dc8d0a38f4b821
corpus/examples_snes_corpus_tea_sim.c.default.ll	a16	0	e5cba258a207914a	0	c8393c4d6e8f45b1
corpus/examples_snes_corpus_tea_sim.c.default.ll	a16xy16	0	e5cba258a207914a	0	c8393c4d6e8f45b1
corpus/examples_snes_corpus_ulam_sim.c.default.ll	a16	0	3490642d6e72979d	0	95519ffbcb814128
corpus/examples_snes_corpus_ulam_sim.c.default.ll	a16xy16	0	02d72707726d3168	0	744c6512e4ee369f
corpus/examples_snes_crctex.c.default.ll	a16	0	0ae7fea9ff644f08	0	8ea5453fb19db03e
corpus/examples_snes_crctex.c.default.ll	a16xy16	0	205c99bd94104ab2	0	62bc7c985aea1f37
corpus/examples_snes_dither.c.default.ll	a16	0	df7523c9c4280daa	0	3596339873942ed4
corpus/examples_snes_dither.c.default.ll	a16xy16	0	0d3f2b11f8321068	0	a4644fc26239ce84
corpus/examples_snes_epicycles.c.default.ll	a16	0	8ed68bb90dd01047	0	575be2dc7282bf6a
corpus/examples_snes_epicycles.c.default.ll	a16xy16	134	err:443fe427ddb7	134	-
corpus/examples_snes_funnelkal.c.default.ll	a16	0	3e223c0a17d3f7dd	0	19e58bcfe9ec2944
corpus/examples_snes_funnelkal.c.default.ll	a16xy16	0	580eceeab39cc8a4	0	03e59f32aaa57638
corpus/examples_snes_huffman.c.default.ll	a16	0	6ef26777c5a63b13	0	f587ce1cfeb3193a
corpus/examples_snes_huffman.c.default.ll	a16xy16	0	f2311c72a19de757	0	aa0e67c41f152209
corpus/examples_snes_jtsparse.c.default.ll	a16	0	23cba46630092b30	0	8fd9bdbeba9db69c
corpus/examples_snes_jtsparse.c.default.ll	a16xy16	0	21d6908392a2af29	0	9958ecb565fd2fb8
corpus/examples_snes_lzss-gallery.c.default.ll	a16	1	err:faab5bcc80ce	1	-
corpus/examples_snes_lzss-gallery.c.default.ll	a16xy16	1	err:faab5bcc80ce	1	-
corpus/examples_snes_metaball.c.default.ll	a16	0	10639752282c249d	0	c6d22f54921a6337
corpus/examples_snes_metaball.c.default.ll	a16xy16	0	c0cc4300279a3483	0	89f60fbb248ac7ed
corpus/examples_snes_mvscrl.c.default.ll	a16	0	8a29aa5966e24b20	0	424eef6149275f4b
corpus/examples_snes_mvscrl.c.default.ll	a16xy16	0	1ca4a85ee1b07385	0	928b450655f96c46
corpus/examples_snes_packrec.c.default.ll	a16	0	b6b666eb1aba95ed	0	a6a8f916ebb74a9c
corpus/examples_snes_packrec.c.default.ll	a16xy16	0	45f5c3c01eb54b1d	0	0d5f2a290576637c
corpus/examples_snes_qsortviz.c.default.ll	a16	0	d1259e7d3f4a834e	0	01ec94841c1b445d
corpus/examples_snes_qsortviz.c.default.ll	a16xy16	0	7022991a65da36dc	0	a2274151a79e815b
corpus/examples_snes_rotozoom.c.default.ll	a16	134	err:ceadc743c1c3	134	-
corpus/examples_snes_rotozoom.c.default.ll	a16xy16	134	err:ceadc743c1c3	134	-
corpus/examples_snes_shift64seam.c.default.ll	a16	0	2ae7ad0d93284eb9	0	e7be58fdd2ec8e97
corpus/examples_snes_shift64seam.c.default.ll	a16xy16	0	504d77b34707897f	0	5cc8c7c3e5fedfb5
corpus/examples_snes_sodo.c.default.ll	a16	0	97cce5a5b19393ab	0	e2f973087f1dd272
corpus/examples_snes_sodo.c.default.ll	a16xy16	0	9921e82012749e6a	0	9136489a621402d1
corpus/examples_snes_trapguard.c.default.ll	a16	134	err:a786edeedc60	134	-
corpus/examples_snes_trapguard.c.default.ll	a16xy16	134	err:a786edeedc60	134	-
corpus/examples_snes_vaprintf.c.default.ll	a16	0	57934ed5d904f18b	0	479e20333b510945
corpus/examples_snes_vaprintf.c.default.ll	a16xy16	0	ea09f2cadd2cd901	0	b97962859b77aa0d
