file,binary,rep,instructions,task_clock_ms,rc
a16.a16,prefix,1,13743822,14.63,0
a16.a16,postfix,1,13733537,14.86,0
a16.a8,prefix,1,13729031,14.87,0
a16.a8,postfix,1,13694680,15.03,0
a16abs.a16,prefix,1,13644779,15.84,0
a16abs.a16,postfix,1,13602818,14.49,0
a16abs.a8,prefix,1,13658043,16.62,0
a16abs.a8,postfix,1,13667768,14.06,0
a16abscmp.a16,prefix,1,22626411,17.75,0
a16abscmp.a16,postfix,1,22718978,18.02,0
a16abscmp.a8,prefix,1,22568099,17.80,0
a16abscmp.a8,postfix,1,22735961,18.01,0
a16absidx.a16,prefix,1,13288415,13.98,0
a16absidx.a16,postfix,1,13293232,15.64,0
a16absidx.a8,prefix,1,13250982,13.91,0
a16absidx.a8,postfix,1,13243608,14.49,0
a16add.a16,prefix,1,14099231,14.00,0
a16add.a16,postfix,1,14053290,15.90,0
a16add.a8,prefix,1,14032483,16.68,0
a16add.a8,postfix,1,14061532,15.70,0
a16ashift.a16,prefix,1,14691826,15.87,0
a16ashift.a16,postfix,1,14681047,15.12,0
a16ashift.a8,prefix,1,14675283,15.92,0
a16ashift.a8,postfix,1,14580854,14.79,0
a16ashift8.a16,prefix,1,21639601,16.97,0
a16ashift8.a16,postfix,1,21751394,18.54,0
a16ashift8.a8,prefix,1,21578891,19.56,0
a16ashift8.a8,postfix,1,21750495,19.48,0
a16bit.a16,prefix,1,15629782,15.33,0
a16bit.a16,postfix,1,15640663,14.90,0
a16bit.a8,prefix,1,15669584,15.24,0
a16bit.a8,postfix,1,15605111,15.27,0
a16bitchain.a16,prefix,1,19235793,16.97,0
a16bitchain.a16,postfix,1,19270921,16.38,0
a16bitchain.a8,prefix,1,19231985,16.61,0
a16bitchain.a8,postfix,1,19311423,17.50,0
a16call.a16,prefix,1,18471819,16.65,0
a16call.a16,postfix,1,18452859,17.38,0
a16call.a8,prefix,1,18481036,16.86,0
a16call.a8,postfix,1,18527626,18.58,0
a16chain.a16,prefix,1,14854305,15.01,0
a16chain.a16,postfix,1,14787859,15.48,0
a16chain.a8,prefix,1,14786225,14.61,0
a16chain.a8,postfix,1,14760710,14.95,0
a16chainimm.a16,prefix,1,18455930,20.89,0
a16chainimm.a16,postfix,1,18467082,16.26,0
a16chainimm.a8,prefix,1,18460087,16.98,0
a16chainimm.a8,postfix,1,18421975,15.81,0
a16chainld.a16,prefix,1,15590195,17.47,0
a16chainld.a16,postfix,1,15610123,15.29,0
a16chainld.a8,prefix,1,15565930,15.62,0
a16chainld.a8,postfix,1,15605705,17.66,0
a16cmp.a16,prefix,1,23232094,17.85,0
a16cmp.a16,postfix,1,23331552,18.41,0
a16cmp.a8,prefix,1,23200896,17.82,0
a16cmp.a8,postfix,1,23313498,18.04,0
a16cmpaudit.a16,prefix,1,672698675,187.23,0
a16cmpaudit.a16,postfix,1,683317915,182.38,0
a16cmpaudit.a8,prefix,1,673559542,183.51,0
a16cmpaudit.a8,postfix,1,683677774,183.10,0
a16cmpidx.a16,prefix,1,40263004,23.19,0
a16cmpidx.a16,postfix,1,40587169,22.48,0
a16cmpidx.a8,prefix,1,40205966,25.44,0
a16cmpidx.a8,postfix,1,40589370,23.76,0
a16copy.a16,prefix,1,14263642,15.24,0
a16copy.a16,postfix,1,14310462,16.14,0
a16copy.a8,prefix,1,14280415,18.35,0
a16copy.a8,postfix,1,14269128,15.90,0
a16eq.a16,prefix,1,18069612,19.01,0
a16eq.a16,postfix,1,18101435,17.29,0
a16eq.a8,prefix,1,18053696,16.56,0
a16eq.a8,postfix,1,18134684,18.45,0
a16eqval.a16,prefix,1,17888635,16.83,0
a16eqval.a16,postfix,1,17953129,16.54,0
a16eqval.a8,prefix,1,17834159,16.11,0
a16eqval.a8,postfix,1,17860715,16.76,0
a16eqvalc.a16,prefix,1,19945006,17.23,0
a16eqvalc.a16,postfix,1,20023302,17.38,0
a16eqvalc.a8,prefix,1,19963164,18.41,0
a16eqvalc.a8,postfix,1,19960724,17.20,0
a16eqvalg.a16,prefix,1,22733122,17.96,0
a16eqvalg.a16,postfix,1,22771613,18.61,0
a16eqvalg.a8,prefix,1,22723533,17.63,0
a16eqvalg.a8,postfix,1,22755796,19.70,0
a16eqvalmg.a16,prefix,1,20324555,24.37,0
a16eqvalmg.a16,postfix,1,20412739,20.46,0
a16eqvalmg.a8,prefix,1,20339380,17.86,0
a16eqvalmg.a8,postfix,1,20371868,17.33,0
a16eqvalp.a16,prefix,1,19795402,17.35,0
a16eqvalp.a16,postfix,1,19839274,16.99,0
a16eqvalp.a8,prefix,1,19759133,16.95,0
a16eqvalp.a8,postfix,1,19769521,18.02,0
a16eqvalz.a16,prefix,1,15238943,16.78,0
a16eqvalz.a16,postfix,1,15234301,16.05,0
a16eqvalz.a8,prefix,1,15143296,15.40,0
a16eqvalz.a8,postfix,1,15144193,15.02,0
a16frameidx.a16,prefix,1,33155925,22.38,0
a16frameidx.a16,postfix,1,33132862,21.35,0
a16frameidx.a8,prefix,1,33062453,22.14,0
a16frameidx.a8,postfix,1,32978139,22.54,0
a16imm.a16,prefix,1,15203979,17.07,0
a16imm.a16,postfix,1,15194984,16.57,0
a16imm.a8,prefix,1,15215489,14.75,0
a16imm.a8,postfix,1,15232762,15.30,0
a16incabs.a16,prefix,1,16870493,15.57,0
a16incabs.a16,postfix,1,16873284,15.14,0
a16incabs.a8,prefix,1,16813417,16.47,0
a16incabs.a8,postfix,1,16864387,15.79,0
a16incdec.a16,prefix,1,18018653,17.40,0
a16incdec.a16,postfix,1,18013289,15.82,0
a16incdec.a8,prefix,1,18043911,16.68,0
a16incdec.a8,postfix,1,18016690,15.31,0
a16indirdst.a16,prefix,1,13847326,14.14,0
a16indirdst.a16,postfix,1,13784448,14.03,0
a16indirdst.a8,prefix,1,13706540,14.48,0
a16indirdst.a8,postfix,1,13759183,14.20,0
a16indiry.a16,prefix,1,14434436,15.38,0
a16indiry.a16,postfix,1,14421607,15.36,0
a16indiry.a8,prefix,1,14374827,15.63,0
a16indiry.a8,postfix,1,14399868,15.18,0
a16isr.a16,prefix,1,16314462,15.12,0
a16isr.a16,postfix,1,16358944,15.62,0
a16isr.a8,prefix,1,16313208,15.54,0
a16isr.a8,postfix,1,16221156,15.49,0
a16loadcall.a16,prefix,1,32510666,22.45,0
a16loadcall.a16,postfix,1,32574289,22.26,0
a16loadcall.a8,prefix,1,32472736,21.73,0
a16loadcall.a8,postfix,1,32508515,22.35,0
a16loadfold.a16,prefix,1,14166724,14.51,0
a16loadfold.a16,postfix,1,14174968,15.14,0
a16loadfold.a8,prefix,1,14151798,14.92,0
a16loadfold.a8,postfix,1,14147507,14.91,0
a16local.a16,prefix,1,14209516,14.67,0
a16local.a16,postfix,1,14218187,14.57,0
a16local.a8,prefix,1,14191927,13.91,0
a16local.a8,postfix,1,14208614,17.26,0
a16localbit.a16,prefix,1,15602884,17.82,0
a16localbit.a16,postfix,1,15560728,15.24,0
a16localbit.a8,prefix,1,15601228,15.40,0
a16localbit.a8,postfix,1,15558939,15.05,0
a16localimm.a16,prefix,1,13937810,14.81,0
a16localimm.a16,postfix,1,13913247,15.83,0
a16localimm.a8,prefix,1,13902665,16.90,0
a16localimm.a8,postfix,1,13946141,17.22,0
a16localsub.a16,prefix,1,14254364,16.50,0
a16localsub.a16,postfix,1,14313829,17.07,0
a16localsub.a8,prefix,1,14192156,15.43,0
a16localsub.a8,postfix,1,14180400,15.27,0
a16localx.a16,prefix,1,17709160,15.95,0
a16localx.a16,postfix,1,17705157,15.70,0
a16localx.a8,prefix,1,17740479,16.34,0
a16localx.a8,postfix,1,17677026,15.69,0
a16loop.a16,prefix,1,15766750,15.97,0
a16loop.a16,postfix,1,15933020,16.19,0
a16loop.a8,prefix,1,15765833,16.52,0
a16loop.a8,postfix,1,15841635,16.35,0
a16loopred.a16,prefix,1,14534229,15.10,0
a16loopred.a16,postfix,1,14471523,15.08,0
a16loopred.a8,prefix,1,14523101,15.03,0
a16loopred.a8,postfix,1,14463957,15.67,0
a16mix1.a16,prefix,1,28228125,21.58,0
a16mix1.a16,postfix,1,28245587,20.84,0
a16mix1.a8,prefix,1,28154411,21.18,0
a16mix1.a8,postfix,1,28261149,27.50,0
a16mix2.a16,prefix,1,30657780,22.49,0
a16mix2.a16,postfix,1,30842377,23.46,0
a16mix2.a8,prefix,1,30725762,21.27,0
a16mix2.a8,postfix,1,30809326,21.39,0
a16mixfold.a16,prefix,1,18900276,17.46,0
a16mixfold.a16,postfix,1,18875286,16.22,0
a16mixfold.a8,prefix,1,18904258,16.46,0
a16mixfold.a8,postfix,1,18881186,16.11,0
a16ptr.a16,prefix,1,14478865,15.00,0
a16ptr.a16,postfix,1,14467434,16.19,0
a16ptr.a8,prefix,1,14388150,14.75,0
a16ptr.a8,postfix,1,14422489,14.78,0
a16regpress.a16,prefix,1,24241274,21.41,0
a16regpress.a16,postfix,1,24276367,23.44,0
a16regpress.a8,prefix,1,24211767,19.49,0
a16regpress.a8,postfix,1,24303435,19.65,0
a16ret.a16,prefix,1,21840208,17.99,0
a16ret.a16,postfix,1,21744506,17.16,0
a16ret.a8,prefix,1,21655284,18.61,0
a16ret.a8,postfix,1,21663764,18.13,0
a16s32.a16,prefix,1,91786042,37.13,0
a16s32.a16,postfix,1,93274453,39.02,0
a16s32.a8,prefix,1,91828834,40.81,0
a16s32.a8,postfix,1,93472231,38.84,0
a16scavnz.a16,prefix,1,31530522,20.76,0
a16scavnz.a16,postfix,1,32000898,23.30,0
a16scavnz.a8,prefix,1,31513743,22.44,0
a16scavnz.a8,postfix,1,31922277,21.40,0
a16scmp.a16,prefix,1,20408512,17.73,0
a16scmp.a16,postfix,1,20509474,17.62,0
a16scmp.a8,prefix,1,20390059,18.73,0
a16scmp.a8,postfix,1,20464183,17.64,0
a16shift.a16,prefix,1,15300321,15.07,0
a16shift.a16,postfix,1,15322999,15.21,0
a16shift.a8,prefix,1,15307649,15.66,0
a16shift.a8,postfix,1,15287727,15.95,0
a16spill.a16,prefix,1,22746703,18.87,0
a16spill.a16,postfix,1,22706042,18.61,0
a16spill.a8,prefix,1,22585461,19.19,0
a16spill.a8,postfix,1,22685511,18.60,0
a16spillr.a16,prefix,1,27052077,23.11,0
a16spillr.a16,postfix,1,27216519,24.62,0
a16spillr.a8,prefix,1,27016925,20.64,0
a16spillr.a8,postfix,1,27273234,20.69,0
a16sub.a16,prefix,1,14128788,17.74,0
a16sub.a16,postfix,1,14216160,15.42,0
a16sub.a8,prefix,1,14138544,15.32,0
a16sub.a8,postfix,1,14220827,14.79,0
a16sunfold.a16,prefix,1,18590559,17.00,0
a16sunfold.a16,postfix,1,18586696,16.07,0
a16sunfold.a8,prefix,1,18551794,17.05,0
a16sunfold.a8,postfix,1,18583588,16.17,0
a16thread.a16,prefix,1,18989374,19.03,0
a16thread.a16,postfix,1,19024202,19.51,0
a16thread.a8,prefix,1,18997518,17.54,0
a16thread.a8,postfix,1,19080439,18.72,0
absdiff-probe.a16,prefix,1,37201328,25.84,0
absdiff-probe.a16,postfix,1,37338080,23.96,0
absdiff-probe.a8,prefix,1,37091494,22.65,0
absdiff-probe.a8,postfix,1,37297507,22.92,0
asmisland-probe.a16,prefix,1,29100863,22.91,0
asmisland-probe.a16,postfix,1,29113115,21.47,0
asmisland-probe.a8,prefix,1,29134993,21.72,0
asmisland-probe.a8,postfix,1,29061496,21.67,0
bitboard64-probe.a16,prefix,1,217111261,84.18,0
bitboard64-probe.a16,postfix,1,217209891,72.18,0
bitboard64-probe.a8,prefix,1,217125675,70.01,0
bitboard64-probe.a8,postfix,1,217132564,72.72,0
crt0native.a16,prefix,1,13593769,15.32,0
crt0native.a16,postfix,1,13636832,15.41,0
crt0native.a8,prefix,1,13581038,14.82,0
crt0native.a8,postfix,1,13646587,14.07,0
far-bank1.a16,prefix,1,10330584,14.74,1
far-bank1.a16,postfix,1,10277392,12.81,1
far-bank1.a8,prefix,1,10279391,13.80,1
far-bank1.a8,postfix,1,10353841,13.12,1
far-deref.a16,prefix,1,11701654,12.73,1
far-deref.a16,postfix,1,11735942,12.10,1
far-deref.a8,prefix,1,11649965,13.37,1
far-deref.a8,postfix,1,11716284,12.59,1
far-run.a16,prefix,1,10258391,12.19,1
far-run.a16,postfix,1,10351003,11.60,1
far-run.a8,prefix,1,10273283,11.92,1
far-run.a8,postfix,1,10292827,13.02,1
far_arith.a16,prefix,1,10449870,12.39,1
far_arith.a16,postfix,1,10430830,12.80,1
far_arith.a8,prefix,1,10458082,12.13,1
far_arith.a8,postfix,1,10431310,13.03,1
far_call.a16,prefix,1,16303463,16.06,0
far_call.a16,postfix,1,16287846,15.21,0
far_call.a8,prefix,1,16329529,16.42,0
far_call.a8,postfix,1,16248207,15.33,0
far_cast.a16,prefix,1,10371956,17.22,1
far_cast.a16,postfix,1,10419497,13.06,1
far_cast.a8,prefix,1,10392156,12.85,1
far_cast.a8,postfix,1,10381082,12.29,1
far_fnptr.a16,prefix,1,11665898,12.99,1
far_fnptr.a16,postfix,1,11666171,13.01,1
far_fnptr.a8,prefix,1,11626213,14.17,1
far_fnptr.a8,postfix,1,11626377,13.76,1
far_indir.a16,prefix,1,10503004,12.60,1
far_indir.a16,postfix,1,10500253,12.24,1
far_indir.a8,prefix,1,10510402,12.80,1
far_indir.a8,postfix,1,10456027,12.47,1
far_indir_tail.a16,prefix,1,11769378,13.67,1
far_indir_tail.a16,postfix,1,11849184,16.51,1
far_indir_tail.a8,prefix,1,11759214,13.91,1
far_indir_tail.a8,postfix,1,11825194,13.68,1
far_loop.a16,prefix,1,13040825,21.90,1
far_loop.a16,postfix,1,12974944,14.37,1
far_loop.a8,prefix,1,13022108,14.05,1
far_loop.a8,postfix,1,12978659,14.22,1
far_memops.a16,prefix,1,12993256,13.69,1
far_memops.a16,postfix,1,12959810,14.09,1
far_memops.a8,prefix,1,12957883,15.21,1
far_memops.a8,postfix,1,12953889,14.20,1
far_memset.a16,prefix,1,11378624,14.34,1
far_memset.a16,postfix,1,11356236,13.39,1
far_memset.a8,prefix,1,11362465,13.92,1
far_memset.a8,postfix,1,11320389,13.07,1
far_near_call.a16,prefix,1,22099089,18.19,0
far_near_call.a16,postfix,1,22029781,17.45,0
far_near_call.a8,prefix,1,22027518,16.97,0
far_near_call.a8,postfix,1,22099532,17.27,0
far_sizeof.a16,prefix,1,10572890,12.88,1
far_sizeof.a16,postfix,1,10541773,12.50,1
far_sizeof.a8,prefix,1,10533390,12.41,1
far_sizeof.a8,postfix,1,10551140,13.68,1
far_store.a16,prefix,1,10512064,12.13,1
far_store.a16,postfix,1,10468606,12.83,1
far_store.a8,prefix,1,10477121,12.93,1
far_store.a8,postfix,1,10418266,13.29,1
far_tail.a16,prefix,1,25907734,20.55,0
far_tail.a16,postfix,1,26196780,20.04,0
far_tail.a8,prefix,1,26182485,18.31,0
far_tail.a8,postfix,1,26047948,18.34,0
farcc_bench.a16,prefix,1,12656742,12.94,1
farcc_bench.a16,postfix,1,12611182,14.29,1
farcc_bench.a8,prefix,1,12661325,13.71,1
farcc_bench.a8,postfix,1,12614582,12.99,1
farcc_imag32.a16,prefix,1,12339059,14.04,1
farcc_imag32.a16,postfix,1,12291810,13.11,1
farcc_imag32.a8,prefix,1,12237920,13.53,1
farcc_imag32.a8,postfix,1,12270250,12.77,1
farindex.a16,prefix,1,11147466,12.48,1
farindex.a16,postfix,1,11222098,12.62,1
farindex.a8,prefix,1,11183653,14.30,1
farindex.a8,postfix,1,11142721,12.68,1
farptrcmp-natural.a16,prefix,1,10666408,12.71,1
farptrcmp-natural.a16,postfix,1,10652861,11.91,1
farptrcmp-natural.a8,prefix,1,10639420,13.45,1
farptrcmp-natural.a8,postfix,1,10637570,14.99,1
farspill-probe.a16,prefix,1,17744986,19.12,1
farspill-probe.a16,postfix,1,17769882,16.98,1
farspill-probe.a8,prefix,1,17774656,15.78,1
farspill-probe.a8,postfix,1,17694875,15.19,1
frameabi_a0.a16,prefix,1,13562971,13.79,0
frameabi_a0.a16,postfix,1,13546652,14.01,0
frameabi_a0.a8,prefix,1,13590795,13.68,0
frameabi_a0.a8,postfix,1,13570187,13.67,0
frameabi_heavy.a16,prefix,1,59947037,31.55,0
frameabi_heavy.a16,postfix,1,60099283,32.00,0
frameabi_heavy.a8,prefix,1,59999138,29.85,0
frameabi_heavy.a8,postfix,1,59959165,29.90,0
k_bits.a16,prefix,1,22807547,18.56,0
k_bits.a16,postfix,1,22823406,18.57,0
k_bits.a8,prefix,1,22804049,18.75,0
k_bits.a8,postfix,1,22820197,19.71,0
k_blossom_far.a16,prefix,1,14466875,14.91,1
k_blossom_far.a16,postfix,1,14469466,14.02,1
k_blossom_far.a8,prefix,1,14436848,15.01,1
k_blossom_far.a8,postfix,1,14405636,14.67,1
k_buddha_far.a16,prefix,1,13598145,14.73,1
k_buddha_far.a16,postfix,1,13575294,14.66,1
k_buddha_far.a8,prefix,1,13508378,14.84,1
k_buddha_far.a8,postfix,1,13514937,14.54,1
k_crc16.a16,prefix,1,17747458,25.96,0
k_crc16.a16,postfix,1,17763601,17.79,0
k_crc16.a8,prefix,1,17742720,16.91,0
k_crc16.a8,postfix,1,17766401,16.19,0
k_fxmul.a16,prefix,1,17674053,16.88,0
k_fxmul.a16,postfix,1,17707793,16.22,0
k_fxmul.a8,prefix,1,17750835,16.38,0
k_fxmul.a8,postfix,1,17710524,17.66,0
k_hopalong.a16,prefix,1,38241613,23.66,0
k_hopalong.a16,postfix,1,38471559,22.58,0
k_hopalong.a8,prefix,1,38226932,23.14,0
k_hopalong.a8,postfix,1,38624368,23.95,0
k_isort.a16,prefix,1,38413150,23.76,0
k_isort.a16,postfix,1,38802736,24.03,0
k_isort.a8,prefix,1,38389378,23.96,0
k_isort.a8,postfix,1,38805698,26.19,0
k_mandel.a16,prefix,1,49683777,28.75,0
k_mandel.a16,postfix,1,49959473,28.33,0
k_mandel.a8,prefix,1,49697665,30.12,0
k_mandel.a8,postfix,1,50064765,30.30,0
k_mandel_far.a16,prefix,1,15983777,15.18,1
k_mandel_far.a16,postfix,1,15998115,15.72,1
k_mandel_far.a8,prefix,1,15940853,15.24,1
k_mandel_far.a8,postfix,1,15886381,14.87,1
k_prng.a16,prefix,1,20092008,18.07,0
k_prng.a16,postfix,1,20161238,16.55,0
k_prng.a8,prefix,1,19984738,16.88,0
k_prng.a8,postfix,1,20062998,17.18,0
k_satadd.a16,prefix,1,17091627,16.70,0
k_satadd.a16,postfix,1,17113196,27.17,0
k_satadd.a8,prefix,1,17103864,27.43,0
k_satadd.a8,postfix,1,17030832,26.25,0
k_trig16.a16,prefix,1,299943586,128.34,0
k_trig16.a16,postfix,1,307163580,111.27,0
k_trig16.a8,prefix,1,300115176,105.05,0
k_trig16.a8,postfix,1,307392134,106.79,0
k_trig16x.a16,prefix,1,464427169,203.13,134
k_trig16x.a16,postfix,1,464037485,177.56,134
k_trig16x.a8,prefix,1,464347627,178.18,134
k_trig16x.a8,postfix,1,464377358,168.90,134
k_trig32.a16,prefix,1,75577888,31.16,0
k_trig32.a16,postfix,1,75817308,30.45,0
k_trig32.a8,prefix,1,75513932,31.76,0
k_trig32.a8,postfix,1,75832340,40.36,0
legalindexdom.a16,prefix,1,19634962,17.15,0
legalindexdom.a16,postfix,1,19809507,17.00,0
legalindexdom.a8,prefix,1,19634950,17.01,0
legalindexdom.a8,postfix,1,19741409,17.22,0
llabs64-probe.a16,prefix,1,37021659,23.73,0
llabs64-probe.a16,postfix,1,37230584,22.33,0
llabs64-probe.a8,prefix,1,37062095,26.58,0
llabs64-probe.a8,postfix,1,37082701,22.78,0
mixedwidth-probe.a16,prefix,1,37760899,23.46,0
mixedwidth-probe.a16,postfix,1,37630343,24.10,0
mixedwidth-probe.a8,prefix,1,39071200,37.13,0
mixedwidth-probe.a8,postfix,1,39103113,24.78,0
modethread-probe.a16,prefix,1,48479873,32.21,0
modethread-probe.a16,postfix,1,48726059,29.75,0
modethread-probe.a8,prefix,1,48374136,27.21,0
modethread-probe.a8,postfix,1,48824949,29.23,0
rcundef.a16,prefix,1,87855179,35.63,0
rcundef.a16,postfix,1,88891719,37.46,0
rcundef.a8,prefix,1,87976204,36.28,0
rcundef.a8,postfix,1,88951715,37.12,0
shift64seam-narrow.a16,prefix,1,16070183,14.15,0
shift64seam-narrow.a16,postfix,1,16182216,14.89,0
shift64seam-narrow.a8,prefix,1,16113155,14.13,0
shift64seam-narrow.a8,postfix,1,16088398,15.51,0
shift64seam-probe.a16,prefix,1,62817262,29.77,0
shift64seam-probe.a16,postfix,1,63031728,30.24,0
shift64seam-probe.a8,prefix,1,62840257,30.83,0
shift64seam-probe.a8,postfix,1,62991121,28.84,0
xy16-inplace-memmove-repro.a16,prefix,1,38402901,23.83,0
xy16-inplace-memmove-repro.a16,postfix,1,38799579,25.65,0
xy16-inplace-memmove-repro.a8,prefix,1,38354128,24.20,0
xy16-inplace-memmove-repro.a8,postfix,1,38930522,24.72,0
xy16basic.a16,prefix,1,13746949,14.83,0
xy16basic.a16,postfix,1,13716693,14.05,0
xy16basic.a8,prefix,1,13684031,14.55,0
xy16basic.a8,postfix,1,13704681,13.86,0
xy16call.a16,prefix,1,22907145,18.19,0
xy16call.a16,postfix,1,22944582,17.44,0
xy16call.a8,prefix,1,22900736,17.41,0
xy16call.a8,postfix,1,22945486,17.94,0
xy16indiry.a16,prefix,1,14393620,15.40,0
xy16indiry.a16,postfix,1,14372473,14.39,0
xy16indiry.a8,prefix,1,14408642,14.21,0
xy16indiry.a8,postfix,1,14401845,17.98,0
xy16ops.a16,prefix,1,14713187,15.27,0
xy16ops.a16,postfix,1,14704252,15.88,0
xy16ops.a8,prefix,1,14679575,14.60,0
xy16ops.a8,postfix,1,14753872,15.38,0
xy16spill.a16,prefix,1,20873172,17.65,0
xy16spill.a16,postfix,1,20932029,17.31,0
xy16spill.a8,prefix,1,20902373,18.08,0
xy16spill.a8,postfix,1,20909623,18.07,0
xy16spillr.a16,prefix,1,27021456,19.77,0
xy16spillr.a16,postfix,1,27215673,19.48,0
xy16spillr.a8,prefix,1,27056772,19.58,0
xy16spillr.a8,postfix,1,27158055,20.19,0
zerobank_probe.a16,prefix,1,11107309,12.30,1
zerobank_probe.a16,postfix,1,11075755,17.88,1
zerobank_probe.a8,prefix,1,10997192,13.18,1
zerobank_probe.a8,postfix,1,11077168,15.08,1
a16.a16,prefix,2,13772094,23.33,0
a16.a16,postfix,2,13683142,14.74,0
a16.a8,prefix,2,13697229,16.50,0
a16.a8,postfix,2,13733379,15.70,0
a16abs.a16,prefix,2,13684282,14.64,0
a16abs.a16,postfix,2,13695139,14.51,0
a16abs.a8,prefix,2,13634224,15.04,0
a16abs.a8,postfix,2,13657029,14.63,0
a16abscmp.a16,prefix,2,22627532,17.84,0
a16abscmp.a16,postfix,2,22806587,17.52,0
a16abscmp.a8,prefix,2,22609326,25.09,0
a16abscmp.a8,postfix,2,22775661,19.08,0
a16absidx.a16,prefix,2,13261441,14.22,0
a16absidx.a16,postfix,2,13245423,14.87,0
a16absidx.a8,prefix,2,13264433,14.06,0
a16absidx.a8,postfix,2,13322068,14.94,0
a16add.a16,prefix,2,14170574,15.43,0
a16add.a16,postfix,2,14086021,16.80,0
a16add.a8,prefix,2,14053925,15.01,0
a16add.a8,postfix,2,14055212,14.56,0
a16ashift.a16,prefix,2,14678992,14.91,0
a16ashift.a16,postfix,2,14719681,14.76,0
a16ashift.a8,prefix,2,14652023,15.08,0
a16ashift.a8,postfix,2,14657065,14.87,0
a16ashift8.a16,prefix,2,21637512,17.65,0
a16ashift8.a16,postfix,2,21664919,20.78,0
a16ashift8.a8,prefix,2,21725931,17.35,0
a16ashift8.a8,postfix,2,21663597,17.14,0
a16bit.a16,prefix,2,15610118,15.14,0
a16bit.a16,postfix,2,15602940,14.70,0
a16bit.a8,prefix,2,15634146,15.53,0
a16bit.a8,postfix,2,15688745,15.25,0
a16bitchain.a16,prefix,2,19354750,17.19,0
a16bitchain.a16,postfix,2,19376980,16.71,0
a16bitchain.a8,prefix,2,19315380,16.33,0
a16bitchain.a8,postfix,2,19262296,20.32,0
a16call.a16,prefix,2,18516384,16.68,0
a16call.a16,postfix,2,18539528,16.73,0
a16call.a8,prefix,2,18452645,22.52,0
a16call.a8,postfix,2,18534175,17.97,0
a16chain.a16,prefix,2,14805190,16.07,0
a16chain.a16,postfix,2,14916036,15.21,0
a16chain.a8,prefix,2,14821284,15.04,0
a16chain.a8,postfix,2,14787214,14.85,0
a16chainimm.a16,prefix,2,18433185,15.81,0
a16chainimm.a16,postfix,2,18485357,21.49,0
a16chainimm.a8,prefix,2,18482012,22.41,0
a16chainimm.a8,postfix,2,18461249,24.03,0
a16chainld.a16,prefix,2,15561143,21.20,0
a16chainld.a16,postfix,2,15621553,15.14,0
a16chainld.a8,prefix,2,15622325,15.77,0
a16chainld.a8,postfix,2,15581754,16.10,0
a16cmp.a16,prefix,2,23188627,17.82,0
a16cmp.a16,postfix,2,23285195,17.68,0
a16cmp.a8,prefix,2,23254638,19.99,0
a16cmp.a8,postfix,2,23274959,21.21,0
a16cmpaudit.a16,prefix,2,673320253,235.16,0
a16cmpaudit.a16,postfix,2,683264749,239.00,0
a16cmpaudit.a8,prefix,2,673153858,195.43,0
a16cmpaudit.a8,postfix,2,682948784,195.56,0
a16cmpidx.a16,prefix,2,40306195,25.15,0
a16cmpidx.a16,postfix,2,40657119,22.93,0
a16cmpidx.a8,prefix,2,40269292,22.84,0
a16cmpidx.a8,postfix,2,40618426,24.01,0
a16copy.a16,prefix,2,14291359,14.64,0
a16copy.a16,postfix,2,14279727,15.15,0
a16copy.a8,prefix,2,14263967,14.71,0
a16copy.a8,postfix,2,14271822,18.58,0
a16eq.a16,prefix,2,18083432,18.07,0
a16eq.a16,postfix,2,18138445,16.67,0
a16eq.a8,prefix,2,18116134,16.24,0
a16eq.a8,postfix,2,18115446,16.40,0
a16eqval.a16,prefix,2,17875935,16.29,0
a16eqval.a16,postfix,2,17897954,26.19,0
a16eqval.a8,prefix,2,17809753,18.03,0
a16eqval.a8,postfix,2,17857719,16.92,0
a16eqvalc.a16,prefix,2,19956416,16.81,0
a16eqvalc.a16,postfix,2,20031948,17.15,0
a16eqvalc.a8,prefix,2,19872140,18.61,0
a16eqvalc.a8,postfix,2,20026173,21.26,0
a16eqvalg.a16,prefix,2,22676420,19.25,0
a16eqvalg.a16,postfix,2,22800209,17.97,0
a16eqvalg.a8,prefix,2,22720451,17.81,0
a16eqvalg.a8,postfix,2,22835594,18.60,0
a16eqvalmg.a16,prefix,2,20387906,17.79,0
a16eqvalmg.a16,postfix,2,20509487,17.63,0
a16eqvalmg.a8,prefix,2,20330150,30.89,0
a16eqvalmg.a8,postfix,2,20413956,30.48,0
a16eqvalp.a16,prefix,2,19729693,26.96,0
a16eqvalp.a16,postfix,2,19812500,19.09,0
a16eqvalp.a8,prefix,2,19700236,28.37,0
a16eqvalp.a8,postfix,2,19810625,22.81,0
a16eqvalz.a16,prefix,2,15165621,17.87,0
a16eqvalz.a16,postfix,2,15198076,15.92,0
a16eqvalz.a8,prefix,2,15133904,15.47,0
a16eqvalz.a8,postfix,2,15077270,15.18,0
a16frameidx.a16,prefix,2,33058415,23.46,0
a16frameidx.a16,postfix,2,32971939,22.31,0
a16frameidx.a8,prefix,2,33104027,21.47,0
a16frameidx.a8,postfix,2,33028359,22.88,0
a16imm.a16,prefix,2,15220409,15.70,0
a16imm.a16,postfix,2,15260625,24.80,0
a16imm.a8,prefix,2,15167776,18.65,0
a16imm.a8,postfix,2,15258113,18.43,0
a16incabs.a16,prefix,2,16813035,15.88,0
a16incabs.a16,postfix,2,16797595,15.57,0
a16incabs.a8,prefix,2,16807755,15.58,0
a16incabs.a8,postfix,2,16890609,15.72,0
a16incdec.a16,prefix,2,18066570,18.10,0
a16incdec.a16,postfix,2,17992026,15.98,0
a16incdec.a8,prefix,2,17990027,16.69,0
a16incdec.a8,postfix,2,18054935,15.97,0
a16indirdst.a16,prefix,2,13778521,14.22,0
a16indirdst.a16,postfix,2,13794319,14.57,0
a16indirdst.a8,prefix,2,13735161,15.56,0
a16indirdst.a8,postfix,2,13817599,14.76,0
a16indiry.a16,prefix,2,14441072,14.98,0
a16indiry.a16,postfix,2,14485286,16.06,0
a16indiry.a8,prefix,2,14434399,14.89,0
a16indiry.a8,postfix,2,14409531,15.12,0
a16isr.a16,prefix,2,16281615,14.99,0
a16isr.a16,postfix,2,16263210,15.16,0
a16isr.a8,prefix,2,16250240,16.05,0
a16isr.a8,postfix,2,16302770,14.80,0
a16loadcall.a16,prefix,2,32649442,23.19,0
a16loadcall.a16,postfix,2,32546678,21.68,0
a16loadcall.a8,prefix,2,32264132,21.72,0
a16loadcall.a8,postfix,2,32315676,21.23,0
a16loadfold.a16,prefix,2,14208661,14.77,0
a16loadfold.a16,postfix,2,14125601,17.07,0
a16loadfold.a8,prefix,2,14156961,15.08,0
a16loadfold.a8,postfix,2,14162156,14.84,0
a16local.a16,prefix,2,14163016,14.24,0
a16local.a16,postfix,2,14120694,14.77,0
a16local.a8,prefix,2,14177781,15.38,0
a16local.a8,postfix,2,14210837,14.14,0
a16localbit.a16,prefix,2,15571268,15.38,0
a16localbit.a16,postfix,2,15562629,15.14,0
a16localbit.a8,prefix,2,15581630,15.57,0
a16localbit.a8,postfix,2,15623779,15.29,0
a16localimm.a16,prefix,2,13937427,14.69,0
a16localimm.a16,postfix,2,13944489,14.59,0
a16localimm.a8,prefix,2,13961051,14.81,0
a16localimm.a8,postfix,2,14007171,14.58,0
a16localsub.a16,prefix,2,14230445,15.45,0
a16localsub.a16,postfix,2,14260036,15.49,0
a16localsub.a8,prefix,2,14174292,15.00,0
a16localsub.a8,postfix,2,14179002,15.06,0
a16localx.a16,prefix,2,17747078,16.13,0
a16localx.a16,postfix,2,17748274,16.10,0
a16localx.a8,prefix,2,17715049,15.45,0
a16localx.a8,postfix,2,17736684,17.53,0
a16loop.a16,prefix,2,15802466,17.31,0
a16loop.a16,postfix,2,15846257,15.96,0
a16loop.a8,prefix,2,15740392,15.97,0
a16loop.a8,postfix,2,15865671,15.39,0
a16loopred.a16,prefix,2,14528168,15.87,0
a16loopred.a16,postfix,2,14468038,16.47,0
a16loopred.a8,prefix,2,14495936,17.00,0
a16loopred.a8,postfix,2,14485871,17.90,0
a16mix1.a16,prefix,2,28099196,31.71,0
a16mix1.a16,postfix,2,28306433,26.47,0
a16mix1.a8,prefix,2,28163223,20.59,0
a16mix1.a8,postfix,2,28291914,21.48,0
a16mix2.a16,prefix,2,30622120,22.99,0
a16mix2.a16,postfix,2,30707958,22.88,0
a16mix2.a8,prefix,2,30622891,22.21,0
a16mix2.a8,postfix,2,30776393,20.80,0
a16mixfold.a16,prefix,2,18918707,15.71,0
a16mixfold.a16,postfix,2,18863594,16.93,0
a16mixfold.a8,prefix,2,18859861,16.79,0
a16mixfold.a8,postfix,2,18861179,16.39,0
a16ptr.a16,prefix,2,14472282,14.27,0
a16ptr.a16,postfix,2,14509638,15.39,0
a16ptr.a8,prefix,2,14439990,15.80,0
a16ptr.a8,postfix,2,14515337,15.91,0
a16regpress.a16,prefix,2,24156432,29.85,0
a16regpress.a16,postfix,2,24272107,18.70,0
a16regpress.a8,prefix,2,24223828,19.14,0
a16regpress.a8,postfix,2,24285253,18.83,0
a16ret.a16,prefix,2,21833199,17.35,0
a16ret.a16,postfix,2,21667261,18.02,0
a16ret.a8,prefix,2,21801922,17.49,0
a16ret.a8,postfix,2,21827153,18.40,0
a16s32.a16,prefix,2,91862673,38.18,0
a16s32.a16,postfix,2,93406716,36.46,0
a16s32.a8,prefix,2,91801179,39.49,0
a16s32.a8,postfix,2,93385695,39.67,0
a16scavnz.a16,prefix,2,31414899,22.41,0
a16scavnz.a16,postfix,2,31837677,20.94,0
a16scavnz.a8,prefix,2,31536880,23.26,0
a16scavnz.a8,postfix,2,31909323,21.98,0
a16scmp.a16,prefix,2,20396296,17.76,0
a16scmp.a16,postfix,2,20456000,17.40,0
a16scmp.a8,prefix,2,20435226,16.43,0
a16scmp.a8,postfix,2,20395810,16.94,0
a16shift.a16,prefix,2,15289899,14.93,0
a16shift.a16,postfix,2,15302795,15.11,0
a16shift.a8,prefix,2,15275843,14.92,0
a16shift.a8,postfix,2,15259099,15.53,0
a16spill.a16,prefix,2,22677583,21.99,0
a16spill.a16,postfix,2,22792856,18.18,0
a16spill.a8,prefix,2,22725595,19.76,0
a16spill.a8,postfix,2,22740487,20.89,0
a16spillr.a16,prefix,2,27054511,20.14,0
a16spillr.a16,postfix,2,27231200,21.95,0
a16spillr.a8,prefix,2,27002044,20.52,0
a16spillr.a8,postfix,2,27175378,21.75,0
a16sub.a16,prefix,2,14227204,14.62,0
a16sub.a16,postfix,2,14183515,14.44,0
a16sub.a8,prefix,2,14165164,14.65,0
a16sub.a8,postfix,2,14128485,14.71,0
a16sunfold.a16,prefix,2,18543708,16.75,0
a16sunfold.a16,postfix,2,18586595,16.21,0
a16sunfold.a8,prefix,2,18615831,17.48,0
a16sunfold.a8,postfix,2,18573478,16.01,0
a16thread.a16,prefix,2,19032347,16.92,0
a16thread.a16,postfix,2,18981508,17.39,0
a16thread.a8,prefix,2,18983016,16.49,0
a16thread.a8,postfix,2,19011177,16.42,0
absdiff-probe.a16,prefix,2,37095076,24.53,0
absdiff-probe.a16,postfix,2,37204004,23.45,0
absdiff-probe.a8,prefix,2,37183571,24.12,0
absdiff-probe.a8,postfix,2,37364866,22.58,0
asmisland-probe.a16,prefix,2,29003285,21.84,0
asmisland-probe.a16,postfix,2,29179049,21.64,0
asmisland-probe.a8,prefix,2,29024961,21.13,0
asmisland-probe.a8,postfix,2,29151860,21.25,0
bitboard64-probe.a16,prefix,2,217244882,73.86,0
bitboard64-probe.a16,postfix,2,217434954,73.19,0
bitboard64-probe.a8,prefix,2,217083687,74.50,0
bitboard64-probe.a8,postfix,2,216788694,73.03,0
crt0native.a16,prefix,2,13628136,15.55,0
crt0native.a16,postfix,2,13596319,14.70,0
crt0native.a8,prefix,2,13624836,14.73,0
crt0native.a8,postfix,2,13724408,14.39,0
far-bank1.a16,prefix,2,10337350,12.13,1
far-bank1.a16,postfix,2,10273659,12.04,1
far-bank1.a8,prefix,2,10281852,12.00,1
far-bank1.a8,postfix,2,10300824,12.26,1
far-deref.a16,prefix,2,11749840,12.34,1
far-deref.a16,postfix,2,11783519,12.40,1
far-deref.a8,prefix,2,11622744,13.55,1
far-deref.a8,postfix,2,11682450,13.08,1
far-run.a16,prefix,2,10407701,11.76,1
far-run.a16,postfix,2,10271311,12.63,1
far-run.a8,prefix,2,10318416,12.05,1
far-run.a8,postfix,2,10308588,12.37,1
far_arith.a16,prefix,2,10447736,13.49,1
far_arith.a16,postfix,2,10504947,12.43,1
far_arith.a8,prefix,2,10488657,12.60,1
far_arith.a8,postfix,2,10466330,12.71,1
far_call.a16,prefix,2,16328080,14.65,0
far_call.a16,postfix,2,16320463,17.70,0
far_call.a8,prefix,2,16344542,20.35,0
far_call.a8,postfix,2,16267445,18.87,0
far_cast.a16,prefix,2,10411131,13.91,1
far_cast.a16,postfix,2,10384439,12.63,1
far_cast.a8,prefix,2,10356380,12.12,1
far_cast.a8,postfix,2,10364758,12.64,1
far_fnptr.a16,prefix,2,11670752,13.22,1
far_fnptr.a16,postfix,2,11636423,13.42,1
far_fnptr.a8,prefix,2,11614509,14.95,1
far_fnptr.a8,postfix,2,11670169,15.48,1
far_indir.a16,prefix,2,10483000,16.73,1
far_indir.a16,postfix,2,10497927,13.26,1
far_indir.a8,prefix,2,10515897,14.25,1
far_indir.a8,postfix,2,10530329,14.21,1
far_indir_tail.a16,prefix,2,11790834,12.85,1
far_indir_tail.a16,postfix,2,11772093,12.66,1
far_indir_tail.a8,prefix,2,11753974,12.39,1
far_indir_tail.a8,postfix,2,11753693,12.70,1
far_loop.a16,prefix,2,13021863,13.86,1
far_loop.a16,postfix,2,13049977,15.01,1
far_loop.a8,prefix,2,13005768,14.89,1
far_loop.a8,postfix,2,13015188,14.20,1
far_memops.a16,prefix,2,12939592,14.05,1
far_memops.a16,postfix,2,12995541,14.28,1
far_memops.a8,prefix,2,13002954,14.35,1
far_memops.a8,postfix,2,12944603,15.96,1
far_memset.a16,prefix,2,11389892,13.57,1
far_memset.a16,postfix,2,11377485,13.25,1
far_memset.a8,prefix,2,11338254,13.42,1
far_memset.a8,postfix,2,11369043,12.97,1
far_near_call.a16,prefix,2,21856619,18.65,0
far_near_call.a16,postfix,2,21835382,20.61,0
far_near_call.a8,prefix,2,21842785,16.92,0
far_near_call.a8,postfix,2,22119361,17.63,0
far_sizeof.a16,prefix,2,10568797,12.63,1
far_sizeof.a16,postfix,2,10559981,12.55,1
far_sizeof.a8,prefix,2,10516359,12.63,1
far_sizeof.a8,postfix,2,10574289,12.27,1
far_store.a16,prefix,2,10454193,12.86,1
far_store.a16,postfix,2,10437742,12.34,1
far_store.a8,prefix,2,10442293,12.92,1
far_store.a8,postfix,2,10465878,12.95,1
far_tail.a16,prefix,2,26090550,19.92,0
far_tail.a16,postfix,2,25974429,18.59,0
far_tail.a8,prefix,2,26084907,18.75,0
far_tail.a8,postfix,2,25874057,18.05,0
farcc_bench.a16,prefix,2,12668576,15.86,1
farcc_bench.a16,postfix,2,12597483,16.83,1
farcc_bench.a8,prefix,2,12593230,16.20,1
farcc_bench.a8,postfix,2,12688176,13.37,1
farcc_imag32.a16,prefix,2,12277824,13.32,1
farcc_imag32.a16,postfix,2,12283019,14.85,1
farcc_imag32.a8,prefix,2,12299339,13.62,1
farcc_imag32.a8,postfix,2,12254213,14.73,1
farindex.a16,prefix,2,11221400,13.39,1
farindex.a16,postfix,2,11179952,12.89,1
farindex.a8,prefix,2,11177230,13.98,1
farindex.a8,postfix,2,11242030,14.57,1
farptrcmp-natural.a16,prefix,2,10701750,12.87,1
farptrcmp-natural.a16,postfix,2,10634081,12.21,1
farptrcmp-natural.a8,prefix,2,10628358,12.21,1
farptrcmp-natural.a8,postfix,2,10645919,12.29,1
farspill-probe.a16,prefix,2,17713710,19.62,1
farspill-probe.a16,postfix,2,17689849,15.60,1
farspill-probe.a8,prefix,2,17755190,15.78,1
farspill-probe.a8,postfix,2,17659238,15.71,1
frameabi_a0.a16,prefix,2,13592800,14.40,0
frameabi_a0.a16,postfix,2,13590923,14.48,0
frameabi_a0.a8,prefix,2,13557118,15.91,0
frameabi_a0.a8,postfix,2,13542488,14.72,0
frameabi_heavy.a16,prefix,2,59970164,31.73,0
frameabi_heavy.a16,postfix,2,60004912,32.12,0
frameabi_heavy.a8,prefix,2,59877114,34.54,0
frameabi_heavy.a8,postfix,2,60000134,30.38,0
k_bits.a16,prefix,2,22776840,19.64,0
k_bits.a16,postfix,2,22814523,19.38,0
k_bits.a8,prefix,2,22762707,18.32,0
k_bits.a8,postfix,2,22792220,19.60,0
k_blossom_far.a16,prefix,2,14437033,14.69,1
k_blossom_far.a16,postfix,2,14492305,14.87,1
k_blossom_far.a8,prefix,2,14403950,13.84,1
k_blossom_far.a8,postfix,2,14418039,14.81,1
k_buddha_far.a16,prefix,2,13541522,15.21,1
k_buddha_far.a16,postfix,2,13657112,13.95,1
k_buddha_far.a8,prefix,2,13524680,15.48,1
k_buddha_far.a8,postfix,2,13498946,15.25,1
k_crc16.a16,prefix,2,17802948,17.31,0
k_crc16.a16,postfix,2,17827433,17.04,0
k_crc16.a8,prefix,2,17745200,18.27,0
k_crc16.a8,postfix,2,17757272,17.60,0
k_fxmul.a16,prefix,2,17658423,16.70,0
k_fxmul.a16,postfix,2,17709224,16.47,0
k_fxmul.a8,prefix,2,17728175,17.27,0
k_fxmul.a8,postfix,2,17710952,17.39,0
k_hopalong.a16,prefix,2,38206411,24.85,0
k_hopalong.a16,postfix,2,38493940,23.30,0
k_hopalong.a8,prefix,2,38216289,23.65,0
k_hopalong.a8,postfix,2,38469810,24.24,0
k_isort.a16,prefix,2,38450436,24.02,0
k_isort.a16,postfix,2,38848125,25.67,0
k_isort.a8,prefix,2,38406696,24.86,0
k_isort.a8,postfix,2,38768241,25.24,0
k_mandel.a16,prefix,2,49693970,29.31,0
k_mandel.a16,postfix,2,50111794,28.61,0
k_mandel.a8,prefix,2,49645707,27.54,0
k_mandel.a8,postfix,2,50084163,30.33,0
k_mandel_far.a16,prefix,2,15948014,14.92,1
k_mandel_far.a16,postfix,2,16005884,15.27,1
k_mandel_far.a8,prefix,2,15890399,15.75,1
k_mandel_far.a8,postfix,2,15944257,16.14,1
k_prng.a16,prefix,2,20005602,17.83,0
k_prng.a16,postfix,2,20028241,17.21,0
k_prng.a8,prefix,2,20036438,18.00,0
k_prng.a8,postfix,2,19961161,17.02,0
k_satadd.a16,prefix,2,17041854,16.66,0
k_satadd.a16,postfix,2,17056476,17.31,0
k_satadd.a8,prefix,2,17005587,18.14,0
k_satadd.a8,postfix,2,17018789,17.36,0
k_trig16.a16,prefix,2,300345330,94.51,0
k_trig16.a16,postfix,2,307219939,96.38,0
k_trig16.a8,prefix,2,300016147,94.90,0
k_trig16.a8,postfix,2,307200158,101.55,0
k_trig16x.a16,prefix,2,464735040,160.35,134
k_trig16x.a16,postfix,2,464628076,164.69,134
k_trig16x.a8,prefix,2,464720434,169.59,134
k_trig16x.a8,postfix,2,464666378,168.68,134
k_trig32.a16,prefix,2,75586255,32.62,0
k_trig32.a16,postfix,2,75884127,31.94,0
k_trig32.a8,prefix,2,75554610,32.14,0
k_trig32.a8,postfix,2,75870677,34.06,0
legalindexdom.a16,prefix,2,19612375,17.71,0
legalindexdom.a16,postfix,2,19762141,18.76,0
legalindexdom.a8,prefix,2,19629233,17.72,0
legalindexdom.a8,postfix,2,19736831,18.60,0
llabs64-probe.a16,prefix,2,37012164,23.66,0
llabs64-probe.a16,postfix,2,37255047,22.94,0
llabs64-probe.a8,prefix,2,37023250,22.44,0
llabs64-probe.a8,postfix,2,37135601,22.62,0
mixedwidth-probe.a16,prefix,2,37775394,23.83,0
mixedwidth-probe.a16,postfix,2,37625024,24.41,0
mixedwidth-probe.a8,prefix,2,38835450,27.28,0
mixedwidth-probe.a8,postfix,2,39030204,26.97,0
modethread-probe.a16,prefix,2,48381507,26.66,0
modethread-probe.a16,postfix,2,48797318,33.53,0
modethread-probe.a8,prefix,2,48307054,27.41,0
modethread-probe.a8,postfix,2,48776474,27.79,0
rcundef.a16,prefix,2,87927996,35.95,0
rcundef.a16,postfix,2,88998099,46.96,0
rcundef.a8,prefix,2,87845841,37.68,0
rcundef.a8,postfix,2,89001443,37.69,0
shift64seam-narrow.a16,prefix,2,16058002,16.07,0
shift64seam-narrow.a16,postfix,2,16071752,15.93,0
shift64seam-narrow.a8,prefix,2,16102255,15.80,0
shift64seam-narrow.a8,postfix,2,16165195,15.34,0
shift64seam-probe.a16,prefix,2,62628629,30.36,0
shift64seam-probe.a16,postfix,2,63018523,31.10,0
shift64seam-probe.a8,prefix,2,62762607,30.81,0
shift64seam-probe.a8,postfix,2,63038631,30.81,0
xy16-inplace-memmove-repro.a16,prefix,2,38350285,25.16,0
xy16-inplace-memmove-repro.a16,postfix,2,38836614,24.14,0
xy16-inplace-memmove-repro.a8,prefix,2,38370878,25.88,0
xy16-inplace-memmove-repro.a8,postfix,2,38840086,25.24,0
xy16basic.a16,prefix,2,13734344,14.73,0
xy16basic.a16,postfix,2,13738737,15.09,0
xy16basic.a8,prefix,2,13690856,14.44,0
xy16basic.a8,postfix,2,13740091,13.70,0
xy16call.a16,prefix,2,23030640,18.86,0
xy16call.a16,postfix,2,23028288,18.38,0
xy16call.a8,prefix,2,22881316,17.57,0
xy16call.a8,postfix,2,22949170,18.08,0
xy16indiry.a16,prefix,2,14400814,14.47,0
xy16indiry.a16,postfix,2,14440212,15.27,0
xy16indiry.a8,prefix,2,14440190,14.86,0
xy16indiry.a8,postfix,2,14391841,15.47,0
xy16ops.a16,prefix,2,14743384,14.89,0
xy16ops.a16,postfix,2,14742989,14.41,0
xy16ops.a8,prefix,2,14776631,15.05,0
xy16ops.a8,postfix,2,14717736,15.29,0
xy16spill.a16,prefix,2,20933716,18.09,0
xy16spill.a16,postfix,2,20949576,18.47,0
xy16spill.a8,prefix,2,20925048,18.15,0
xy16spill.a8,postfix,2,20930837,18.34,0
xy16spillr.a16,prefix,2,26960379,19.46,0
xy16spillr.a16,postfix,2,27239712,21.68,0
xy16spillr.a8,prefix,2,27005541,20.60,0
xy16spillr.a8,postfix,2,27237054,21.17,0
zerobank_probe.a16,prefix,2,11100484,13.13,1
zerobank_probe.a16,postfix,2,11039745,12.30,1
zerobank_probe.a8,prefix,2,11035295,13.03,1
zerobank_probe.a8,postfix,2,11031704,12.20,1
a16.a16,prefix,3,13707065,14.06,0
a16.a16,postfix,3,13710681,14.41,0
a16.a8,prefix,3,13719837,14.92,0
a16.a8,postfix,3,13678894,14.36,0
a16abs.a16,prefix,3,13634125,13.96,0
a16abs.a16,postfix,3,13651479,13.74,0
a16abs.a8,prefix,3,13648619,15.00,0
a16abs.a8,postfix,3,13613482,14.90,0
a16abscmp.a16,prefix,3,22613999,17.52,0
a16abscmp.a16,postfix,3,22744047,18.62,0
a16abscmp.a8,prefix,3,22565641,17.48,0
a16abscmp.a8,postfix,3,22811914,17.22,0
a16absidx.a16,prefix,3,13336160,14.42,0
a16absidx.a16,postfix,3,13259467,14.12,0
a16absidx.a8,prefix,3,13252546,14.13,0
a16absidx.a8,postfix,3,13295889,14.20,0
a16add.a16,prefix,3,14047014,14.36,0
a16add.a16,postfix,3,14068154,15.29,0
a16add.a8,prefix,3,14024908,14.54,0
a16add.a8,postfix,3,13993867,14.52,0
a16ashift.a16,prefix,3,14642245,15.12,0
a16ashift.a16,postfix,3,14667047,14.63,0
a16ashift.a8,prefix,3,14666166,14.30,0
a16ashift.a8,postfix,3,14698773,15.36,0
a16ashift8.a16,prefix,3,21622522,17.62,0
a16ashift8.a16,postfix,3,21758711,16.99,0
a16ashift8.a8,prefix,3,21643147,17.77,0
a16ashift8.a8,postfix,3,21764103,17.36,0
a16bit.a16,prefix,3,15638937,15.46,0
a16bit.a16,postfix,3,15621551,15.31,0
a16bit.a8,prefix,3,15626565,15.42,0
a16bit.a8,postfix,3,15617197,14.56,0
a16bitchain.a16,prefix,3,19303950,16.22,0
a16bitchain.a16,postfix,3,19303503,17.01,0
a16bitchain.a8,prefix,3,19248152,16.27,0
a16bitchain.a8,postfix,3,19269376,16.67,0
a16call.a16,prefix,3,18532147,16.11,0
a16call.a16,postfix,3,18549239,16.64,0
a16call.a8,prefix,3,18409278,17.16,0
a16call.a8,postfix,3,18490048,16.47,0
a16chain.a16,prefix,3,14825771,14.67,0
a16chain.a16,postfix,3,14785807,14.80,0
a16chain.a8,prefix,3,14789623,15.35,0
a16chain.a8,postfix,3,14811985,14.72,0
a16chainimm.a16,prefix,3,18441553,15.65,0
a16chainimm.a16,postfix,3,18480914,16.43,0
a16chainimm.a8,prefix,3,18440643,16.11,0
a16chainimm.a8,postfix,3,18499383,15.92,0
a16chainld.a16,prefix,3,15592517,14.45,0
a16chainld.a16,postfix,3,15534825,15.33,0
a16chainld.a8,prefix,3,15598754,16.29,0
a16chainld.a8,postfix,3,15569984,15.05,0
a16cmp.a16,prefix,3,23199096,18.66,0
a16cmp.a16,postfix,3,23289787,18.75,0
a16cmp.a8,prefix,3,23193694,17.09,0
a16cmp.a8,postfix,3,23249104,18.20,0
a16cmpaudit.a16,prefix,3,672808010,178.37,0
a16cmpaudit.a16,postfix,3,683024324,185.88,0
a16cmpaudit.a8,prefix,3,673217645,194.52,0
a16cmpaudit.a8,postfix,3,682569172,193.00,0
a16cmpidx.a16,prefix,3,40260816,26.81,0
a16cmpidx.a16,postfix,3,40694747,23.49,0
a16cmpidx.a8,prefix,3,40184684,23.84,0
a16cmpidx.a8,postfix,3,40649197,22.84,0
a16copy.a16,prefix,3,14339652,14.28,0
a16copy.a16,postfix,3,14289699,15.10,0
a16copy.a8,prefix,3,14331905,15.25,0
a16copy.a8,postfix,3,14259170,14.49,0
a16eq.a16,prefix,3,18080220,16.55,0
a16eq.a16,postfix,3,18086175,16.79,0
a16eq.a8,prefix,3,18101227,17.66,0
a16eq.a8,postfix,3,18167589,19.01,0
a16eqval.a16,prefix,3,17825173,17.13,0
a16eqval.a16,postfix,3,17930001,17.15,0
a16eqval.a8,prefix,3,17840352,16.56,0
a16eqval.a8,postfix,3,17939509,15.71,0
a16eqvalc.a16,prefix,3,20019810,17.29,0
a16eqvalc.a16,postfix,3,20041456,17.32,0
a16eqvalc.a8,prefix,3,19898492,17.25,0
a16eqvalc.a8,postfix,3,19915480,17.16,0
a16eqvalg.a16,prefix,3,22719339,17.57,0
a16eqvalg.a16,postfix,3,22869980,18.14,0
a16eqvalg.a8,prefix,3,22637980,17.75,0
a16eqvalg.a8,postfix,3,22721609,16.97,0
a16eqvalmg.a16,prefix,3,20357098,17.48,0
a16eqvalmg.a16,postfix,3,20453136,17.94,0
a16eqvalmg.a8,prefix,3,20301803,16.89,0
a16eqvalmg.a8,postfix,3,20393139,18.33,0
a16eqvalp.a16,prefix,3,19772548,17.53,0
a16eqvalp.a16,postfix,3,19779029,16.73,0
a16eqvalp.a8,prefix,3,19715761,17.01,0
a16eqvalp.a8,postfix,3,19790956,17.77,0
a16eqvalz.a16,prefix,3,15196431,14.99,0
a16eqvalz.a16,postfix,3,15198722,15.46,0
a16eqvalz.a8,prefix,3,15092774,16.17,0
a16eqvalz.a8,postfix,3,15123037,15.11,0
a16frameidx.a16,prefix,3,33080269,22.52,0
a16frameidx.a16,postfix,3,33129914,22.13,0
a16frameidx.a8,prefix,3,33102699,21.22,0
a16frameidx.a8,postfix,3,33025669,22.21,0
a16imm.a16,prefix,3,15241591,14.88,0
a16imm.a16,postfix,3,15197048,16.45,0
a16imm.a8,prefix,3,15164159,15.92,0
a16imm.a8,postfix,3,15163227,15.35,0
a16incabs.a16,prefix,3,16772020,15.75,0
a16incabs.a16,postfix,3,16855248,15.53,0
a16incabs.a8,prefix,3,16855840,16.08,0
a16incabs.a8,postfix,3,16839668,15.19,0
a16incdec.a16,prefix,3,18036403,15.54,0
a16incdec.a16,postfix,3,18079010,15.36,0
a16incdec.a8,prefix,3,18025693,15.80,0
a16incdec.a8,postfix,3,18014589,16.50,0
a16indirdst.a16,prefix,3,13796623,13.74,0
a16indirdst.a16,postfix,3,13817734,15.35,0
a16indirdst.a8,prefix,3,13791210,14.16,0
a16indirdst.a8,postfix,3,13727709,14.46,0
a16indiry.a16,prefix,3,14356263,15.32,0
a16indiry.a16,postfix,3,14461653,14.73,0
a16indiry.a8,prefix,3,14404852,15.08,0
a16indiry.a8,postfix,3,14398869,15.11,0
a16isr.a16,prefix,3,16366258,15.50,0
a16isr.a16,postfix,3,16318068,17.28,0
a16isr.a8,prefix,3,16310772,15.13,0
a16isr.a8,postfix,3,16362325,14.95,0
a16loadcall.a16,prefix,3,32256231,21.53,0
a16loadcall.a16,postfix,3,32329905,21.04,0
a16loadcall.a8,prefix,3,32636702,22.08,0
a16loadcall.a8,postfix,3,32627241,26.25,0
a16loadfold.a16,prefix,3,14228071,14.90,0
a16loadfold.a16,postfix,3,14171121,14.49,0
a16loadfold.a8,prefix,3,14172034,20.89,0
a16loadfold.a8,postfix,3,14206071,15.78,0
a16local.a16,prefix,3,14221129,17.17,0
a16local.a16,postfix,3,14254771,14.36,0
a16local.a8,prefix,3,14228012,17.33,0
a16local.a8,postfix,3,14167996,15.75,0
a16localbit.a16,prefix,3,15582364,16.22,0
a16localbit.a16,postfix,3,15687255,16.60,0
a16localbit.a8,prefix,3,15594698,15.82,0
a16localbit.a8,postfix,3,15543137,14.91,0
a16localimm.a16,prefix,3,13951062,14.18,0
a16localimm.a16,postfix,3,13983917,14.66,0
a16localimm.a8,prefix,3,13967074,14.66,0
a16localimm.a8,postfix,3,13989542,14.24,0
a16localsub.a16,prefix,3,14217003,15.36,0
a16localsub.a16,postfix,3,14270116,15.29,0
a16localsub.a8,prefix,3,14222064,14.91,0
a16localsub.a8,postfix,3,14224018,21.46,0
a16localx.a16,prefix,3,17722027,15.84,0
a16localx.a16,postfix,3,17776751,16.49,0
a16localx.a8,prefix,3,17708690,16.36,0
a16localx.a8,postfix,3,17711737,15.81,0
a16loop.a16,prefix,3,15837413,15.58,0
a16loop.a16,postfix,3,15905176,15.31,0
a16loop.a8,prefix,3,15779662,15.12,0
a16loop.a8,postfix,3,15831884,15.37,0
a16loopred.a16,prefix,3,14450388,15.82,0
a16loopred.a16,postfix,3,14488378,14.13,0
a16loopred.a8,prefix,3,14467577,15.66,0
a16loopred.a8,postfix,3,14490593,15.25,0
a16mix1.a16,prefix,3,28133370,20.22,0
a16mix1.a16,postfix,3,28389295,20.35,0
a16mix1.a8,prefix,3,28133093,21.70,0
a16mix1.a8,postfix,3,28302787,20.56,0
a16mix2.a16,prefix,3,30778146,21.94,0
a16mix2.a16,postfix,3,30763616,21.52,0
a16mix2.a8,prefix,3,30610408,22.23,0
a16mix2.a8,postfix,3,30809622,21.75,0
a16mixfold.a16,prefix,3,18877622,16.81,0
a16mixfold.a16,postfix,3,18916809,18.18,0
a16mixfold.a8,prefix,3,18883532,16.22,0
a16mixfold.a8,postfix,3,18903637,17.18,0
a16ptr.a16,prefix,3,14451818,14.03,0
a16ptr.a16,postfix,3,14420455,15.47,0
a16ptr.a8,prefix,3,14415718,15.55,0
a16ptr.a8,postfix,3,14416728,16.42,0
a16regpress.a16,prefix,3,24202712,21.46,0
a16regpress.a16,postfix,3,24257481,20.24,0
a16regpress.a8,prefix,3,24217234,19.81,0
a16regpress.a8,postfix,3,24302033,18.78,0
a16ret.a16,prefix,3,21778888,16.40,0
a16ret.a16,postfix,3,21824131,18.08,0
a16ret.a8,prefix,3,21728703,17.13,0
a16ret.a8,postfix,3,21864524,17.37,0
a16s32.a16,prefix,3,91885774,35.94,0
a16s32.a16,postfix,3,93441760,37.09,0
a16s32.a8,prefix,3,91782722,36.39,0
a16s32.a8,postfix,3,93487576,37.82,0
a16scavnz.a16,prefix,3,31574239,20.48,0
a16scavnz.a16,postfix,3,31971457,22.03,0
a16scavnz.a8,prefix,3,31475561,22.08,0
a16scavnz.a8,postfix,3,31921238,22.03,0
a16scmp.a16,prefix,3,20455446,17.95,0
a16scmp.a16,postfix,3,20504108,16.73,0
a16scmp.a8,prefix,3,20434656,17.33,0
a16scmp.a8,postfix,3,20437346,16.64,0
a16shift.a16,prefix,3,15314675,14.99,0
a16shift.a16,postfix,3,15296269,14.39,0
a16shift.a8,prefix,3,15255486,15.12,0
a16shift.a8,postfix,3,15277377,16.31,0
a16spill.a16,prefix,3,22658263,18.17,0
a16spill.a16,postfix,3,22739842,18.40,0
a16spill.a8,prefix,3,22573146,18.14,0
a16spill.a8,postfix,3,22724030,18.21,0
a16spillr.a16,prefix,3,27029285,21.48,0
a16spillr.a16,postfix,3,27281497,19.87,0
a16spillr.a8,prefix,3,27108240,21.65,0
a16spillr.a8,postfix,3,27275911,20.41,0
a16sub.a16,prefix,3,14235804,14.10,0
a16sub.a16,postfix,3,14117648,14.53,0
a16sub.a8,prefix,3,14169491,14.64,0
a16sub.a8,postfix,3,14150920,14.66,0
a16sunfold.a16,prefix,3,18635632,15.52,0
a16sunfold.a16,postfix,3,18598230,15.70,0
a16sunfold.a8,prefix,3,18522354,16.55,0
a16sunfold.a8,postfix,3,18593518,16.71,0
a16thread.a16,prefix,3,19065851,16.60,0
a16thread.a16,postfix,3,19048212,15.91,0
a16thread.a8,prefix,3,18961342,15.75,0
a16thread.a8,postfix,3,18999632,17.41,0
absdiff-probe.a16,prefix,3,37140053,24.05,0
absdiff-probe.a16,postfix,3,37146565,23.26,0
absdiff-probe.a8,prefix,3,37113910,22.87,0
absdiff-probe.a8,postfix,3,37128719,21.88,0
asmisland-probe.a16,prefix,3,29097260,21.49,0
asmisland-probe.a16,postfix,3,29109920,20.85,0
asmisland-probe.a8,prefix,3,29070783,20.39,0
asmisland-probe.a8,postfix,3,29066557,20.73,0
bitboard64-probe.a16,prefix,3,216905372,72.68,0
bitboard64-probe.a16,postfix,3,217127581,71.43,0
bitboard64-probe.a8,prefix,3,217032513,76.11,0
bitboard64-probe.a8,postfix,3,217280419,71.42,0
crt0native.a16,prefix,3,13703971,13.89,0
crt0native.a16,postfix,3,13623585,15.01,0
crt0native.a8,prefix,3,13616722,14.38,0
crt0native.a8,postfix,3,13675157,13.76,0
far-bank1.a16,prefix,3,10292648,12.35,1
far-bank1.a16,postfix,3,10293631,11.79,1
far-bank1.a8,prefix,3,10268662,11.96,1
far-bank1.a8,postfix,3,10375167,12.38,1
far-deref.a16,prefix,3,11729699,12.37,1
far-deref.a16,postfix,3,11716968,12.42,1
far-deref.a8,prefix,3,11721573,12.70,1
far-deref.a8,postfix,3,11704415,12.67,1
far-run.a16,prefix,3,10334668,11.71,1
far-run.a16,postfix,3,10295299,11.92,1
far-run.a8,prefix,3,10308670,12.29,1
far-run.a8,postfix,3,10324989,13.27,1
far_arith.a16,prefix,3,10527090,12.32,1
far_arith.a16,postfix,3,10510759,11.69,1
far_arith.a8,prefix,3,10424258,12.38,1
far_arith.a8,postfix,3,10418329,12.38,1
far_call.a16,prefix,3,16312180,15.27,0
far_call.a16,postfix,3,16246188,15.31,0
far_call.a8,prefix,3,16308349,14.92,0
far_call.a8,postfix,3,16329088,15.25,0
far_cast.a16,prefix,3,10397352,12.70,1
far_cast.a16,postfix,3,10486293,12.36,1
far_cast.a8,prefix,3,10489747,13.12,1
far_cast.a8,postfix,3,10362913,11.80,1
far_fnptr.a16,prefix,3,11640550,13.15,1
far_fnptr.a16,postfix,3,11664226,12.39,1
far_fnptr.a8,prefix,3,11605354,13.24,1
far_fnptr.a8,postfix,3,11636228,12.91,1
far_indir.a16,prefix,3,10523471,12.85,1
far_indir.a16,postfix,3,10589571,12.21,1
far_indir.a8,prefix,3,10440143,12.34,1
far_indir.a8,postfix,3,10538764,12.27,1
far_indir_tail.a16,prefix,3,11761250,13.35,1
far_indir_tail.a16,postfix,3,11799416,11.99,1
far_indir_tail.a8,prefix,3,11704919,12.49,1
far_indir_tail.a8,postfix,3,11770276,12.63,1
far_loop.a16,prefix,3,13036533,13.98,1
far_loop.a16,postfix,3,12995776,14.06,1
far_loop.a8,prefix,3,13022666,13.63,1
far_loop.a8,postfix,3,13005863,14.23,1
far_memops.a16,prefix,3,12997436,14.42,1
far_memops.a16,postfix,3,13009609,15.70,1
far_memops.a8,prefix,3,12981469,15.06,1
far_memops.a8,postfix,3,12918483,14.05,1
far_memset.a16,prefix,3,11449409,13.19,1
far_memset.a16,postfix,3,11355892,13.38,1
far_memset.a8,prefix,3,11388856,13.64,1
far_memset.a8,postfix,3,11369106,14.33,1
far_near_call.a16,prefix,3,21891950,18.49,0
far_near_call.a16,postfix,3,22130190,17.61,0
far_near_call.a8,prefix,3,21863371,16.93,0
far_near_call.a8,postfix,3,21876994,17.18,0
far_sizeof.a16,prefix,3,10598927,11.77,1
far_sizeof.a16,postfix,3,10564189,12.04,1
far_sizeof.a8,prefix,3,10562581,12.20,1
far_sizeof.a8,postfix,3,10544901,14.16,1
far_store.a16,prefix,3,10503585,12.68,1
far_store.a16,postfix,3,10455495,13.64,1
far_store.a8,prefix,3,10474713,13.42,1
far_store.a8,postfix,3,10419436,19.82,1
far_tail.a16,prefix,3,26137762,32.01,0
far_tail.a16,postfix,3,26126710,21.22,0
far_tail.a8,prefix,3,26175993,21.33,0
far_tail.a8,postfix,3,26169649,18.14,0
farcc_bench.a16,prefix,3,12581948,13.61,1
farcc_bench.a16,postfix,3,12616500,15.22,1
farcc_bench.a8,prefix,3,12604870,13.63,1
farcc_bench.a8,postfix,3,12538912,13.94,1
farcc_imag32.a16,prefix,3,12296588,13.71,1
farcc_imag32.a16,postfix,3,12314100,14.59,1
farcc_imag32.a8,prefix,3,12216286,14.10,1
farcc_imag32.a8,postfix,3,12236067,13.57,1
farindex.a16,prefix,3,11201060,12.10,1
farindex.a16,postfix,3,11192357,12.63,1
farindex.a8,prefix,3,11170475,12.64,1
farindex.a8,postfix,3,11132551,13.23,1
farptrcmp-natural.a16,prefix,3,10642158,12.31,1
farptrcmp-natural.a16,postfix,3,10705019,12.67,1
farptrcmp-natural.a8,prefix,3,10673146,12.49,1
farptrcmp-natural.a8,postfix,3,10648682,12.31,1
farspill-probe.a16,prefix,3,17683173,17.77,1
farspill-probe.a16,postfix,3,17731628,16.17,1
farspill-probe.a8,prefix,3,17681384,15.29,1
farspill-probe.a8,postfix,3,17669284,15.90,1
frameabi_a0.a16,prefix,3,13538179,14.22,0
frameabi_a0.a16,postfix,3,13604160,13.99,0
frameabi_a0.a8,prefix,3,13580086,14.41,0
frameabi_a0.a8,postfix,3,13595625,15.36,0
frameabi_heavy.a16,prefix,3,59995636,31.23,0
frameabi_heavy.a16,postfix,3,60101651,31.67,0
frameabi_heavy.a8,prefix,3,60015842,32.52,0
frameabi_heavy.a8,postfix,3,60016160,30.49,0
k_bits.a16,prefix,3,22812645,19.64,0
k_bits.a16,postfix,3,22822567,19.99,0
k_bits.a8,prefix,3,22706598,18.52,0
k_bits.a8,postfix,3,22845710,19.23,0
k_blossom_far.a16,prefix,3,14456519,14.54,1
k_blossom_far.a16,postfix,3,14429020,14.19,1
k_blossom_far.a8,prefix,3,14427578,13.67,1
k_blossom_far.a8,postfix,3,14427261,14.28,1
k_buddha_far.a16,prefix,3,13529344,13.81,1
k_buddha_far.a16,postfix,3,13582889,14.25,1
k_buddha_far.a8,prefix,3,13451036,13.94,1
k_buddha_far.a8,postfix,3,13516886,14.27,1
k_crc16.a16,prefix,3,17798130,18.50,0
k_crc16.a16,postfix,3,17812170,16.17,0
k_crc16.a8,prefix,3,17724859,17.36,0
k_crc16.a8,postfix,3,17770591,16.48,0
k_fxmul.a16,prefix,3,17690977,18.58,0
k_fxmul.a16,postfix,3,17712292,16.90,0
k_fxmul.a8,prefix,3,17702949,16.46,0
k_fxmul.a8,postfix,3,17742147,17.37,0
k_hopalong.a16,prefix,3,38179433,23.51,0
k_hopalong.a16,postfix,3,38510591,24.00,0
k_hopalong.a8,prefix,3,38221971,23.63,0
k_hopalong.a8,postfix,3,38538730,24.09,0
k_isort.a16,prefix,3,38431530,25.63,0
k_isort.a16,postfix,3,38813012,24.77,0
k_isort.a8,prefix,3,38355866,25.03,0
k_isort.a8,postfix,3,38894616,25.12,0
k_mandel.a16,prefix,3,49704368,28.41,0
k_mandel.a16,postfix,3,50066573,29.24,0
k_mandel.a8,prefix,3,49589768,29.31,0
k_mandel.a8,postfix,3,49998817,28.06,0
k_mandel_far.a16,prefix,3,15948252,15.42,1
k_mandel_far.a16,postfix,3,15959726,15.13,1
k_mandel_far.a8,prefix,3,15927964,14.71,1
k_mandel_far.a8,postfix,3,15906020,14.96,1
k_prng.a16,prefix,3,20022101,17.74,0
k_prng.a16,postfix,3,20059686,17.38,0
k_prng.a8,prefix,3,20089261,16.87,0
k_prng.a8,postfix,3,20020762,19.54,0
k_satadd.a16,prefix,3,17064139,17.20,0
k_satadd.a16,postfix,3,17081047,16.10,0
k_satadd.a8,prefix,3,17082673,17.04,0
k_satadd.a8,postfix,3,17018284,16.74,0
k_trig16.a16,prefix,3,300100933,100.92,0
k_trig16.a16,postfix,3,307258787,98.27,0
k_trig16.a8,prefix,3,300049161,95.93,0
k_trig16.a8,postfix,3,307117416,94.77,0
k_trig16x.a16,prefix,3,464769720,159.07,134
k_trig16x.a16,postfix,3,464724746,167.17,134
k_trig16x.a8,prefix,3,464729592,162.59,134
k_trig16x.a8,postfix,3,464641599,169.32,134
k_trig32.a16,prefix,3,75599940,31.97,0
k_trig32.a16,postfix,3,75858553,31.92,0
k_trig32.a8,prefix,3,75548174,33.06,0
k_trig32.a8,postfix,3,75793704,33.62,0
legalindexdom.a16,prefix,3,19654264,17.33,0
legalindexdom.a16,postfix,3,19804521,16.99,0
legalindexdom.a8,prefix,3,19619403,17.33,0
legalindexdom.a8,postfix,3,19790848,18.31,0
llabs64-probe.a16,prefix,3,37027166,23.58,0
llabs64-probe.a16,postfix,3,37275555,22.86,0
llabs64-probe.a8,prefix,3,37050721,23.14,0
llabs64-probe.a8,postfix,3,37184339,23.32,0
mixedwidth-probe.a16,prefix,3,37529654,24.53,0
mixedwidth-probe.a16,postfix,3,37647165,23.33,0
mixedwidth-probe.a8,prefix,3,38814335,25.36,0
mixedwidth-probe.a8,postfix,3,38926700,25.03,0
modethread-probe.a16,prefix,3,48376628,26.74,0
modethread-probe.a16,postfix,3,48830655,29.03,0
modethread-probe.a8,prefix,3,48501353,27.16,0
modethread-probe.a8,postfix,3,48740654,27.46,0
rcundef.a16,prefix,3,87877309,35.48,0
rcundef.a16,postfix,3,88893082,35.88,0
rcundef.a8,prefix,3,87871142,35.83,0
rcundef.a8,postfix,3,88897670,36.46,0
shift64seam-narrow.a16,prefix,3,16129894,14.44,0
shift64seam-narrow.a16,postfix,3,16107546,15.03,0
shift64seam-narrow.a8,prefix,3,16104209,14.51,0
shift64seam-narrow.a8,postfix,3,16147516,15.18,0
shift64seam-probe.a16,prefix,3,62962105,30.64,0
shift64seam-probe.a16,postfix,3,63106906,29.29,0
shift64seam-probe.a8,prefix,3,62786009,36.01,0
shift64seam-probe.a8,postfix,3,62982726,28.88,0
xy16-inplace-memmove-repro.a16,prefix,3,38386995,23.71,0
xy16-inplace-memmove-repro.a16,postfix,3,38830577,25.88,0
xy16-inplace-memmove-repro.a8,prefix,3,38417405,24.38,0
xy16-inplace-memmove-repro.a8,postfix,3,38862091,25.82,0
xy16basic.a16,prefix,3,13727447,15.08,0
xy16basic.a16,postfix,3,13722998,14.66,0
xy16basic.a8,prefix,3,13715144,14.35,0
xy16basic.a8,postfix,3,13689115,14.38,0
xy16call.a16,prefix,3,23008467,17.98,0
xy16call.a16,postfix,3,22977287,18.12,0
xy16call.a8,prefix,3,22901210,18.52,0
xy16call.a8,postfix,3,22962146,17.93,0
xy16indiry.a16,prefix,3,14327135,15.68,0
xy16indiry.a16,postfix,3,14419431,14.57,0
xy16indiry.a8,prefix,3,14389413,14.94,0
xy16indiry.a8,postfix,3,14410743,14.52,0
xy16ops.a16,prefix,3,14698420,14.90,0
xy16ops.a16,postfix,3,14771755,14.91,0
xy16ops.a8,prefix,3,14760063,14.18,0
xy16ops.a8,postfix,3,14716183,14.67,0
xy16spill.a16,prefix,3,21010810,18.34,0
xy16spill.a16,postfix,3,20990482,18.86,0
xy16spill.a8,prefix,3,20832366,19.20,0
xy16spill.a8,postfix,3,20960976,17.91,0
xy16spillr.a16,prefix,3,26966124,20.88,0
xy16spillr.a16,postfix,3,27207373,20.20,0
xy16spillr.a8,prefix,3,27003107,21.48,0
xy16spillr.a8,postfix,3,27262767,20.24,0
zerobank_probe.a16,prefix,3,11063772,11.79,1
zerobank_probe.a16,postfix,3,11100685,12.29,1
zerobank_probe.a8,prefix,3,11030474,11.46,1
zerobank_probe.a8,postfix,3,11044283,11.77,1
k_trig16x.a16,prefix,L1,464739999,160.34,134
k_trig16x.a16,postfix,L1,464582560,166.44,134
k_trig16x.a16,prefix,L2,464568859,166.14,134
k_trig16x.a16,postfix,L2,464704722,169.19,134
k_trig16x.a16,prefix,L3,464932868,175.78,134
k_trig16x.a16,postfix,L3,464565358,168.78,134
k_trig16x.a16,prefix,L4,464465692,173.48,134
k_trig16x.a16,postfix,L4,464609913,176.82,134
k_trig16x.a16,prefix,L5,464572571,170.68,134
k_trig16x.a16,postfix,L5,464972516,162.45,134
k_trig16x.a16,prefix,L6,464725760,194.22,134
k_trig16x.a16,postfix,L6,464640239,163.61,134
k_trig16x.a16,prefix,L7,464696275,167.84,134
k_trig16x.a16,postfix,L7,464695720,182.53,134
k_trig16x.a16,prefix,L8,464981134,165.96,134
k_trig16x.a16,postfix,L8,464487028,170.30,134
k_trig16x.a16,prefix,L9,464722390,167.99,134
k_trig16x.a16,postfix,L9,464753866,176.24,134
k_trig16x.a16,prefix,L10,464739260,166.05,134
k_trig16x.a16,postfix,L10,464784162,176.61,134
k_trig16x.a8,prefix,L1,464091540,167.06,134
k_trig16x.a8,postfix,L1,464456146,165.17,134
k_trig16x.a8,prefix,L2,464660387,182.03,134
k_trig16x.a8,postfix,L2,464123051,164.94,134
k_trig16x.a8,prefix,L3,464349688,175.06,134
k_trig16x.a8,postfix,L3,464709102,170.09,134
k_trig16x.a8,prefix,L4,464328203,174.15,134
k_trig16x.a8,postfix,L4,464288341,169.35,134
k_trig16x.a8,prefix,L5,464767892,177.16,134
k_trig16x.a8,postfix,L5,464756117,167.96,134
k_trig16x.a8,prefix,L6,464735825,173.78,134
k_trig16x.a8,postfix,L6,464715648,187.64,134
k_trig16x.a8,prefix,L7,464649352,174.73,134
k_trig16x.a8,postfix,L7,464168140,187.28,134
k_trig16x.a8,prefix,L8,464170260,168.35,134
k_trig16x.a8,postfix,L8,464231731,163.96,134
k_trig16x.a8,prefix,L9,464480046,166.36,134
k_trig16x.a8,postfix,L9,464486542,172.63,134
k_trig16x.a8,prefix,L10,464703127,166.67,134
k_trig16x.a8,postfix,L10,464431988,168.12,134
k_trig16.a16,prefix,L1,299899695,100.62,0
k_trig16.a16,postfix,L1,307336508,102.61,0
k_trig16.a16,prefix,L2,300246399,96.21,0
k_trig16.a16,postfix,L2,307565851,112.87,0
k_trig16.a16,prefix,L3,300256671,108.73,0
k_trig16.a16,postfix,L3,307343922,127.58,0
k_trig16.a16,prefix,L4,299949172,98.79,0
k_trig16.a16,postfix,L4,307419628,100.01,0
k_trig16.a16,prefix,L5,300177284,114.79,0
k_trig16.a16,postfix,L5,307216494,101.99,0
k_trig16.a16,prefix,L6,300075774,96.11,0
k_trig16.a16,postfix,L6,307504396,100.97,0
k_trig16.a16,prefix,L7,300199905,102.74,0
k_trig16.a16,postfix,L7,307575967,94.93,0
k_trig16.a16,prefix,L8,300071704,94.83,0
k_trig16.a16,postfix,L8,307235175,94.06,0
k_trig16.a16,prefix,L9,300054256,92.99,0
k_trig16.a16,postfix,L9,307440754,98.35,0
k_trig16.a16,prefix,L10,300112430,97.80,0
k_trig16.a16,postfix,L10,307401082,105.03,0
k_trig16.a8,prefix,L1,300042082,97.27,0
k_trig16.a8,postfix,L1,307020278,96.46,0
k_trig16.a8,prefix,L2,300463637,98.01,0
k_trig16.a8,postfix,L2,307188548,98.14,0
k_trig16.a8,prefix,L3,300196149,98.82,0
k_trig16.a8,postfix,L3,307140483,102.46,0
k_trig16.a8,prefix,L4,300180690,98.80,0
k_trig16.a8,postfix,L4,307455269,95.09,0
k_trig16.a8,prefix,L5,300419707,93.21,0
k_trig16.a8,postfix,L5,307380615,94.75,0
k_trig16.a8,prefix,L6,299917094,95.13,0
k_trig16.a8,postfix,L6,307235982,101.33,0
k_trig16.a8,prefix,L7,299873046,95.76,0
k_trig16.a8,postfix,L7,307103928,97.25,0
k_trig16.a8,prefix,L8,300078067,92.87,0
k_trig16.a8,postfix,L8,307128124,93.20,0
k_trig16.a8,prefix,L9,300066378,94.79,0
k_trig16.a8,postfix,L9,307235578,100.64,0
k_trig16.a8,prefix,L10,300131682,95.25,0
k_trig16.a8,postfix,L10,307452079,97.14,0
a16cmpaudit.a16,prefix,L1,673735064,176.33,0
a16cmpaudit.a16,postfix,L1,683157591,182.84,0
a16cmpaudit.a16,prefix,L2,673515517,176.33,0
a16cmpaudit.a16,postfix,L2,683124622,175.91,0
a16cmpaudit.a16,prefix,L3,673296878,175.46,0
a16cmpaudit.a16,postfix,L3,683334391,181.22,0
a16cmpaudit.a16,prefix,L4,672895373,176.95,0
a16cmpaudit.a16,postfix,L4,683504350,180.13,0
a16cmpaudit.a16,prefix,L5,673642244,179.30,0
a16cmpaudit.a16,postfix,L5,682596720,178.66,0
a16cmpaudit.a16,prefix,L6,672776093,178.92,0
a16cmpaudit.a16,postfix,L6,683484924,179.37,0
a16cmpaudit.a16,prefix,L7,672798412,179.17,0
a16cmpaudit.a16,postfix,L7,682997220,180.24,0
a16cmpaudit.a16,prefix,L8,673464668,179.36,0
a16cmpaudit.a16,postfix,L8,682550222,177.32,0
a16cmpaudit.a16,prefix,L9,673389942,175.04,0
a16cmpaudit.a16,postfix,L9,682980001,178.03,0
a16cmpaudit.a16,prefix,L10,672938788,177.47,0
a16cmpaudit.a16,postfix,L10,683963737,175.94,0
a16cmpaudit.a8,prefix,L1,674092495,180.00,0
a16cmpaudit.a8,postfix,L1,683195326,185.79,0
a16cmpaudit.a8,prefix,L2,672946395,178.15,0
a16cmpaudit.a8,postfix,L2,683051961,179.50,0
a16cmpaudit.a8,prefix,L3,673550998,181.11,0
a16cmpaudit.a8,postfix,L3,683138798,204.88,0
a16cmpaudit.a8,prefix,L4,673614251,183.80,0
a16cmpaudit.a8,postfix,L4,683162300,176.76,0
a16cmpaudit.a8,prefix,L5,673157074,175.24,0
a16cmpaudit.a8,postfix,L5,682546456,186.52,0
a16cmpaudit.a8,prefix,L6,672767602,223.87,0
a16cmpaudit.a8,postfix,L6,682913886,192.14,0
a16cmpaudit.a8,prefix,L7,672924982,188.10,0
a16cmpaudit.a8,postfix,L7,683592449,180.97,0
a16cmpaudit.a8,prefix,L8,673014620,177.84,0
a16cmpaudit.a8,postfix,L8,683221771,175.83,0
a16cmpaudit.a8,prefix,L9,673769227,174.34,0
a16cmpaudit.a8,postfix,L9,683042286,181.94,0
a16cmpaudit.a8,prefix,L10,673566558,184.03,0
a16cmpaudit.a8,postfix,L10,683722224,178.77,0
