backtrack	0	31	1	0
bigbyval	0	33	1	0
bsearchviz	0	31	1	0
byvaledge	0	36	1	0
cardioid	0	32	1	0
dblbridge	0	93	1	0
dither	0	78	1	0
editdist	0	25	1	0
gf256	0	31	1	0
jt256	0	39	1	0
jtedge	0	32	1	0
jtsparse	0	32	1	0
keycmp64	0	26	1	0
life	0	26	1	0
lsystem	0	67	1	0
msquares	0	76	1	0
ovmove	0	28	1	0
packrec	0	27	1	0
percol	1	37	1	0
permscat	0	27	1	0
poolfx	0	24	1	0
rdiff	0	220	1	0
ropeedit	0	22	1	0
rotslab	0	26	1	0
sbitfld	0	27	1	0
scopeguard	0	21	1	0
sort-race	0	27	1	0
strcmprace	0	37	1	0
trimerge	0	27	1	0
truchet	0	33	1	0
turtle-vm	0	24	1	0
ucmprank	0	20	1	0
vlanest	0	27	1	0
vlastack	0	25	1	0
pi	0	21	1	0
