321-1	45bc97d89c6a603008894622970ee2524fef68e7	45bc97d89c6a603008894622970ee2524fef68e7	02a2de002570380ea33a356473d14d2ee296abc7
321-2	793da9041cd3366b7b55a40af04144847c868f97	793da9041cd3366b7b55a40af04144847c868f97	068a8d67a5f1d882a43bdaf3e86c82f9c0fce0e6
321-3	2d64d3c841ff42ebf814f78f86da767aaec279b1	2d64d3c841ff42ebf814f78f86da767aaec279b1	8182e78bb689991f7c1f5272eb50e84e2b1c6770
321-4	c5dfebbfbf55e974d067d7af148eb5da83a3bcd1	c5dfebbfbf55e974d067d7af148eb5da83a3bcd1	90455428fe7298e68a16d07e8610dfca98006c5f
321-5	8eb8a6534bdf5fe93d9eedd0dd4ff2aacc28c493	8eb8a6534bdf5fe93d9eedd0dd4ff2aacc28c493	c5023867fd40bee49d65b6de10e5d7e14e0edd0e
321-6	b86abf199cbb437fe0d463a64585fef2626f0b33	b86abf199cbb437fe0d463a64585fef2626f0b33	720fbb0f69f0ddeed6ddc7dc5ee1201f2c193945
321-7	ba6887cac12db842a3e47e3fd6ee9bee78c725c1	ba6887cac12db842a3e47e3fd6ee9bee78c725c1	679ae1edb1a81e47c7f3bb43042cd352682084a1
321-8	c6337b5af8783d19e2365314ab8b65e2320a2de4	c6337b5af8783d19e2365314ab8b65e2320a2de4	d609a7bbf1512b17858eed3f37a6849cd0086bc7
321-9	56e6c7f91e9e0a9254b1f0e682684e046d6893e1	56e6c7f91e9e0a9254b1f0e682684e046d6893e1	a24cc7d7fdb59fdba660080b000d65a6d028616d
321-10	a520448a2c7f3193f7d523c1e8dba53eae888011	a520448a2c7f3193f7d523c1e8dba53eae888011	487772f3a7d216008f09a271aeca7dd7b2e552a4
321-11	9b471aa8df068e251307d1632e3dec30969eb9fe	9b471aa8df068e251307d1632e3dec30969eb9fe	2abe9a13ca0aa96a2b0ce4ba9e9dc19bfcd64fe4
321-12	dca5870672e1a8ebf0293eb5c521eafad817fa6f	497db27604400f5961676dace699fefc5d1225bb	84debe54c9a8dd3f1589ce8f958b5ebe87f8c59e
321-13	ffd9bac7c8009f06030ddc2c84ba2f8333e99011	ef1fdd877206a81fa961da92b8cad45877a93be4	5d385b950627efd7dfc6120b0b1379c39d998f82
321-14	dc49bc8fc6c786559454af6168baadf542eaf238	a6718b6f6560a7070d518015443e188a5a65530a	15a3c8f6977335e7c8803678ee2ccb5f7e9f744d
321-15	c877f3b5eec358d1662d79f9e2ac92c725a5544a	8db2e8118a70bae7913cf959498f8210802703d8	cc770fd1d7986a21e0e526288452d5b3cc5a1b13
321-16	69cfc07c437dbda7fbc556845cb9096d04277cba	aa868b9525705f8612cd316a3e5c86d500b2bcc1	d6b87f6d2aa674b13cdb4eacccb8b9dbecd56bfe
320-1	951e67ab83b87b2cf5abd0b13a6d729d212fc42a	42785c3bef215c91d119b24a823375fb528ad5b9	977dba6a1e775827d63712d1620dd204ff7ba65d
320-2	be7ad3e18f95d4c011c883f9f257003c000bee32	df00169bd7b189b19ca9e271aaa3852fe2ef624b	4bea4d3abfa61485f48dda61cade5428cffea8d1
320-3	37cd77d9b50dae34340d55f7ee8934f21a151a28	36f196cbf1126d35f260bdeccd1dc986d484b596	7f24829afc99727ff53644457d9b71b27d33287f
320-4	f31c5512c31cbd9c168a333119a3b05efcd34281	1a616f08ea6774b220fd43e635e4edd9ae4e285f	f361927e32015977cbc5dad304262b30fa220ebb
mc-top	37c6238a571330fc895e4c7c798a2027304cabbd	25c40909b44aa7b9c908e844612d2eb4b6e36596	a3dd878ca83dd071cab9a72c8e5712d401f6e06b
