label	commit	tree	lit	llc_sha256_same_as_default_run	default_mos6502	default_mosw65816
321-01	45bc97d89c6a603008894622970ee2524fef68e7	02a2de002570380ea33a356473d14d2ee296abc7	PASS=134 UNSUPPORTED=1	yes	90 inputs (54 compile before), 90 identical, 0 asm differ, 0 object-only differ	90 inputs (78 compile before), 90 identical, 0 asm differ, 0 object-only differ
321-02	793da9041cd3366b7b55a40af04144847c868f97	068a8d67a5f1d882a43bdaf3e86c82f9c0fce0e6	PASS=135 UNSUPPORTED=1	yes	90 inputs (54 compile before), 90 identical, 0 asm differ, 0 object-only differ	90 inputs (78 compile before), 90 identical, 0 asm differ, 0 object-only differ
321-03	2d64d3c841ff42ebf814f78f86da767aaec279b1	8182e78bb689991f7c1f5272eb50e84e2b1c6770	PASS=137 UNSUPPORTED=1	yes	90 inputs (54 compile before), 90 identical, 0 asm differ, 0 object-only differ	90 inputs (78 compile before), 22 identical, 0 asm differ, 68 object-only differ
321-04	c5dfebbfbf55e974d067d7af148eb5da83a3bcd1	90455428fe7298e68a16d07e8610dfca98006c5f	PASS=139 UNSUPPORTED=1	yes	90 inputs (54 compile before), 90 identical, 0 asm differ, 0 object-only differ	90 inputs (78 compile before), 90 identical, 0 asm differ, 0 object-only differ
321-05	8eb8a6534bdf5fe93d9eedd0dd4ff2aacc28c493	c5023867fd40bee49d65b6de10e5d7e14e0edd0e	PASS=140 UNSUPPORTED=1	yes	90 inputs (54 compile before), 90 identical, 0 asm differ, 0 object-only differ	90 inputs (78 compile before), 90 identical, 0 asm differ, 0 object-only differ
321-06	b86abf199cbb437fe0d463a64585fef2626f0b33	720fbb0f69f0ddeed6ddc7dc5ee1201f2c193945	PASS=141 UNSUPPORTED=1	yes	90 inputs (54 compile before), 90 identical, 0 asm differ, 0 object-only differ	90 inputs (78 compile before), 90 identical, 0 asm differ, 0 object-only differ
321-07	ba6887cac12db842a3e47e3fd6ee9bee78c725c1	679ae1edb1a81e47c7f3bb43042cd352682084a1	PASS=142 UNSUPPORTED=1	yes	90 inputs (54 compile before), 90 identical, 0 asm differ, 0 object-only differ	90 inputs (78 compile before), 90 identical, 0 asm differ, 0 object-only differ
321-08	c6337b5af8783d19e2365314ab8b65e2320a2de4	d609a7bbf1512b17858eed3f37a6849cd0086bc7	PASS=144 UNSUPPORTED=1	yes	90 inputs (54 compile before), 90 identical, 0 asm differ, 0 object-only differ	90 inputs (78 compile before), 90 identical, 0 asm differ, 0 object-only differ
321-09	56e6c7f91e9e0a9254b1f0e682684e046d6893e1	a24cc7d7fdb59fdba660080b000d65a6d028616d	PASS=146 UNSUPPORTED=1	yes	90 inputs (54 compile before), 90 identical, 0 asm differ, 0 object-only differ	90 inputs (78 compile before), 90 identical, 0 asm differ, 0 object-only differ
321-10	a520448a2c7f3193f7d523c1e8dba53eae888011	487772f3a7d216008f09a271aeca7dd7b2e552a4	PASS=148 UNSUPPORTED=1	yes	90 inputs (54 compile before), 90 identical, 0 asm differ, 0 object-only differ	90 inputs (78 compile before), 90 identical, 0 asm differ, 0 object-only differ
321-11	9b471aa8df068e251307d1632e3dec30969eb9fe	2abe9a13ca0aa96a2b0ce4ba9e9dc19bfcd64fe4	PASS=149 UNSUPPORTED=1	yes	90 inputs (54 compile before), 90 identical, 0 asm differ, 0 object-only differ	90 inputs (78 compile before), 90 identical, 0 asm differ, 0 object-only differ
321-12	497db27604400f5961676dace699fefc5d1225bb	84debe54c9a8dd3f1589ce8f958b5ebe87f8c59e	PASS=151 UNSUPPORTED=1	yes	90 inputs (54 compile before), 74 identical, 16 asm differ, 0 object-only differ	90 inputs (78 compile before), 72 identical, 18 asm differ, 0 object-only differ
321-13	ef1fdd877206a81fa961da92b8cad45877a93be4	5d385b950627efd7dfc6120b0b1379c39d998f82	PASS=152 UNSUPPORTED=1	yes	90 inputs (54 compile before), 90 identical, 0 asm differ, 0 object-only differ	90 inputs (78 compile before), 62 identical, 28 asm differ, 0 object-only differ
321-14	a6718b6f6560a7070d518015443e188a5a65530a	15a3c8f6977335e7c8803678ee2ccb5f7e9f744d	PASS=153 UNSUPPORTED=1	yes	90 inputs (54 compile before), 90 identical, 0 asm differ, 0 object-only differ	90 inputs (79 compile before), 90 identical, 0 asm differ, 0 object-only differ
321-15	8db2e8118a70bae7913cf959498f8210802703d8	cc770fd1d7986a21e0e526288452d5b3cc5a1b13	PASS=154 UNSUPPORTED=1	yes	90 inputs (54 compile before), 90 identical, 0 asm differ, 0 object-only differ	90 inputs (79 compile before), 90 identical, 0 asm differ, 0 object-only differ
321-16	aa868b9525705f8612cd316a3e5c86d500b2bcc1	d6b87f6d2aa674b13cdb4eacccb8b9dbecd56bfe	PASS=155 UNSUPPORTED=1	yes	90 inputs (54 compile before), 90 identical, 0 asm differ, 0 object-only differ	90 inputs (79 compile before), 87 identical, 3 asm differ, 0 object-only differ
320-01	42785c3bef215c91d119b24a823375fb528ad5b9	977dba6a1e775827d63712d1620dd204ff7ba65d	PASS=161 UNSUPPORTED=1	yes	90 inputs (54 compile before), 90 identical, 0 asm differ, 0 object-only differ	90 inputs (79 compile before), 90 identical, 0 asm differ, 0 object-only differ
320-02	df00169bd7b189b19ca9e271aaa3852fe2ef624b	4bea4d3abfa61485f48dda61cade5428cffea8d1	PASS=163 UNSUPPORTED=1	yes	90 inputs (54 compile before), 85 identical, 5 asm differ, 0 object-only differ	90 inputs (79 compile before), 85 identical, 5 asm differ, 0 object-only differ
320-03	36f196cbf1126d35f260bdeccd1dc986d484b596	7f24829afc99727ff53644457d9b71b27d33287f	PASS=164 UNSUPPORTED=1	yes	90 inputs (54 compile before), 90 identical, 0 asm differ, 0 object-only differ	90 inputs (79 compile before), 90 identical, 0 asm differ, 0 object-only differ
320-04	1a616f08ea6774b220fd43e635e4edd9ae4e285f	f361927e32015977cbc5dad304262b30fa220ebb	PASS=165 UNSUPPORTED=1	yes	90 inputs (54 compile before), 90 identical, 0 asm differ, 0 object-only differ	90 inputs (79 compile before), 90 identical, 0 asm differ, 0 object-only differ
