tests/add-sub.ll	a16	0	-
tests/add-sub.ll	a16xy16	0	-
tests/callee-saved-regs.ll	a16	0	-
tests/callee-saved-regs.ll	a16xy16	0	-
tests/char-stats-norecurse.ll	a16	0	-
tests/char-stats-norecurse.ll	a16xy16	0	-
tests/char-stats.ll	a16	0	-
tests/char-stats.ll	a16xy16	0	-
tests/cmp-select.ll	a16	0	-
tests/cmp-select.ll	a16xy16	0	-
tests/coalesce-remat.ll	a16	0	-
tests/coalesce-remat.ll	a16xy16	0	-
tests/dp-pointer-arg.ll	a16	0	-
tests/dp-pointer-arg.ll	a16xy16	0	-
tests/fcmp.ll	a16	0	-
tests/fcmp.ll	a16xy16	0	-
tests/getchar-regression.ll	a16	0	-
tests/getchar-regression.ll	a16xy16	0	-
tests/hello-world.ll	a16	0	-
tests/hello-world.ll	a16xy16	0	-
tests/immediate-remat.ll	a16	0	-
tests/immediate-remat.ll	a16xy16	0	-
tests/inc-dec-6502x.ll	a16	0	-
tests/inc-dec-6502x.ll	a16xy16	0	-
tests/inc-dec-65c02.ll	a16	0	-
tests/inc-dec-65c02.ll	a16xy16	0	-
tests/inc-dec-65ce02.ll	a16	0	-
tests/inc-dec-65ce02.ll	a16xy16	0	-
tests/inc-dec.ll	a16	0	-
tests/inc-dec.ll	a16xy16	0	-
tests/indexiv.ll	a16	0	-
tests/indexiv.ll	a16xy16	0	-
tests/indvar-simplify-20230930.ll	a16	0	-
tests/indvar-simplify-20230930.ll	a16xy16	0	-
tests/inline-asm-zp-csr.ll	a16	0	-
tests/inline-asm-zp-csr.ll	a16xy16	0	-
tests/integer-compare.ll	a16	0	-
tests/integer-compare.ll	a16xy16	0	-
tests/jump-table-limit.ll	a16	0	-
tests/jump-table-limit.ll	a16xy16	0	-
tests/leaf-20231021.ll	a16	0	-
tests/leaf-20231021.ll	a16xy16	0	-
tests/light-spill.ll	a16	0	-
tests/light-spill.ll	a16xy16	0	-
tests/no-csr.ll	a16	0	-
tests/no-csr.ll	a16xy16	0	-
tests/nonreentrant-nointerrupts.ll	a16	0	-
tests/nonreentrant-nointerrupts.ll	a16xy16	0	-
tests/nonreentrant.ll	a16	0	-
tests/nonreentrant.ll	a16xy16	0	-
tests/print-int.ll	a16	0	-
tests/print-int.ll	a16xy16	0	-
tests/ret-global-addr.ll	a16	0	-
tests/ret-global-addr.ll	a16xy16	0	-
tests/scmp-ucmp.ll	a16	0	-
tests/scmp-ucmp.ll	a16xy16	0	-
tests/shift-rotate.ll	a16	0	-
tests/shift-rotate.ll	a16xy16	0	-
tests/static-stack.ll	a16	0	-
tests/static-stack.ll	a16xy16	0	-
tests/store-zero.ll	a16	0	-
tests/store-zero.ll	a16xy16	0	-
tests/trivial.ll	a16	0	-
tests/trivial.ll	a16xy16	0	-
tests/vector-scalarize.ll	a16	0	-
tests/vector-scalarize.ll	a16xy16	0	-
tests/whole-program-zp.ll	a16	0	-
tests/whole-program-zp.ll	a16xy16	0	-
tests/zeropage.ll	a16	0	-
tests/zeropage.ll	a16xy16	0	-
tests/zp-alloc-deterministic.ll	a16	0	-
tests/zp-alloc-deterministic.ll	a16xy16	0	-
tests/zp-alloc-preexisting.ll	a16	0	-
tests/zp-alloc-preexisting.ll	a16xy16	0	-
tests/zp-alloc.ll	a16	0	-
tests/zp-alloc.ll	a16xy16	0	-
corpus/examples_65816_a16abs.c.default.ll	a16	0	-
corpus/examples_65816_a16abs.c.default.ll	a16xy16	0	-
corpus/examples_65816_a16call.c.default.ll	a16	0	-
corpus/examples_65816_a16call.c.default.ll	a16xy16	0	-
corpus/examples_65816_a16copy.c.default.ll	a16	0	-
corpus/examples_65816_a16copy.c.default.ll	a16xy16	0	-
corpus/examples_65816_a16frameidx.c.default.ll	a16	0	-
corpus/examples_65816_a16frameidx.c.default.ll	a16xy16	0	-
corpus/examples_65816_a16loadcall.c.default.ll	a16	0	-
corpus/examples_65816_a16loadcall.c.default.ll	a16xy16	0	-
corpus/examples_65816_a16loopred.c.default.ll	a16	0	-
corpus/examples_65816_a16loopred.c.default.ll	a16xy16	0	-
corpus/examples_65816_a16scavnz.c.default.ll	a16	0	-
corpus/examples_65816_a16scavnz.c.default.ll	a16xy16	0	-
corpus/examples_65816_a16sunfold.c.default.ll	a16	0	-
corpus/examples_65816_a16sunfold.c.default.ll	a16xy16	0	-
corpus/examples_65816_far_fnptr.c.default.ll	a16	0	-
corpus/examples_65816_far_fnptr.c.default.ll	a16xy16	0	-
corpus/examples_65816_farbank.c.default.ll	a16	0	-
corpus/examples_65816_farbank.c.default.ll	a16xy16	0	-
corpus/examples_65816_farptrcmp-natural.c.default.ll	a16	0	-
corpus/examples_65816_farptrcmp-natural.c.default.ll	a16xy16	0	-
corpus/examples_65816_k_bits.c.default.ll	a16	0	-
corpus/examples_65816_k_bits.c.default.ll	a16xy16	0	-
corpus/examples_65816_k_mandel_far.c.default.ll	a16	0	-
corpus/examples_65816_k_mandel_far.c.default.ll	a16xy16	0	-
corpus/examples_65816_mixedwidth-probe.c.default.ll	a16	0	-
corpus/examples_65816_mixedwidth-probe.c.default.ll	a16xy16	0	-
corpus/examples_65816_xy16basic.c.default.ll	a16	0	-
corpus/examples_65816_xy16basic.c.default.ll	a16xy16	0	-
corpus/examples_snes_1d-ca.c.default.ll	a16	0	-
corpus/examples_snes_1d-ca.c.default.ll	a16xy16	0	-
corpus/examples_snes_bf-vm.c.default.ll	a16	0	-
corpus/examples_snes_bf-vm.c.default.ll	a16xy16	0	-
corpus/examples_snes_boids.c.default.ll	a16	0	-
corpus/examples_snes_boids.c.default.ll	a16xy16	0	-
corpus/examples_snes_cardioid.c.default.ll	a16	0	-
corpus/examples_snes_cardioid.c.default.ll	a16xy16	0	-
corpus/examples_snes_corpus_avalanche_sim.c.default.ll	a16	0	-
corpus/examples_snes_corpus_avalanche_sim.c.default.ll	a16xy16	0	-
corpus/examples_snes_corpus_boids_sim.c.default.ll	a16	0	-
corpus/examples_snes_corpus_boids_sim.c.default.ll	a16xy16	0	-
corpus/examples_snes_corpus_cgrade_sim.c.default.ll	a16	0	-
corpus/examples_snes_corpus_cgrade_sim.c.default.ll	a16xy16	0	-
corpus/examples_snes_corpus_critters_sim.c.default.ll	a16	0	-
corpus/examples_snes_corpus_critters_sim.c.default.ll	a16xy16	0	-
corpus/examples_snes_corpus_domcol_sim.c.default.ll	a16	0	-
corpus/examples_snes_corpus_domcol_sim.c.default.ll	a16xy16	0	-
corpus/examples_snes_corpus_fenwick_sim.c.default.ll	a16	0	-
corpus/examples_snes_corpus_fenwick_sim.c.default.ll	a16xy16	0	-
corpus/examples_snes_corpus_grid3d_sim.c.default.ll	a16	0	-
corpus/examples_snes_corpus_grid3d_sim.c.default.ll	a16xy16	0	-
corpus/examples_snes_corpus_jt256_sim.c.default.ll	a16	0	-
corpus/examples_snes_corpus_jt256_sim.c.default.ll	a16xy16	0	-
corpus/examples_snes_corpus_lzdec_sim.c.default.ll	a16	0	-
corpus/examples_snes_corpus_lzdec_sim.c.default.ll	a16xy16	0	-
corpus/examples_snes_corpus_montorbit_sim.c.default.ll	a16	0	-
corpus/examples_snes_corpus_montorbit_sim.c.default.ll	a16xy16	0	-
corpus/examples_snes_corpus_nmitally_sim.c.default.ll	a16	0	-
corpus/examples_snes_corpus_nmitally_sim.c.default.ll	a16xy16	0	-
corpus/examples_snes_corpus_perlin_sim.c.default.ll	a16	0	-
corpus/examples_snes_corpus_perlin_sim.c.default.ll	a16xy16	0	-
corpus/examples_snes_corpus_rangecode_sim.c.default.ll	a16	0	-
corpus/examples_snes_corpus_rangecode_sim.c.default.ll	a16xy16	0	-
corpus/examples_snes_corpus_satcast_sim.c.default.ll	a16	0	-
corpus/examples_snes_corpus_satcast_sim.c.default.ll	a16xy16	0	-
corpus/examples_snes_corpus_sodo_sim.c.default.ll	a16	0	-
corpus/examples_snes_corpus_sodo_sim.c.default.ll	a16xy16	0	-
corpus/examples_snes_corpus_tea_sim.c.default.ll	a16	0	-
corpus/examples_snes_corpus_tea_sim.c.default.ll	a16xy16	0	-
corpus/examples_snes_corpus_ulam_sim.c.default.ll	a16	0	-
corpus/examples_snes_corpus_ulam_sim.c.default.ll	a16xy16	0	-
corpus/examples_snes_crctex.c.default.ll	a16	0	-
corpus/examples_snes_crctex.c.default.ll	a16xy16	0	-
corpus/examples_snes_dither.c.default.ll	a16	0	-
corpus/examples_snes_dither.c.default.ll	a16xy16	0	-
corpus/examples_snes_epicycles.c.default.ll	a16	0	-
corpus/examples_snes_epicycles.c.default.ll	a16xy16	0	-
corpus/examples_snes_funnelkal.c.default.ll	a16	0	-
corpus/examples_snes_funnelkal.c.default.ll	a16xy16	0	-
corpus/examples_snes_huffman.c.default.ll	a16	0	-
corpus/examples_snes_huffman.c.default.ll	a16xy16	0	-
corpus/examples_snes_jtsparse.c.default.ll	a16	0	-
corpus/examples_snes_jtsparse.c.default.ll	a16xy16	0	-
corpus/examples_snes_lzss-gallery.c.default.ll	a16	1	error: <unknown>::: ran out of registers during register allocation in function 'record_result'
corpus/examples_snes_lzss-gallery.c.default.ll	a16xy16	1	error: <unknown>::: ran out of registers during register allocation in function 'record_result'
corpus/examples_snes_metaball.c.default.ll	a16	0	-
corpus/examples_snes_metaball.c.default.ll	a16xy16	0	-
corpus/examples_snes_mvscrl.c.default.ll	a16	0	-
corpus/examples_snes_mvscrl.c.default.ll	a16xy16	0	-
corpus/examples_snes_packrec.c.default.ll	a16	0	-
corpus/examples_snes_packrec.c.default.ll	a16xy16	0	-
corpus/examples_snes_qsortviz.c.default.ll	a16	0	-
corpus/examples_snes_qsortviz.c.default.ll	a16xy16	0	-
corpus/examples_snes_rotozoom.c.default.ll	a16	0	-
corpus/examples_snes_rotozoom.c.default.ll	a16xy16	0	-
corpus/examples_snes_shift64seam.c.default.ll	a16	0	-
corpus/examples_snes_shift64seam.c.default.ll	a16xy16	0	-
corpus/examples_snes_sodo.c.default.ll	a16	0	-
corpus/examples_snes_sodo.c.default.ll	a16xy16	0	-
corpus/examples_snes_trapguard.c.default.ll	a16	0	-
corpus/examples_snes_trapguard.c.default.ll	a16xy16	0	-
corpus/examples_snes_vaprintf.c.default.ll	a16	0	-
corpus/examples_snes_vaprintf.c.default.ll	a16xy16	0	-
