tests/add-sub.ll	a16	99	ec3ec909d00758ad	0b980cbd21cb0047
tests/add-sub.ll	a16xy16	99	ec3ec909d00758ad	0b980cbd21cb0047
tests/callee-saved-regs.ll	a16	28	8db41f1ae01586bb	4916bec189f1300d
tests/callee-saved-regs.ll	a16xy16	28	8db41f1ae01586bb	4916bec189f1300d
tests/char-stats-norecurse.ll	a16	97	f34a3770eaed9184	dd5e7c82199a8c77
tests/char-stats-norecurse.ll	a16xy16	106	495e6a8c6ec9adb2	86a3a84786b03091
tests/char-stats.ll	a16	112	8df6a19f10c99912	15fe489f02512ae6
tests/char-stats.ll	a16xy16	112	8df6a19f10c99912	15fe489f02512ae6
tests/cmp-select.ll	a16	12	a9650e80dae8da1f	d77bf02afc2f9f27
tests/cmp-select.ll	a16xy16	12	a9650e80dae8da1f	d77bf02afc2f9f27
tests/coalesce-remat.ll	a16	1077	c13de7994ef2729f	404f2b35c78a7b17
tests/coalesce-remat.ll	a16xy16	1077	c13de7994ef2729f	404f2b35c78a7b17
tests/dp-pointer-arg.ll	a16	10	017cffd510d49ae1	bd113298850d9ef4
tests/dp-pointer-arg.ll	a16xy16	10	017cffd510d49ae1	bd113298850d9ef4
tests/fcmp.ll	a16	508	5c99b243f92e5bbe	b634513c70a9d5ab
tests/fcmp.ll	a16xy16	508	5c99b243f92e5bbe	b634513c70a9d5ab
tests/getchar-regression.ll	a16	29	a40f53d89a172ff2	a69f94254e10e230
tests/getchar-regression.ll	a16xy16	29	a40f53d89a172ff2	a69f94254e10e230
tests/hello-world.ll	a16	62	888adb5cc8190b3f	88a1af5b4bd4bf75
tests/hello-world.ll	a16xy16	62	888adb5cc8190b3f	88a1af5b4bd4bf75
tests/immediate-remat.ll	a16	679	ee1e7b07c9646f20	c55cd1eb4b96b393
tests/immediate-remat.ll	a16xy16	679	ee1e7b07c9646f20	c55cd1eb4b96b393
tests/inc-dec-6502x.ll	a16	154	0d9c169e7e52dea6	245063144e1cfb3e
tests/inc-dec-6502x.ll	a16xy16	154	0d9c169e7e52dea6	245063144e1cfb3e
tests/inc-dec-65c02.ll	a16	74	ce02cf109b320ee6	adef807253fd953c
tests/inc-dec-65c02.ll	a16xy16	74	ce02cf109b320ee6	adef807253fd953c
tests/inc-dec-65ce02.ll	a16	311	1a05bd3255779e5b	1cb0067e8224397d
tests/inc-dec-65ce02.ll	a16xy16	311	1a05bd3255779e5b	1cb0067e8224397d
tests/inc-dec.ll	a16	154	c5b616c191cf1418	bb4cb4002bb5dff1
tests/inc-dec.ll	a16xy16	154	c5b616c191cf1418	bb4cb4002bb5dff1
tests/indexiv.ll	a16	16	e273deaad1673476	181f6c240bf05017
tests/indexiv.ll	a16xy16	16	e273deaad1673476	181f6c240bf05017
tests/indvar-simplify-20230930.ll	a16	209	80d52ea13e18500c	eb3006eb8549cd76
tests/indvar-simplify-20230930.ll	a16xy16	209	80d52ea13e18500c	eb3006eb8549cd76
tests/inline-asm-zp-csr.ll	a16	21	1a7e04b10336b738	a449ad9de07bba6e
tests/inline-asm-zp-csr.ll	a16xy16	21	1a7e04b10336b738	a449ad9de07bba6e
tests/integer-compare.ll	a16	260	3a732eac5a36083e	099dc96d1abcc8d9
tests/integer-compare.ll	a16xy16	260	3a732eac5a36083e	099dc96d1abcc8d9
tests/jump-table-limit.ll	a16	1830	cb421650ce49ff02	ba34b6eb0e8845b7
tests/jump-table-limit.ll	a16xy16	1830	cb421650ce49ff02	ba34b6eb0e8845b7
tests/leaf-20231021.ll	a16	13	7d17d7f8833299b4	e9cb825bcc736187
tests/leaf-20231021.ll	a16xy16	13	7d17d7f8833299b4	e9cb825bcc736187
tests/light-spill.ll	a16	69	ac5560936c59ab83	6e91e4185bf26fd3
tests/light-spill.ll	a16xy16	69	ac5560936c59ab83	6e91e4185bf26fd3
tests/no-csr.ll	a16	28	54f66831c8c9942d	60b91b8020bad104
tests/no-csr.ll	a16xy16	28	54f66831c8c9942d	60b91b8020bad104
tests/nonreentrant-nointerrupts.ll	a16	1	90ba7c0fe9dedba0	e6879558be7c8493
tests/nonreentrant-nointerrupts.ll	a16xy16	1	90ba7c0fe9dedba0	e6879558be7c8493
tests/nonreentrant.ll	a16	729	a29c7c8227f51b69	48d9ca81f48f194e
tests/nonreentrant.ll	a16xy16	729	a29c7c8227f51b69	48d9ca81f48f194e
tests/print-int.ll	a16	90	7cf60733809a7c5a	7af373b3eac7c37f
tests/print-int.ll	a16xy16	90	7cf60733809a7c5a	7af373b3eac7c37f
tests/ret-global-addr.ll	a16	6	62a1eaceb2abdcf4	c21b59f7bdb84296
tests/ret-global-addr.ll	a16xy16	6	62a1eaceb2abdcf4	c21b59f7bdb84296
tests/scmp-ucmp.ll	a16	645	f08dd14cc6e4977b	df0e5731290dbd50
tests/scmp-ucmp.ll	a16xy16	645	f08dd14cc6e4977b	df0e5731290dbd50
tests/shift-rotate.ll	a16	785	8b2ce7b72502356b	b6d1cd7968fe0e23
tests/shift-rotate.ll	a16xy16	785	8b2ce7b72502356b	b6d1cd7968fe0e23
tests/static-stack.ll	a16	394	5cccfa8fce7d32f7	87cd1e238e3812f9
tests/static-stack.ll	a16xy16	394	5cccfa8fce7d32f7	87cd1e238e3812f9
tests/store-zero.ll	a16	11	54a9082486a96059	5e9b838a40c2bd1e
tests/store-zero.ll	a16xy16	11	54a9082486a96059	5e9b838a40c2bd1e
tests/trivial.ll	a16	4	ccb38f45644e7f70	44717a4a04e63cdb
tests/trivial.ll	a16xy16	4	ccb38f45644e7f70	44717a4a04e63cdb
tests/vector-scalarize.ll	a16	fail	err	-
tests/vector-scalarize.ll	a16xy16	fail	err	-
tests/whole-program-zp.ll	a16	48	dffacee38331979f	6b99e59c09f34d9c
tests/whole-program-zp.ll	a16xy16	48	dffacee38331979f	6b99e59c09f34d9c
tests/zeropage.ll	a16	6	1d73c3e18cad631e	585cb604b1ffa03f
tests/zeropage.ll	a16xy16	6	1d73c3e18cad631e	585cb604b1ffa03f
tests/zp-alloc-deterministic.ll	a16	34	e9eb7fc00458e708	29010da3201ec98d
tests/zp-alloc-deterministic.ll	a16xy16	34	e9eb7fc00458e708	29010da3201ec98d
tests/zp-alloc-preexisting.ll	a16	131	5904d99873542053	9e136364f8e4ded1
tests/zp-alloc-preexisting.ll	a16xy16	131	5904d99873542053	9e136364f8e4ded1
tests/zp-alloc.ll	a16	482	af60082c976dad95	c71dfbf7075b1b4f
tests/zp-alloc.ll	a16xy16	482	af60082c976dad95	c71dfbf7075b1b4f
corpus/examples_65816_a16abs.c.default.ll	a16	26	e52bcb8df05b9793	9c0dae95dec6abfd
corpus/examples_65816_a16abs.c.default.ll	a16xy16	26	0a0e2b2298f606ff	a465d7b8f118f3e6
corpus/examples_65816_a16call.c.default.ll	a16	69	8e0ead04d5d69722	aa2e58c46d5c8ae6
corpus/examples_65816_a16call.c.default.ll	a16xy16	69	8e0ead04d5d69722	aa2e58c46d5c8ae6
corpus/examples_65816_a16copy.c.default.ll	a16	35	d1c305605054baa8	8a99ff362d57d774
corpus/examples_65816_a16copy.c.default.ll	a16xy16	35	d1c305605054baa8	8a99ff362d57d774
corpus/examples_65816_a16frameidx.c.default.ll	a16	219	b0e2018ebddf8d3a	064f1fe2da19cac5
corpus/examples_65816_a16frameidx.c.default.ll	a16xy16	224	b97c09dbe08a3a97	890e0599017715f0
corpus/examples_65816_a16loadcall.c.default.ll	a16	273	b42826fb721f5ffa	cae2f13f43f56b40
corpus/examples_65816_a16loadcall.c.default.ll	a16xy16	261	5028d54248c16e44	4009a5ae0cd5b2f4
corpus/examples_65816_a16loopred.c.default.ll	a16	50	3c4e6b5d0c874860	73ef108183f0eeef
corpus/examples_65816_a16loopred.c.default.ll	a16xy16	50	3c4e6b5d0c874860	73ef108183f0eeef
corpus/examples_65816_a16scavnz.c.default.ll	a16	306	6e62377ea5137aa8	b1f8ae4f65b7d689
corpus/examples_65816_a16scavnz.c.default.ll	a16xy16	309	d6eb8e0666fde427	61ee55060e1075ff
corpus/examples_65816_a16sunfold.c.default.ll	a16	72	f9d6b89c562ee323	0513945c809595f0
corpus/examples_65816_a16sunfold.c.default.ll	a16xy16	72	f9d6b89c562ee323	0513945c809595f0
corpus/examples_65816_far_fnptr.c.default.ll	a16	fail	err	-
corpus/examples_65816_far_fnptr.c.default.ll	a16xy16	fail	err	-
corpus/examples_65816_farbank.c.default.ll	a16	fail	err	-
corpus/examples_65816_farbank.c.default.ll	a16xy16	fail	err	-
corpus/examples_65816_farptrcmp-natural.c.default.ll	a16	fail	err	-
corpus/examples_65816_farptrcmp-natural.c.default.ll	a16xy16	fail	err	-
corpus/examples_65816_k_bits.c.default.ll	a16	208	2e881da370a30d21	0e9c6efeffc2c31a
corpus/examples_65816_k_bits.c.default.ll	a16xy16	208	2e881da370a30d21	0e9c6efeffc2c31a
corpus/examples_65816_k_mandel_far.c.default.ll	a16	fail	err	-
corpus/examples_65816_k_mandel_far.c.default.ll	a16xy16	fail	err	-
corpus/examples_65816_mixedwidth-probe.c.default.ll	a16	289	37f82aedc956c621	977ffd9ef543475f
corpus/examples_65816_mixedwidth-probe.c.default.ll	a16xy16	289	37f82aedc956c621	977ffd9ef543475f
corpus/examples_65816_xy16basic.c.default.ll	a16	28	95bbf0f5b02f0e8a	be124a1ebd8e30b2
corpus/examples_65816_xy16basic.c.default.ll	a16xy16	28	95bbf0f5b02f0e8a	be124a1ebd8e30b2
corpus/examples_snes_1d-ca.c.default.ll	a16	14035	cb0c486f11bf876e	6cf89fd3358765eb
corpus/examples_snes_1d-ca.c.default.ll	a16xy16	14024	01c356f2caabd81e	8f6c673bca5ab0cf
corpus/examples_snes_bf-vm.c.default.ll	a16	18026	e3d51183df9a0aab	f2ad18b8fa48b5bd
corpus/examples_snes_bf-vm.c.default.ll	a16xy16	18007	ac34d9bee93f822d	e8a5cf4430c34290
corpus/examples_snes_boids.c.default.ll	a16	19318	80f7c06db380fd12	c9685d1fa67be487
corpus/examples_snes_boids.c.default.ll	a16xy16	19250	4cf994cacac7711b	7955ffb27bbef72b
corpus/examples_snes_cardioid.c.default.ll	a16	16688	cf28f7432240f502	cf0b8632ba658b07
corpus/examples_snes_cardioid.c.default.ll	a16xy16	16584	874ac66ec7528920	e924e544e9cbd4bd
corpus/examples_snes_corpus_avalanche_sim.c.default.ll	a16	1050	14099c05752d3e90	c756c39b0c68922b
corpus/examples_snes_corpus_avalanche_sim.c.default.ll	a16xy16	1050	14099c05752d3e90	c756c39b0c68922b
corpus/examples_snes_corpus_boids_sim.c.default.ll	a16	4074	e846616b9fcb0df0	f2bec6e42c0e74b6
corpus/examples_snes_corpus_boids_sim.c.default.ll	a16xy16	4030	a9b0e0f66ef1452a	366dab8e61fcfb50
corpus/examples_snes_corpus_cgrade_sim.c.default.ll	a16	909	886f078e351107db	0edcb2135d4b5e77
corpus/examples_snes_corpus_cgrade_sim.c.default.ll	a16xy16	909	886f078e351107db	0edcb2135d4b5e77
corpus/examples_snes_corpus_critters_sim.c.default.ll	a16	640	a48c260c2c2d2946	da03f37d763afee4
corpus/examples_snes_corpus_critters_sim.c.default.ll	a16xy16	635	3be9d3b5e0941bf0	f1f4e7df079a69c7
corpus/examples_snes_corpus_domcol_sim.c.default.ll	a16	1815	020df234faba088f	ee6d5b6db4cad13a
corpus/examples_snes_corpus_domcol_sim.c.default.ll	a16xy16	1815	020df234faba088f	ee6d5b6db4cad13a
corpus/examples_snes_corpus_fenwick_sim.c.default.ll	a16	667	8bcaa1b607dc4d5e	ea07f3f8d20b783a
corpus/examples_snes_corpus_fenwick_sim.c.default.ll	a16xy16	638	3f37d39eb6f9660d	d02417ade5bf9d0f
corpus/examples_snes_corpus_grid3d_sim.c.default.ll	a16	1387	0c2a7e80057b2e10	114e955897b2a6a6
corpus/examples_snes_corpus_grid3d_sim.c.default.ll	a16xy16	1387	0c2a7e80057b2e10	114e955897b2a6a6
corpus/examples_snes_corpus_jt256_sim.c.default.ll	a16	7299	2aa583e5ba2eee7d	b9620112dc59326a
corpus/examples_snes_corpus_jt256_sim.c.default.ll	a16xy16	7971	1384b7b15d87c337	91fcb692e31b6db6
corpus/examples_snes_corpus_lzdec_sim.c.default.ll	a16	713	239be7b29a72e3db	a2793376107c4f04
corpus/examples_snes_corpus_lzdec_sim.c.default.ll	a16xy16	631	29e0f4907de0cb09	01ab3182db597ddd
corpus/examples_snes_corpus_montorbit_sim.c.default.ll	a16	364	ebf61e8b6e0d9055	62d8df97ea31d79f
corpus/examples_snes_corpus_montorbit_sim.c.default.ll	a16xy16	364	ebf61e8b6e0d9055	62d8df97ea31d79f
corpus/examples_snes_corpus_nmitally_sim.c.default.ll	a16	650	844d0c1939584757	053f40a469b7631f
corpus/examples_snes_corpus_nmitally_sim.c.default.ll	a16xy16	650	844d0c1939584757	053f40a469b7631f
corpus/examples_snes_corpus_perlin_sim.c.default.ll	a16	fail	err	-
corpus/examples_snes_corpus_perlin_sim.c.default.ll	a16xy16	fail	err	-
corpus/examples_snes_corpus_rangecode_sim.c.default.ll	a16	fail	err	-
corpus/examples_snes_corpus_rangecode_sim.c.default.ll	a16xy16	fail	err	-
corpus/examples_snes_corpus_satcast_sim.c.default.ll	a16	fail	err	-
corpus/examples_snes_corpus_satcast_sim.c.default.ll	a16xy16	fail	err	-
corpus/examples_snes_corpus_sodo_sim.c.default.ll	a16	418	2a84edc72d9b712c	776b7074ac2430ba
corpus/examples_snes_corpus_sodo_sim.c.default.ll	a16xy16	418	2a84edc72d9b712c	776b7074ac2430ba
corpus/examples_snes_corpus_tea_sim.c.default.ll	a16	786	e5cba258a207914a	c8393c4d6e8f45b1
corpus/examples_snes_corpus_tea_sim.c.default.ll	a16xy16	786	e5cba258a207914a	c8393c4d6e8f45b1
corpus/examples_snes_corpus_ulam_sim.c.default.ll	a16	404	cccc23bb463a11ce	f5849e7070614ae8
corpus/examples_snes_corpus_ulam_sim.c.default.ll	a16xy16	361	7bd498f3d5af4369	2c76895b9364b286
corpus/examples_snes_crctex.c.default.ll	a16	16167	ccfd284eed111455	b0e38c98635a5034
corpus/examples_snes_crctex.c.default.ll	a16xy16	15992	f10e21620fcd4731	b816d93779d5690b
corpus/examples_snes_dither.c.default.ll	a16	16583	3f5855f1115d8754	4abc13769315f109
corpus/examples_snes_dither.c.default.ll	a16xy16	16614	dc93202bdcf46844	066a1bf86d65d479
corpus/examples_snes_epicycles.c.default.ll	a16	20520	1f60e673ab308426	3ff75b8bc0170619
corpus/examples_snes_epicycles.c.default.ll	a16xy16	fail	err	-
corpus/examples_snes_funnelkal.c.default.ll	a16	16510	92e0740da02b0c21	623a2322bab8626f
corpus/examples_snes_funnelkal.c.default.ll	a16xy16	16496	b87b9f7aea697a4a	76a21ad271575069
corpus/examples_snes_huffman.c.default.ll	a16	15539	96b7c3f3c9ae0e00	df2fd387f5ac5bf4
corpus/examples_snes_huffman.c.default.ll	a16xy16	15517	1663b7a7c0e2640a	0b8b5a9d8c2cf9d2
corpus/examples_snes_jtsparse.c.default.ll	a16	18468	72bbddb0e8d8422d	71a023b9d5decb5a
corpus/examples_snes_jtsparse.c.default.ll	a16xy16	18441	7fb62abe64d0fdaf	cd894f31a00b5942
corpus/examples_snes_lzss-gallery.c.default.ll	a16	fail	err	-
corpus/examples_snes_lzss-gallery.c.default.ll	a16xy16	fail	err	-
corpus/examples_snes_metaball.c.default.ll	a16	15686	415a530446e8d58d	a0b2222e83cf014e
corpus/examples_snes_metaball.c.default.ll	a16xy16	15666	c82884379da2e09b	fdc3abb427a258f2
corpus/examples_snes_mvscrl.c.default.ll	a16	16916	c22d0dd790fd8a7b	04a1554fedaf0d56
corpus/examples_snes_mvscrl.c.default.ll	a16xy16	16856	dffbfc0952784678	12596d346b633c3a
corpus/examples_snes_packrec.c.default.ll	a16	17817	3f0340a22ac57d2b	8b9bcebbb5950f28
corpus/examples_snes_packrec.c.default.ll	a16xy16	17441	1ea3df8695cdf137	62fee02ec0c73d91
corpus/examples_snes_qsortviz.c.default.ll	a16	17303	832a06f62ee3d1ce	911c2a048c8520db
corpus/examples_snes_qsortviz.c.default.ll	a16xy16	17264	67347e20148fafe3	1312370ecd2322f4
corpus/examples_snes_rotozoom.c.default.ll	a16	fail	err	-
corpus/examples_snes_rotozoom.c.default.ll	a16xy16	fail	err	-
corpus/examples_snes_shift64seam.c.default.ll	a16	16215	76d4920596ab9150	642bb32fdaca8b27
corpus/examples_snes_shift64seam.c.default.ll	a16xy16	16195	afe8ea494be07950	737a6955f48b5635
corpus/examples_snes_sodo.c.default.ll	a16	14995	52d6a07f370841b9	e89933e8ee2c7c9a
corpus/examples_snes_sodo.c.default.ll	a16xy16	14829	87579037a4b2cab9	ecc81de18ce4613a
corpus/examples_snes_trapguard.c.default.ll	a16	fail	err	-
corpus/examples_snes_trapguard.c.default.ll	a16xy16	fail	err	-
corpus/examples_snes_vaprintf.c.default.ll	a16	18158	5b86adc488b58543	7569275d47b3c5be
corpus/examples_snes_vaprintf.c.default.ll	a16xy16	18106	47e17cefaca20d68	8ea04b6bafa55368
