tests/add-sub.ll	a16	99	a38b2a0021e40348	b5ae2ef6c7ecb674
tests/add-sub.ll	a16xy16	99	a38b2a0021e40348	b5ae2ef6c7ecb674
tests/callee-saved-regs.ll	a16	28	59c66db75616e0c3	8199e7d84c413205
tests/callee-saved-regs.ll	a16xy16	28	59c66db75616e0c3	8199e7d84c413205
tests/char-stats-norecurse.ll	a16	97	c835ef00e6efa844	dc007321331e1dee
tests/char-stats-norecurse.ll	a16xy16	96	d3855820f6cbee4a	e7f73ebcef35ba28
tests/char-stats.ll	a16	100	ee39940d88279585	40ba54c48630bb45
tests/char-stats.ll	a16xy16	100	ee39940d88279585	40ba54c48630bb45
tests/cmp-select.ll	a16	12	a9650e80dae8da1f	d77bf02afc2f9f27
tests/cmp-select.ll	a16xy16	12	a9650e80dae8da1f	d77bf02afc2f9f27
tests/coalesce-remat.ll	a16	1077	c13de7994ef2729f	404f2b35c78a7b17
tests/coalesce-remat.ll	a16xy16	1077	c13de7994ef2729f	404f2b35c78a7b17
tests/dp-pointer-arg.ll	a16	10	017cffd510d49ae1	bd113298850d9ef4
tests/dp-pointer-arg.ll	a16xy16	10	017cffd510d49ae1	bd113298850d9ef4
tests/fcmp.ll	a16	508	61cfa05515d546fa	6e386f74abfbb234
tests/fcmp.ll	a16xy16	508	61cfa05515d546fa	6e386f74abfbb234
tests/getchar-regression.ll	a16	35	602b7df436a7d32a	0af44ef6cb3da279
tests/getchar-regression.ll	a16xy16	35	602b7df436a7d32a	0af44ef6cb3da279
tests/hello-world.ll	a16	62	750ecd3bc51472cc	39bf63812d7d346f
tests/hello-world.ll	a16xy16	62	750ecd3bc51472cc	39bf63812d7d346f
tests/immediate-remat.ll	a16	679	b8bb8ff61d6d2b5f	bb44e5468077a3ba
tests/immediate-remat.ll	a16xy16	679	b8bb8ff61d6d2b5f	bb44e5468077a3ba
tests/inc-dec-6502x.ll	a16	154	6e295c8770523051	ec8e3070b284db56
tests/inc-dec-6502x.ll	a16xy16	154	6e295c8770523051	ec8e3070b284db56
tests/inc-dec-65c02.ll	a16	74	478033256243d224	11aa65618b411052
tests/inc-dec-65c02.ll	a16xy16	74	478033256243d224	11aa65618b411052
tests/inc-dec-65ce02.ll	a16	311	f8598c77b66c35fb	6969c6c3c821d407
tests/inc-dec-65ce02.ll	a16xy16	311	f8598c77b66c35fb	6969c6c3c821d407
tests/inc-dec.ll	a16	154	804acc8703a61a38	3d78ef1d3948d13a
tests/inc-dec.ll	a16xy16	154	804acc8703a61a38	3d78ef1d3948d13a
tests/indexiv.ll	a16	16	28e1888aff3e1ba1	b36196cc36f5eb70
tests/indexiv.ll	a16xy16	16	28e1888aff3e1ba1	b36196cc36f5eb70
tests/indvar-simplify-20230930.ll	a16	209	80d52ea13e18500c	eb3006eb8549cd76
tests/indvar-simplify-20230930.ll	a16xy16	209	80d52ea13e18500c	eb3006eb8549cd76
tests/inline-asm-zp-csr.ll	a16	21	1a7e04b10336b738	a449ad9de07bba6e
tests/inline-asm-zp-csr.ll	a16xy16	21	1a7e04b10336b738	a449ad9de07bba6e
tests/integer-compare.ll	a16	260	3a732eac5a36083e	099dc96d1abcc8d9
tests/integer-compare.ll	a16xy16	260	3a732eac5a36083e	099dc96d1abcc8d9
tests/jump-table-limit.ll	a16	1830	e4a703951acb7f09	95b5628914016564
tests/jump-table-limit.ll	a16xy16	1830	e4a703951acb7f09	95b5628914016564
tests/leaf-20231021.ll	a16	13	201e7a92604f829e	8ef700b5b6b7c411
tests/leaf-20231021.ll	a16xy16	13	201e7a92604f829e	8ef700b5b6b7c411
tests/light-spill.ll	a16	69	ac5560936c59ab83	6e91e4185bf26fd3
tests/light-spill.ll	a16xy16	69	ac5560936c59ab83	6e91e4185bf26fd3
tests/no-csr.ll	a16	28	54f66831c8c9942d	60b91b8020bad104
tests/no-csr.ll	a16xy16	28	54f66831c8c9942d	60b91b8020bad104
tests/nonreentrant-nointerrupts.ll	a16	1	90ba7c0fe9dedba0	e6879558be7c8493
tests/nonreentrant-nointerrupts.ll	a16xy16	1	90ba7c0fe9dedba0	e6879558be7c8493
tests/nonreentrant.ll	a16	729	a29c7c8227f51b69	48d9ca81f48f194e
tests/nonreentrant.ll	a16xy16	729	a29c7c8227f51b69	48d9ca81f48f194e
tests/print-int.ll	a16	90	7cf60733809a7c5a	7af373b3eac7c37f
tests/print-int.ll	a16xy16	90	7cf60733809a7c5a	7af373b3eac7c37f
tests/ret-global-addr.ll	a16	6	62a1eaceb2abdcf4	c21b59f7bdb84296
tests/ret-global-addr.ll	a16xy16	6	62a1eaceb2abdcf4	c21b59f7bdb84296
tests/scmp-ucmp.ll	a16	645	a9b28e3d54618fc3	2b6a64cb420e636d
tests/scmp-ucmp.ll	a16xy16	645	a9b28e3d54618fc3	2b6a64cb420e636d
tests/shift-rotate.ll	a16	794	05f846ef3d34aa08	e2988bc4f6941d44
tests/shift-rotate.ll	a16xy16	794	05f846ef3d34aa08	e2988bc4f6941d44
tests/static-stack.ll	a16	394	5cccfa8fce7d32f7	87cd1e238e3812f9
tests/static-stack.ll	a16xy16	394	5cccfa8fce7d32f7	87cd1e238e3812f9
tests/store-zero.ll	a16	11	54a9082486a96059	5e9b838a40c2bd1e
tests/store-zero.ll	a16xy16	11	54a9082486a96059	5e9b838a40c2bd1e
tests/trivial.ll	a16	4	dd3cf9531dc1a8be	720cb02ae53a32be
tests/trivial.ll	a16xy16	4	dd3cf9531dc1a8be	720cb02ae53a32be
tests/vector-scalarize.ll	a16	fail	err	-
tests/vector-scalarize.ll	a16xy16	fail	err	-
tests/whole-program-zp.ll	a16	48	dffacee38331979f	6b99e59c09f34d9c
tests/whole-program-zp.ll	a16xy16	48	dffacee38331979f	6b99e59c09f34d9c
tests/zeropage.ll	a16	6	1d73c3e18cad631e	585cb604b1ffa03f
tests/zeropage.ll	a16xy16	6	1d73c3e18cad631e	585cb604b1ffa03f
tests/zp-alloc-deterministic.ll	a16	34	e9eb7fc00458e708	29010da3201ec98d
tests/zp-alloc-deterministic.ll	a16xy16	34	e9eb7fc00458e708	29010da3201ec98d
tests/zp-alloc-preexisting.ll	a16	131	654f5d8f7057319b	6d2f1d85f66fcad7
tests/zp-alloc-preexisting.ll	a16xy16	131	654f5d8f7057319b	6d2f1d85f66fcad7
tests/zp-alloc.ll	a16	482	b01ad1246565acfe	4f200a6a7a9457d1
tests/zp-alloc.ll	a16xy16	482	b01ad1246565acfe	4f200a6a7a9457d1
corpus/examples_65816_a16abs.c.default.ll	a16	26	e52bcb8df05b9793	9c0dae95dec6abfd
corpus/examples_65816_a16abs.c.default.ll	a16xy16	26	0a0e2b2298f606ff	a465d7b8f118f3e6
corpus/examples_65816_a16call.c.default.ll	a16	69	920b655214e45d0a	bd4eb0211d9783b2
corpus/examples_65816_a16call.c.default.ll	a16xy16	69	920b655214e45d0a	bd4eb0211d9783b2
corpus/examples_65816_a16copy.c.default.ll	a16	35	d1c305605054baa8	8a99ff362d57d774
corpus/examples_65816_a16copy.c.default.ll	a16xy16	35	d1c305605054baa8	8a99ff362d57d774
corpus/examples_65816_a16frameidx.c.default.ll	a16	219	b0e2018ebddf8d3a	064f1fe2da19cac5
corpus/examples_65816_a16frameidx.c.default.ll	a16xy16	224	b97c09dbe08a3a97	890e0599017715f0
corpus/examples_65816_a16loadcall.c.default.ll	a16	273	7fd1cf97bed158a1	8077b2de52f1dbf8
corpus/examples_65816_a16loadcall.c.default.ll	a16xy16	261	14fba814dcfc26c0	5d3ee9075155c79b
corpus/examples_65816_a16loopred.c.default.ll	a16	50	3c4e6b5d0c874860	73ef108183f0eeef
corpus/examples_65816_a16loopred.c.default.ll	a16xy16	50	3c4e6b5d0c874860	73ef108183f0eeef
corpus/examples_65816_a16scavnz.c.default.ll	a16	305	3cf3fe3998317842	123d57cf512f0bea
corpus/examples_65816_a16scavnz.c.default.ll	a16xy16	308	afb9988617caa17e	86697dd1a7eda939
corpus/examples_65816_a16sunfold.c.default.ll	a16	72	f9d6b89c562ee323	0513945c809595f0
corpus/examples_65816_a16sunfold.c.default.ll	a16xy16	72	f9d6b89c562ee323	0513945c809595f0
corpus/examples_65816_far_fnptr.c.default.ll	a16	fail	err	-
corpus/examples_65816_far_fnptr.c.default.ll	a16xy16	fail	err	-
corpus/examples_65816_farbank.c.default.ll	a16	fail	err	-
corpus/examples_65816_farbank.c.default.ll	a16xy16	fail	err	-
corpus/examples_65816_farptrcmp-natural.c.default.ll	a16	fail	err	-
corpus/examples_65816_farptrcmp-natural.c.default.ll	a16xy16	fail	err	-
corpus/examples_65816_k_bits.c.default.ll	a16	163	13b296773bd3f552	624a94b764a391a6
corpus/examples_65816_k_bits.c.default.ll	a16xy16	163	13b296773bd3f552	624a94b764a391a6
corpus/examples_65816_k_mandel_far.c.default.ll	a16	fail	err	-
corpus/examples_65816_k_mandel_far.c.default.ll	a16xy16	fail	err	-
corpus/examples_65816_mixedwidth-probe.c.default.ll	a16	289	610fd7b356d69b11	b74f5b4b1a0e3a4e
corpus/examples_65816_mixedwidth-probe.c.default.ll	a16xy16	289	610fd7b356d69b11	b74f5b4b1a0e3a4e
corpus/examples_65816_xy16basic.c.default.ll	a16	28	95bbf0f5b02f0e8a	be124a1ebd8e30b2
corpus/examples_65816_xy16basic.c.default.ll	a16xy16	28	95bbf0f5b02f0e8a	be124a1ebd8e30b2
corpus/examples_snes_1d-ca.c.default.ll	a16	13658	8b8637a92d28276d	46c279a00233dda0
corpus/examples_snes_1d-ca.c.default.ll	a16xy16	13643	513dba90da4face5	b35004f37c4aff6a
corpus/examples_snes_bf-vm.c.default.ll	a16	17524	63ad425fec101e6b	dfb478a6ddc17ea7
corpus/examples_snes_bf-vm.c.default.ll	a16xy16	17317	4b003ecdbd1d20fd	cc2102b546eb2f09
corpus/examples_snes_boids.c.default.ll	a16	18463	eb7d8758026816f6	a21993039aa13905
corpus/examples_snes_boids.c.default.ll	a16xy16	18447	ea95923c53ec14a2	d26eabe77d02e53f
corpus/examples_snes_cardioid.c.default.ll	a16	16070	ee9aa6aba9fedc59	7ab85d63db2257d6
corpus/examples_snes_cardioid.c.default.ll	a16xy16	16014	204723c30ef4bf2a	6d3eddf47ec9b969
corpus/examples_snes_corpus_avalanche_sim.c.default.ll	a16	1048	329651932413d98d	e4c922bdef609cc4
corpus/examples_snes_corpus_avalanche_sim.c.default.ll	a16xy16	1048	329651932413d98d	e4c922bdef609cc4
corpus/examples_snes_corpus_boids_sim.c.default.ll	a16	3917	17f64945235122ce	b65703ae6ea14346
corpus/examples_snes_corpus_boids_sim.c.default.ll	a16xy16	3891	a587710e69ec7d89	e7f5fe6710ad0c62
corpus/examples_snes_corpus_cgrade_sim.c.default.ll	a16	874	064bd605f196251f	7fbb0136c0ecd383
corpus/examples_snes_corpus_cgrade_sim.c.default.ll	a16xy16	874	064bd605f196251f	7fbb0136c0ecd383
corpus/examples_snes_corpus_critters_sim.c.default.ll	a16	574	b515e42457e4a0f6	ad549a3473168d67
corpus/examples_snes_corpus_critters_sim.c.default.ll	a16xy16	569	9fa961eaddde57de	dff2e4b9fd59b739
corpus/examples_snes_corpus_domcol_sim.c.default.ll	a16	fail	err	-
corpus/examples_snes_corpus_domcol_sim.c.default.ll	a16xy16	fail	err	-
corpus/examples_snes_corpus_fenwick_sim.c.default.ll	a16	611	be1081a2a440ad3e	51197e0131066424
corpus/examples_snes_corpus_fenwick_sim.c.default.ll	a16xy16	601	4cf29640dc6e92b1	5e04da8c07af1f51
corpus/examples_snes_corpus_grid3d_sim.c.default.ll	a16	1222	4ef3840bc712e773	3c1941e6dc7655e9
corpus/examples_snes_corpus_grid3d_sim.c.default.ll	a16xy16	1222	4ef3840bc712e773	3c1941e6dc7655e9
corpus/examples_snes_corpus_jt256_sim.c.default.ll	a16	7066	d9a8a8eea6040e14	5274c0d5de92713d
corpus/examples_snes_corpus_jt256_sim.c.default.ll	a16xy16	7753	9d9ccb3c4f003e51	38360041c82b7595
corpus/examples_snes_corpus_lzdec_sim.c.default.ll	a16	672	5805a5f5e192b61a	1aaa715f1c1e9c27
corpus/examples_snes_corpus_lzdec_sim.c.default.ll	a16xy16	626	cda5c86d02a02f6b	f0aa9c03417deb34
corpus/examples_snes_corpus_montorbit_sim.c.default.ll	a16	334	41a59b33b0e54d8d	97f3c38a20269b66
corpus/examples_snes_corpus_montorbit_sim.c.default.ll	a16xy16	334	41a59b33b0e54d8d	97f3c38a20269b66
corpus/examples_snes_corpus_nmitally_sim.c.default.ll	a16	630	dbfd126de5891cba	bc4fbe3ac75a3165
corpus/examples_snes_corpus_nmitally_sim.c.default.ll	a16xy16	630	dbfd126de5891cba	bc4fbe3ac75a3165
corpus/examples_snes_corpus_perlin_sim.c.default.ll	a16	fail	err	-
corpus/examples_snes_corpus_perlin_sim.c.default.ll	a16xy16	fail	err	-
corpus/examples_snes_corpus_rangecode_sim.c.default.ll	a16	793	5d2628cdd8086fd3	c0d14ed0f78f9719
corpus/examples_snes_corpus_rangecode_sim.c.default.ll	a16xy16	793	5d2628cdd8086fd3	c0d14ed0f78f9719
corpus/examples_snes_corpus_satcast_sim.c.default.ll	a16	fail	err	-
corpus/examples_snes_corpus_satcast_sim.c.default.ll	a16xy16	fail	err	-
corpus/examples_snes_corpus_sodo_sim.c.default.ll	a16	358	adee1c715c67762f	3d9b8469e08f1513
corpus/examples_snes_corpus_sodo_sim.c.default.ll	a16xy16	358	adee1c715c67762f	3d9b8469e08f1513
corpus/examples_snes_corpus_tea_sim.c.default.ll	a16	768	c8790428e98853c5	5b758e438d263df3
corpus/examples_snes_corpus_tea_sim.c.default.ll	a16xy16	768	c8790428e98853c5	5b758e438d263df3
corpus/examples_snes_corpus_ulam_sim.c.default.ll	a16	369	e9cb1745de93c0d8	b9eb2c0e3d0ae65c
corpus/examples_snes_corpus_ulam_sim.c.default.ll	a16xy16	345	6431327240ba79c6	36bf57ca0316a327
corpus/examples_snes_crctex.c.default.ll	a16	15454	0fabd0a015a8ca71	8d383caade3b07af
corpus/examples_snes_crctex.c.default.ll	a16xy16	15430	64ffa72f463d972d	79c87d75d4030e90
corpus/examples_snes_dither.c.default.ll	a16	15926	134e3f4ff4b110e2	0cf38cf8edf37d6e
corpus/examples_snes_dither.c.default.ll	a16xy16	16010	3e2ba5ce9485b9df	2f9ca979d1402902
corpus/examples_snes_epicycles.c.default.ll	a16	19784	61b7fdf6f5a6a856	b9564d62e99ecbf3
corpus/examples_snes_epicycles.c.default.ll	a16xy16	fail	err	-
corpus/examples_snes_funnelkal.c.default.ll	a16	15826	13b6afa24ec3c86c	93b36e130af308eb
corpus/examples_snes_funnelkal.c.default.ll	a16xy16	15809	697ec032263f67dd	c65d7ea12c0b4b00
corpus/examples_snes_huffman.c.default.ll	a16	14923	a0028ed3fb77f3f3	9ad27e41e33fec47
corpus/examples_snes_huffman.c.default.ll	a16xy16	14900	3745192975b341a8	8185b1be66b2afd1
corpus/examples_snes_jtsparse.c.default.ll	a16	17804	1211216638e87730	4a14a6aecb6c6c9e
corpus/examples_snes_jtsparse.c.default.ll	a16xy16	17770	2b77f76676497b17	bb324dc5a5d228c9
corpus/examples_snes_lzss-gallery.c.default.ll	a16	fail	err	-
corpus/examples_snes_lzss-gallery.c.default.ll	a16xy16	fail	err	-
corpus/examples_snes_metaball.c.default.ll	a16	15163	1b37933d5dac2654	671f795b252c1008
corpus/examples_snes_metaball.c.default.ll	a16xy16	15140	30fd99f79bcc36ca	bb73d85751842b50
corpus/examples_snes_mvscrl.c.default.ll	a16	16171	b58ad210d4f05f66	543fa6ed4a0ebc95
corpus/examples_snes_mvscrl.c.default.ll	a16xy16	16109	f54cc15e17cc2dc2	786be609a7bfd7cb
corpus/examples_snes_packrec.c.default.ll	a16	17105	19487e8c0a18ff00	ec6d9e96dcc4adc4
corpus/examples_snes_packrec.c.default.ll	a16xy16	16826	3ae98644c1ea5405	3f481ee386001801
corpus/examples_snes_qsortviz.c.default.ll	a16	16495	75f42c2a71dd6b07	7a8b0d7c90fe4353
corpus/examples_snes_qsortviz.c.default.ll	a16xy16	16460	f68d14bb7b873488	3b0b44396e5ed9bd
corpus/examples_snes_rotozoom.c.default.ll	a16	fail	err	-
corpus/examples_snes_rotozoom.c.default.ll	a16xy16	fail	err	-
corpus/examples_snes_shift64seam.c.default.ll	a16	15696	67f5cf09e2ba6c99	72600dd3bfb72af9
corpus/examples_snes_shift64seam.c.default.ll	a16xy16	15673	d3f6f580ea557e1b	8877cb63b90f0e92
corpus/examples_snes_sodo.c.default.ll	a16	14258	8b5d224145d39f86	9601b23dae26fb80
corpus/examples_snes_sodo.c.default.ll	a16xy16	14199	8f5268368f2b5bd6	3f90d748f1f1ae31
corpus/examples_snes_trapguard.c.default.ll	a16	fail	err	-
corpus/examples_snes_trapguard.c.default.ll	a16xy16	fail	err	-
corpus/examples_snes_vaprintf.c.default.ll	a16	17473	68b7582bd63c4172	ef0edd8fd52f5e62
corpus/examples_snes_vaprintf.c.default.ll	a16xy16	17432	4e1054bd0f7018a2	206c837e388372a6
