tests/add-sub.ll	a16	0	23facc093b5bdbd7	0	90c77d0aa514a82e
tests/add-sub.ll	a16xy16	0	23facc093b5bdbd7	0	90c77d0aa514a82e
tests/callee-saved-regs.ll	a16	0	8db41f1ae01586bb	0	4f9f6041aafbb68b
tests/callee-saved-regs.ll	a16xy16	0	8db41f1ae01586bb	0	4f9f6041aafbb68b
tests/char-stats-norecurse.ll	a16	0	70ccfe51722b5232	0	caa0f1c538046330
tests/char-stats-norecurse.ll	a16xy16	0	70ccfe51722b5232	0	caa0f1c538046330
tests/char-stats.ll	a16	0	a2a8bed4f0031cd5	0	36cac9e2c89bf263
tests/char-stats.ll	a16xy16	0	a2a8bed4f0031cd5	0	36cac9e2c89bf263
tests/cmp-select.ll	a16	0	a9650e80dae8da1f	0	8fff124fccfa96a8
tests/cmp-select.ll	a16xy16	0	a9650e80dae8da1f	0	8fff124fccfa96a8
tests/coalesce-remat.ll	a16	0	4141e6e7f93d69d8	0	b8553095b90fc31e
tests/coalesce-remat.ll	a16xy16	0	4141e6e7f93d69d8	0	b8553095b90fc31e
tests/dp-pointer-arg.ll	a16	0	017cffd510d49ae1	0	bd113298850d9ef4
tests/dp-pointer-arg.ll	a16xy16	0	017cffd510d49ae1	0	bd113298850d9ef4
tests/fcmp.ll	a16	0	5c99b243f92e5bbe	0	1a54f75e3d1cd6c5
tests/fcmp.ll	a16xy16	0	5c99b243f92e5bbe	0	1a54f75e3d1cd6c5
tests/getchar-regression.ll	a16	0	a40f53d89a172ff2	0	a69f94254e10e230
tests/getchar-regression.ll	a16xy16	0	a40f53d89a172ff2	0	a69f94254e10e230
tests/hello-world.ll	a16	0	25df4e7f99937e0d	0	38713a7b9d6d963b
tests/hello-world.ll	a16xy16	0	25df4e7f99937e0d	0	38713a7b9d6d963b
tests/immediate-remat.ll	a16	0	ee1e7b07c9646f20	0	af0f0c1edc5ebf48
tests/immediate-remat.ll	a16xy16	0	ee1e7b07c9646f20	0	af0f0c1edc5ebf48
tests/inc-dec-6502x.ll	a16	0	9cb8b618b544084d	0	415ad9e3ca51e5ed
tests/inc-dec-6502x.ll	a16xy16	0	9cb8b618b544084d	0	415ad9e3ca51e5ed
tests/inc-dec-65c02.ll	a16	0	e5022014ac0139c5	0	e35985fb3c57c74a
tests/inc-dec-65c02.ll	a16xy16	0	e5022014ac0139c5	0	e35985fb3c57c74a
tests/inc-dec-65ce02.ll	a16	0	49d7db6576b0635e	0	7e5fd038a2f5f7ed
tests/inc-dec-65ce02.ll	a16xy16	0	49d7db6576b0635e	0	7e5fd038a2f5f7ed
tests/inc-dec.ll	a16	0	d55e74aec1c6f17f	0	010fa476963718de
tests/inc-dec.ll	a16xy16	0	d55e74aec1c6f17f	0	010fa476963718de
tests/indexiv.ll	a16	0	e273deaad1673476	0	181f6c240bf05017
tests/indexiv.ll	a16xy16	0	e273deaad1673476	0	181f6c240bf05017
tests/indvar-simplify-20230930.ll	a16	0	75abeffebf815ab1	0	08f775d1175dc0da
tests/indvar-simplify-20230930.ll	a16xy16	0	75abeffebf815ab1	0	08f775d1175dc0da
tests/inline-asm-zp-csr.ll	a16	0	1a7e04b10336b738	0	2926c9fcd7275f26
tests/inline-asm-zp-csr.ll	a16xy16	0	1a7e04b10336b738	0	2926c9fcd7275f26
tests/integer-compare.ll	a16	0	b7390a1bf833ad6f	0	374c1dcb5ca1c589
tests/integer-compare.ll	a16xy16	0	b7390a1bf833ad6f	0	374c1dcb5ca1c589
tests/jump-table-limit.ll	a16	0	1374a33190c4e460	0	eeb8e794fea23fc3
tests/jump-table-limit.ll	a16xy16	0	1374a33190c4e460	0	eeb8e794fea23fc3
tests/leaf-20231021.ll	a16	0	7d17d7f8833299b4	0	e9cb825bcc736187
tests/leaf-20231021.ll	a16xy16	0	7d17d7f8833299b4	0	e9cb825bcc736187
tests/light-spill.ll	a16	0	bc1e597509384061	0	0b1530e4a96b7c37
tests/light-spill.ll	a16xy16	0	bc1e597509384061	0	0b1530e4a96b7c37
tests/no-csr.ll	a16	0	54f66831c8c9942d	0	1be50cb9d7356c3b
tests/no-csr.ll	a16xy16	0	54f66831c8c9942d	0	1be50cb9d7356c3b
tests/nonreentrant-nointerrupts.ll	a16	0	90ba7c0fe9dedba0	0	e6879558be7c8493
tests/nonreentrant-nointerrupts.ll	a16xy16	0	90ba7c0fe9dedba0	0	e6879558be7c8493
tests/nonreentrant.ll	a16	0	c4cb5fd7b6129790	0	040ae8a6bda6c18b
tests/nonreentrant.ll	a16xy16	0	c4cb5fd7b6129790	0	040ae8a6bda6c18b
tests/print-int.ll	a16	0	7cf60733809a7c5a	0	dd2aa8c8e13bf7ae
tests/print-int.ll	a16xy16	0	7cf60733809a7c5a	0	dd2aa8c8e13bf7ae
tests/ret-global-addr.ll	a16	0	62a1eaceb2abdcf4	0	c21b59f7bdb84296
tests/ret-global-addr.ll	a16xy16	0	62a1eaceb2abdcf4	0	c21b59f7bdb84296
tests/scmp-ucmp.ll	a16	0	222d76cfc02720a8	0	5d2297fb7104b34e
tests/scmp-ucmp.ll	a16xy16	0	222d76cfc02720a8	0	5d2297fb7104b34e
tests/shift-rotate.ll	a16	0	3dffaa085ea351ea	0	241c0e205618133b
tests/shift-rotate.ll	a16xy16	0	3dffaa085ea351ea	0	241c0e205618133b
tests/static-stack.ll	a16	0	a794a206e8768fc1	0	57b7612bc4edf46f
tests/static-stack.ll	a16xy16	0	a794a206e8768fc1	0	57b7612bc4edf46f
tests/store-zero.ll	a16	0	54a9082486a96059	0	5e9b838a40c2bd1e
tests/store-zero.ll	a16xy16	0	54a9082486a96059	0	5e9b838a40c2bd1e
tests/trivial.ll	a16	0	ccb38f45644e7f70	0	44717a4a04e63cdb
tests/trivial.ll	a16xy16	0	ccb38f45644e7f70	0	44717a4a04e63cdb
tests/vector-scalarize.ll	a16	0	fd2f9c8dfc291964	0	da96c87092ccb4cc
tests/vector-scalarize.ll	a16xy16	0	fd2f9c8dfc291964	0	da96c87092ccb4cc
tests/whole-program-zp.ll	a16	0	537f4c10196a623d	0	9c6542d4afa403b2
tests/whole-program-zp.ll	a16xy16	0	537f4c10196a623d	0	9c6542d4afa403b2
tests/zeropage.ll	a16	0	1d73c3e18cad631e	0	585cb604b1ffa03f
tests/zeropage.ll	a16xy16	0	1d73c3e18cad631e	0	585cb604b1ffa03f
tests/zp-alloc-deterministic.ll	a16	0	e9eb7fc00458e708	0	615ca856cb2d9dd0
tests/zp-alloc-deterministic.ll	a16xy16	0	e9eb7fc00458e708	0	615ca856cb2d9dd0
tests/zp-alloc-preexisting.ll	a16	0	5904d99873542053	0	bca97b862c686c55
tests/zp-alloc-preexisting.ll	a16xy16	0	5904d99873542053	0	bca97b862c686c55
tests/zp-alloc.ll	a16	0	8b62db651eea7730	0	44430e3fb04a97e2
tests/zp-alloc.ll	a16xy16	0	8b62db651eea7730	0	44430e3fb04a97e2
corpus/examples_65816_a16abs.c.default.ll	a16	0	ce7c200ad2b6e6bb	0	009ba387c1bfee33
corpus/examples_65816_a16abs.c.default.ll	a16xy16	0	ce7c200ad2b6e6bb	0	009ba387c1bfee33
corpus/examples_65816_a16call.c.default.ll	a16	0	e228b168a168e975	0	277cdff9b1a0f64d
corpus/examples_65816_a16call.c.default.ll	a16xy16	0	e228b168a168e975	0	277cdff9b1a0f64d
corpus/examples_65816_a16copy.c.default.ll	a16	0	e10ee750fc3bbca0	0	4b2ec63acfbb3fac
corpus/examples_65816_a16copy.c.default.ll	a16xy16	0	e10ee750fc3bbca0	0	4b2ec63acfbb3fac
corpus/examples_65816_a16frameidx.c.default.ll	a16	0	3d71b3d0b4905d7c	0	85f190726d73f96f
corpus/examples_65816_a16frameidx.c.default.ll	a16xy16	0	3d71b3d0b4905d7c	0	85f190726d73f96f
corpus/examples_65816_a16loadcall.c.default.ll	a16	0	16f7afad338a408c	0	1d083833df1ea10a
corpus/examples_65816_a16loadcall.c.default.ll	a16xy16	0	16f7afad338a408c	0	1d083833df1ea10a
corpus/examples_65816_a16loopred.c.default.ll	a16	0	34fb44fc6c1be15d	0	ecb53dfff7e1fbd9
corpus/examples_65816_a16loopred.c.default.ll	a16xy16	0	34fb44fc6c1be15d	0	ecb53dfff7e1fbd9
corpus/examples_65816_a16scavnz.c.default.ll	a16	0	ecb05bb4474fbaeb	0	f53218004ea2a0f9
corpus/examples_65816_a16scavnz.c.default.ll	a16xy16	0	ecb05bb4474fbaeb	0	f53218004ea2a0f9
corpus/examples_65816_a16sunfold.c.default.ll	a16	0	24654c716b78bab6	0	b125ddc461980931
corpus/examples_65816_a16sunfold.c.default.ll	a16xy16	0	24654c716b78bab6	0	b125ddc461980931
corpus/examples_65816_far_fnptr.c.default.ll	a16	1	err:87ee7c28706c	1	-
corpus/examples_65816_far_fnptr.c.default.ll	a16xy16	1	err:87ee7c28706c	1	-
corpus/examples_65816_farbank.c.default.ll	a16	1	err:834b48ff702a	1	-
corpus/examples_65816_farbank.c.default.ll	a16xy16	1	err:834b48ff702a	1	-
corpus/examples_65816_farptrcmp-natural.c.default.ll	a16	1	err:e8bb696526f7	1	-
corpus/examples_65816_farptrcmp-natural.c.default.ll	a16xy16	1	err:e8bb696526f7	1	-
corpus/examples_65816_k_bits.c.default.ll	a16	0	83c0315b12304ec7	0	6941d1b77aa82208
corpus/examples_65816_k_bits.c.default.ll	a16xy16	0	83c0315b12304ec7	0	6941d1b77aa82208
corpus/examples_65816_k_mandel_far.c.default.ll	a16	1	err:001098381168	1	-
corpus/examples_65816_k_mandel_far.c.default.ll	a16xy16	1	err:001098381168	1	-
corpus/examples_65816_mixedwidth-probe.c.default.ll	a16	0	5f231f464a0c7942	0	b6b7eaf415b9405b
corpus/examples_65816_mixedwidth-probe.c.default.ll	a16xy16	0	5f231f464a0c7942	0	b6b7eaf415b9405b
corpus/examples_65816_xy16basic.c.default.ll	a16	0	789dbbebcb3c80e2	0	a4a02c6160fb2c5c
corpus/examples_65816_xy16basic.c.default.ll	a16xy16	0	789dbbebcb3c80e2	0	a4a02c6160fb2c5c
corpus/examples_snes_1d-ca.c.default.ll	a16	0	e722775f364cc38b	0	72701d8cfdf8d7dc
corpus/examples_snes_1d-ca.c.default.ll	a16xy16	0	e722775f364cc38b	0	72701d8cfdf8d7dc
corpus/examples_snes_bf-vm.c.default.ll	a16	0	8e7ec8a3a8fc79c1	0	a1aef622a2e4ee1f
corpus/examples_snes_bf-vm.c.default.ll	a16xy16	0	8e7ec8a3a8fc79c1	0	a1aef622a2e4ee1f
corpus/examples_snes_boids.c.default.ll	a16	0	33a4dfcf0869e725	0	c8fd66e5c1534efb
corpus/examples_snes_boids.c.default.ll	a16xy16	0	33a4dfcf0869e725	0	c8fd66e5c1534efb
corpus/examples_snes_cardioid.c.default.ll	a16	0	712cd7362a45a6b2	0	02530c4063f0aecc
corpus/examples_snes_cardioid.c.default.ll	a16xy16	0	712cd7362a45a6b2	0	02530c4063f0aecc
corpus/examples_snes_corpus_avalanche_sim.c.default.ll	a16	0	d55e8e4b954b4529	0	0eab15d76bdc1c8e
corpus/examples_snes_corpus_avalanche_sim.c.default.ll	a16xy16	0	d55e8e4b954b4529	0	0eab15d76bdc1c8e
corpus/examples_snes_corpus_boids_sim.c.default.ll	a16	0	172c73cfca2605ae	0	0b2a7cf1ed95119c
corpus/examples_snes_corpus_boids_sim.c.default.ll	a16xy16	0	172c73cfca2605ae	0	0b2a7cf1ed95119c
corpus/examples_snes_corpus_cgrade_sim.c.default.ll	a16	0	f8a79f76c5cdbd42	0	6387a33e2b0c1e71
corpus/examples_snes_corpus_cgrade_sim.c.default.ll	a16xy16	0	f8a79f76c5cdbd42	0	6387a33e2b0c1e71
corpus/examples_snes_corpus_critters_sim.c.default.ll	a16	0	3d555d2ea794b284	0	4364a51ce36c2521
corpus/examples_snes_corpus_critters_sim.c.default.ll	a16xy16	0	3d555d2ea794b284	0	4364a51ce36c2521
corpus/examples_snes_corpus_domcol_sim.c.default.ll	a16	134	err:ceadc743c1c3	134	-
corpus/examples_snes_corpus_domcol_sim.c.default.ll	a16xy16	134	err:ceadc743c1c3	134	-
corpus/examples_snes_corpus_fenwick_sim.c.default.ll	a16	0	8f644c17eeb1e816	0	f5bd700830e7e6d6
corpus/examples_snes_corpus_fenwick_sim.c.default.ll	a16xy16	0	8f644c17eeb1e816	0	f5bd700830e7e6d6
corpus/examples_snes_corpus_grid3d_sim.c.default.ll	a16	0	dae2dff6952f15fd	0	5956ea7f0c7abcba
corpus/examples_snes_corpus_grid3d_sim.c.default.ll	a16xy16	0	dae2dff6952f15fd	0	5956ea7f0c7abcba
corpus/examples_snes_corpus_jt256_sim.c.default.ll	a16	0	112fb333c012e3bb	0	7bc91683f303de95
corpus/examples_snes_corpus_jt256_sim.c.default.ll	a16xy16	0	112fb333c012e3bb	0	7bc91683f303de95
corpus/examples_snes_corpus_lzdec_sim.c.default.ll	a16	0	e6f68e496fbb4bb3	0	688a08f07b482a18
corpus/examples_snes_corpus_lzdec_sim.c.default.ll	a16xy16	0	e6f68e496fbb4bb3	0	688a08f07b482a18
corpus/examples_snes_corpus_montorbit_sim.c.default.ll	a16	0	1c65f2b66d5bd83d	0	64d38483e3f9c95c
corpus/examples_snes_corpus_montorbit_sim.c.default.ll	a16xy16	0	1c65f2b66d5bd83d	0	64d38483e3f9c95c
corpus/examples_snes_corpus_nmitally_sim.c.default.ll	a16	0	56db1b01f0d6f4ab	0	9e934606fa3b0ee2
corpus/examples_snes_corpus_nmitally_sim.c.default.ll	a16xy16	0	56db1b01f0d6f4ab	0	9e934606fa3b0ee2
corpus/examples_snes_corpus_perlin_sim.c.default.ll	a16	134	err:ceadc743c1c3	134	-
corpus/examples_snes_corpus_perlin_sim.c.default.ll	a16xy16	134	err:ceadc743c1c3	134	-
corpus/examples_snes_corpus_rangecode_sim.c.default.ll	a16	0	10a829a8a8a1b3ff	0	907053a3defaad81
corpus/examples_snes_corpus_rangecode_sim.c.default.ll	a16xy16	0	10a829a8a8a1b3ff	0	907053a3defaad81
corpus/examples_snes_corpus_satcast_sim.c.default.ll	a16	134	err:ceadc743c1c3	134	-
corpus/examples_snes_corpus_satcast_sim.c.default.ll	a16xy16	134	err:ceadc743c1c3	134	-
corpus/examples_snes_corpus_sodo_sim.c.default.ll	a16	0	b761903be062d9e1	0	659f180eb1c63689
corpus/examples_snes_corpus_sodo_sim.c.default.ll	a16xy16	0	b761903be062d9e1	0	659f180eb1c63689
corpus/examples_snes_corpus_tea_sim.c.default.ll	a16	0	adfb7d6288c3e060	0	9b3cfb37a0a43b96
corpus/examples_snes_corpus_tea_sim.c.default.ll	a16xy16	0	adfb7d6288c3e060	0	9b3cfb37a0a43b96
corpus/examples_snes_corpus_ulam_sim.c.default.ll	a16	0	bddc97838d41d5cb	0	78c98e1fe22a34d6
corpus/examples_snes_corpus_ulam_sim.c.default.ll	a16xy16	0	bddc97838d41d5cb	0	78c98e1fe22a34d6
corpus/examples_snes_crctex.c.default.ll	a16	0	ad8e688592cf63a5	0	70cc0ec97a0660a4
corpus/examples_snes_crctex.c.default.ll	a16xy16	0	ad8e688592cf63a5	0	70cc0ec97a0660a4
corpus/examples_snes_dither.c.default.ll	a16	0	0e72c124fa7cbdd6	0	d368f2843c3123ee
corpus/examples_snes_dither.c.default.ll	a16xy16	0	0e72c124fa7cbdd6	0	d368f2843c3123ee
corpus/examples_snes_epicycles.c.default.ll	a16	0	3e52a4056e877f45	0	63a2721fc37de270
corpus/examples_snes_epicycles.c.default.ll	a16xy16	0	3e52a4056e877f45	0	63a2721fc37de270
corpus/examples_snes_funnelkal.c.default.ll	a16	0	342c4f7c4664efa9	0	a895ae219620bacf
corpus/examples_snes_funnelkal.c.default.ll	a16xy16	0	342c4f7c4664efa9	0	a895ae219620bacf
corpus/examples_snes_huffman.c.default.ll	a16	0	11d57256d08ba768	0	e7bd1475e66fc5cb
corpus/examples_snes_huffman.c.default.ll	a16xy16	0	11d57256d08ba768	0	e7bd1475e66fc5cb
corpus/examples_snes_jtsparse.c.default.ll	a16	134	err:ceadc743c1c3	134	-
corpus/examples_snes_jtsparse.c.default.ll	a16xy16	134	err:ceadc743c1c3	134	-
corpus/examples_snes_lzss-gallery.c.default.ll	a16	1	err:faab5bcc80ce	1	-
corpus/examples_snes_lzss-gallery.c.default.ll	a16xy16	1	err:faab5bcc80ce	1	-
corpus/examples_snes_metaball.c.default.ll	a16	0	ab4c3bbbb8cf8aaa	0	585925cda1591a01
corpus/examples_snes_metaball.c.default.ll	a16xy16	0	ab4c3bbbb8cf8aaa	0	585925cda1591a01
corpus/examples_snes_mvscrl.c.default.ll	a16	0	653a2db515f53f7a	0	309205d81cbebb06
corpus/examples_snes_mvscrl.c.default.ll	a16xy16	0	653a2db515f53f7a	0	309205d81cbebb06
corpus/examples_snes_packrec.c.default.ll	a16	0	cbd5ad60e8da3f85	0	40c5c32ae234a249
corpus/examples_snes_packrec.c.default.ll	a16xy16	0	cbd5ad60e8da3f85	0	40c5c32ae234a249
corpus/examples_snes_qsortviz.c.default.ll	a16	0	15a10d672ba7921d	0	b5bf60e51946e5bb
corpus/examples_snes_qsortviz.c.default.ll	a16xy16	0	15a10d672ba7921d	0	b5bf60e51946e5bb
corpus/examples_snes_rotozoom.c.default.ll	a16	134	err:ceadc743c1c3	134	-
corpus/examples_snes_rotozoom.c.default.ll	a16xy16	134	err:ceadc743c1c3	134	-
corpus/examples_snes_shift64seam.c.default.ll	a16	0	bb881fb79bcae250	0	452dc36ea964c0df
corpus/examples_snes_shift64seam.c.default.ll	a16xy16	0	bb881fb79bcae250	0	452dc36ea964c0df
corpus/examples_snes_sodo.c.default.ll	a16	134	err:ceadc743c1c3	134	-
corpus/examples_snes_sodo.c.default.ll	a16xy16	134	err:ceadc743c1c3	134	-
corpus/examples_snes_trapguard.c.default.ll	a16	134	err:a786edeedc60	134	-
corpus/examples_snes_trapguard.c.default.ll	a16xy16	134	err:a786edeedc60	134	-
corpus/examples_snes_vaprintf.c.default.ll	a16	0	ef01924555cf09eb	0	eb1984acdd3cb149
corpus/examples_snes_vaprintf.c.default.ll	a16xy16	0	ef01924555cf09eb	0	eb1984acdd3cb149
