r4-320-1a1	f63ae2a066a8	f63ae2a066a8	same-tree
r4-320-1a2	7f6f05729e9d	7f6f05729e9d	same-tree
r4-320-1a3	9a27d86d5d9f	9a27d86d5d9f	same-tree
r4-320-1b	e6c21234cf71	878468d8bebb	same-tree
r4-320-1c	f67405dcd613	9d476f439c4f	same-tree
r4-320-1d	74716c83aaa5	9c2ebdf83982	same-tree
r4-320-2	e8868a661d64	df2318f4252a	same-tree
r4-320-3	c76e76796010	bb4b87e95175	same-tree
r4-320-4	5c9d37bb0d34	a0e244102ff9	same-tree
r4-fw-9	f6e96d4a7900	75a97a9a99df	same-tree
r4-fw-5	90f5b52d5903	ae450c905cf5	same-tree
r4-fw-6	6b1ae4e5bbc1	e02e641a88b0	same-tree
r4-fw-7	6606356d3b4b	04e256ce7a44	same-tree
r4-fw-8	c7fd49dd005f	8c3546e8a19e	same-tree
r4-fw-11	fbfa748a4a7d	c0314e963996	same-tree
r4-fw-12	095f027f6e02	e6c8abdfb85c	same-tree
r4-fw-13	948b1ad9e9dd	76ac1749a228	same-tree
r4-fw-14	4a9a6e4c28a6	00b68e60d18d	same-tree
